"status_id","created_at","user_id","screen_name","text","source","reply_to_status_id","reply_to_user_id","reply_to_screen_name","is_quote","is_retweet","favorite_count","retweet_count","hashtags","symbols","urls_url","urls_t.co","urls_expanded_url","media_url","media_t.co","media_expanded_url","media_type","ext_media_url","ext_media_t.co","ext_media_expanded_url","ext_media_type","mentions_user_id","mentions_screen_name","lang","quoted_status_id","quoted_text","retweet_status_id","retweet_text","place_url","place_name","place_full_name","place_type","country","country_code","geo_coords","coords_coords","bbox_coords","favorited_by"
"x979809101789134849",2018-03-30 19:54:28,"x4800056770","Marcelo12875025","@alvarodias_ Os cidadãos de bem te pedem que junte mais políticos decentes no congresso e repercutam mais essas palavras.","Twitter for Android","x979740574902300674","x73745956","alvarodias_",FALSE,FALSE,1,0,,,,,,,,,,,,,,"x73745956","alvarodias_","pt",,,,,,,,,,,,,,"alvarodias_"
"x979086825070432259",2018-03-28 20:04:24,"x511113412","miriamdelpomo","@alvarodias_ Mas não é isso mesmo que eles querem para o País, quanto pior, melhor !!! E são tão poderosos assim que ""ninguém "" pode impedir essa afronta ??!!!","Twitter for iPhone","x979081800466272261","x73745956","alvarodias_",FALSE,FALSE,2,1,,,,,,,,,,,,,,"x73745956","alvarodias_","pt",,,,,,,,,,,,,,"alvarodias_"
"x979086623844466688",2018-03-28 20:03:36,"x2742148321","julioclassic","@alvarodias_ Só que alguns ministros do STF, estão rasgando algumas páginas da constituição, para beneficiar alguns de seus padrinhos corrupto, ladrão.","Twitter Lite","x979085430686650370","x73745956","alvarodias_",FALSE,FALSE,2,0,,,,,,,,,,,,,,"x73745956","alvarodias_","pt",,,,,,,,,,,,,,"alvarodias_"
"x979086387675848705",2018-03-28 20:02:40,"x916393671288799239","Cristina6060600","Verdade https://t.co/B9bM51qdWI","Twitter for Android",,,,TRUE,FALSE,15,1,,,"twitter.com/alvarodias_/st…","https://t.co/B9bM51qdWI","https://twitter.com/alvarodias_/status/979086196755390465",,,,,,,,,,,"pt","x979086196755390465","Enquanto não acabarmos com o foro privilegiado, estaremos permitindo que autoridades de colarinho branco permaneçam impunes, já que as ações não são julgadas e prescrevem. Enquanto não acabarmos com esse maldito foro privilegiado, não poderemos inaugurar uma nova justiça no País.",,,,,,,,,,,,"alvarodias_"
"x979086038864982017",2018-03-28 20:01:16,"x970734708953878530","Oliveir2018","@alvarodias_ “O MECANISMO”","Twitter for iPhone","x979085430686650370","x73745956","alvarodias_",FALSE,FALSE,1,0,,,,,,,,,,,,,,"x73745956","alvarodias_","pt",,,,,,,,,,,,,,"alvarodias_"
"x979084167991451648",2018-03-28 19:53:50,"x926242587391995904","avjvilla","@alvarodias_ Ta na cara que vai acontecer isso.","Twitter for iPhone","x979081800466272261","x73745956","alvarodias_",FALSE,FALSE,1,0,,,,,,,,,,,,,,"x73745956","alvarodias_","pt",,,,,,,,,,,,,,"alvarodias_"
"x979083224839348225",2018-03-28 19:50:05,"x152029082","elianapinna","@alvarodias_ Todos os bandidos soltos e eles indo para Europa despreocupadamente .","Twitter for iPhone","x979081800466272261","x73745956","alvarodias_",FALSE,FALSE,4,1,,,,,,,,,,,,,,"x73745956","alvarodias_","es",,,,,,,,,,,,,,"alvarodias_"
"x979082454832238594",2018-03-28 19:47:02,"x908105295020380161","PriscilaSo3","@alvarodias_ O golpe de toga está sendo executado.","Twitter for Android","x979081800466272261","x73745956","alvarodias_",FALSE,FALSE,3,1,,,,,,,,,,,,,,"x73745956","alvarodias_","pt",,,,,,,,,,,,,,"alvarodias_"
"x979073416899768320",2018-03-28 19:11:07,"x493464006","rickwagner7","@Jornalivre_BR @_emiliamartins_ Já há 2 PECs no Senado s/esse assunto, uma do Sen Ricardo Ferraço e outra mais abrangente do Sen @alvarodias_ Pré Candidato a Presidente pelo Podemos19. Ambas estão paradas a quase um ano. Qquer outra PEC nesse sentido,protocolada após entrevista do Juiz Sérgio Moro é oportunismo","Twitter for Android","x979014418150449153","x801769645351043073","Jornalivre_BR",FALSE,FALSE,1,0,,,,,,,,,,,,,,"x801769645351043073 2862721732 73745956","Jornalivre_BR _emiliamartins_ alvarodias_","pt",,,,,,,,,,,,,,"alvarodias_"
"x979073355088265216",2018-03-28 19:10:52,"x953612813687312384","DrAndre_PSD","@alvarodias_ @AlvaroDias2018 Praça lotada esperando o Santo... sqn https://t.co/MlyPF0Fajd","Twitter for iPhone","x978645758122643456","x73745956","alvarodias_",FALSE,FALSE,2,1,,,,,,"http://pbs.twimg.com/media/DZZeAXxWAAIUA6Y.jpg","https://t.co/MlyPF0Fajd","https://twitter.com/DrAndre_PSD/status/979073355088265216/photo/1","photo","http://pbs.twimg.com/media/DZZeAXxWAAIUA6Y.jpg","https://t.co/MlyPF0Fajd","https://twitter.com/DrAndre_PSD/status/979073355088265216/photo/1",,"x73745956 1335150697","alvarodias_ AlvaroDias2018","pt",,,,,,,,,,,,,,"alvarodias_"
"x979064482466009094",2018-03-28 18:35:37,"x191833161","marciosun","@alvarodias_  @jairbolsonaro  @merval_merval @realsardenberg @MiriamLeitaoCom https://t.co/0HK3lDTlSu","Twitter for iPhone",,"x73745956","alvarodias_",FALSE,FALSE,2,0,,,,,,"http://pbs.twimg.com/media/DZZV9RzW0AAJk50.jpg","https://t.co/0HK3lDTlSu","https://twitter.com/marciosun/status/979064482466009094/photo/1","photo","http://pbs.twimg.com/media/DZZV9RzW0AAJk50.jpg","https://t.co/0HK3lDTlSu","https://twitter.com/marciosun/status/979064482466009094/photo/1",,"x73745956 128372940 2213086311 180474276 16814640","alvarodias_ jairbolsonaro merval_merval realsardenberg MiriamLeitaoCom","und",,,,,,,,,,,,,,"alvarodias_"
"x979063576924250113",2018-03-28 18:32:01,"x110461373","KABORGONOVI","@alvarodias_ Senador nos diga quem são esses 3 senadores q retiraram o nome. Muito importante.","Twitter for iPhone","x979062338283241472","x73745956","alvarodias_",FALSE,FALSE,1,0,,,,,,,,,,,,,,"x73745956","alvarodias_","pt",,,,,,,,,,,,,,"alvarodias_"
"x979063444317011970",2018-03-28 18:31:29,"x1358375492","ale_soaresh","@niobe_coelho @alvarodias_ Tem que divulgar os nomes, não basta só isso","Twitter for Android","x979063204830687233","x827010348393852930","niobe_coelho",FALSE,FALSE,2,0,,,,,,,,,,,,,,"x827010348393852930 73745956","niobe_coelho alvarodias_","pt",,,,,,,,,,,,,,"alvarodias_"
"x979063204830687233",2018-03-28 18:30:32,"x827010348393852930","niobe_coelho","@alvarodias_ Divulgue os nomes!
Temos que saber quem são!","Twitter for Android","x979062338283241472","x73745956","alvarodias_",FALSE,FALSE,5,1,,,,,,,,,,,,,,"x73745956","alvarodias_","pt",,,,,,,,,,,,,,"alvarodias_"
"x979043036922564608",2018-03-28 17:10:24,"x972462380","MPrescinoti","@juditesara @MagnoMalta @alvarodias_ @joseserra_ @anaamelialemos @SimoneTebetms @JoseMedeirosMT @RicardoFerraco @SenadoFederal Pois é. ""Pela Organização dos Poderes é responsabilidade do Senado Federal processar e julgar, entre outras autoridades, os ministros do Supremo Tribunal Federal"" by @MagnoMalta Precisa sair do discurso e partir p ação. https://t.co/MnM0KQVtbG","Twitter Web Client","x979040037139599360","x283667729","juditesara",FALSE,FALSE,2,0,,,"magnomalta.com","https://t.co/MnM0KQVtbG","http://magnomalta.com/",,,,,,,,,"x283667729 1892161033 73745956 34996429 121601881 2508415207 157226645 29434532 40095953 1892161033","juditesara MagnoMalta alvarodias_ joseserra_ anaamelialemos SimoneTebetms JoseMedeirosMT RicardoFerraco SenadoFederal MagnoMalta","pt",,,,,,,,,,,,,,"alvarodias_"
"x978990019367944192",2018-03-28 13:39:44,"x171906148","kevenlennox","@alvarodias_ Netflix, assim vai se tornando um poderoso aliado dos brasileiros!!!
Parabéns ao PT pelo excelente trabalho de marketing, pelo menos algo de bom vocês fizeram em 2018!!!","Twitter for iPhone","x978975178410643459","x73745956","alvarodias_",FALSE,FALSE,4,0,,,,,,,,,,,,,,"x73745956","alvarodias_","pt",,,,,,,,,,,,,,"alvarodias_"
"x978989833358950400",2018-03-28 13:38:59,"x978691036053737472","carlos_walde","@alvarodias_ Mas com certeza.","Twitter for Android","x978986874684321794","x73745956","alvarodias_",FALSE,FALSE,2,0,,,,,,,,,,,,,,"x73745956","alvarodias_","pt",,,,,,,,,,,,,,"alvarodias_"
"x978988841938948097",2018-03-28 13:35:03,"x776051950232014848","TraderTG","@fcotelo @alvarodias_ Trabalhando e ganhando salario minimo. Estampando placas, costurando bolas, trancando redes, quebrando pedras, tapando buraco nas rodovias, carpindo data...","TweetDeck","x978987354793836544","x39332320","fcotelo",FALSE,FALSE,1,0,,,,,,,,,,,,,,"x39332320 73745956","fcotelo alvarodias_","pt",,,,,,,,,,,,,,"alvarodias_"
"x978988689836597248",2018-03-28 13:34:27,"x1076619972","JDepresbiteris","@alvarodias_ Concordo e mais todo bandido que tirar a vida de um cidadão de bem tem que fazer a família pagar indenização pelos anos de vida que a vítima teria probabilidade de viver. As famílias de criminosos não são vítimas e sim parceiros do crime.","Twitter Lite","x978986874684321794","x73745956","alvarodias_",FALSE,FALSE,2,0,,,,,,,,,,,,,,"x73745956","alvarodias_","pt",,,,,,,,,,,,,,"alvarodias_"
"x978988627655929858",2018-03-28 13:34:12,"x2742148321","julioclassic","@alvarodias_ Com certeza, temos que colocar os presidiários para trabalhar.","Twitter Lite","x978986874684321794","x73745956","alvarodias_",FALSE,FALSE,2,0,,,,,,,,,,,,,,"x73745956","alvarodias_","pt",,,,,,,,,,,,,,"alvarodias_"
"x978988254358790146",2018-03-28 13:32:43,"x819919656","PaivaNM","@alvarodias_ Completamente. Os apenados deveriam trabalhar para cobrir os custos que a população tem com sua manutenção, incluindo o auxilio dado aos filhos.","Twitter Web Client","x978986874684321794","x73745956","alvarodias_",FALSE,FALSE,1,0,,,,,,,,,,,,,,"x73745956","alvarodias_","pt",,,,,,,,,,,,,,"alvarodias_"
"x978988208854679553",2018-03-28 13:32:32,"x178114077","hiunes22","@alvarodias_ Sou favorável que o presos sejam OBRIGADOS a trabalharem para custear as suas despesas na prisão.","Twitter for iPhone","x978986874684321794","x73745956","alvarodias_",FALSE,FALSE,1,0,,,,,,,,,,,,,,"x73745956","alvarodias_","pt",,,,,,,,,,,,,,"alvarodias_"
"x978987896689455107",2018-03-28 13:31:17,"x2684665667","KuniyoshiMaria","@alvarodias_ @Carvalho_AIR Para onde vai esse país senador? Chega de inpunidade.","Twitter for iPad","x978784266879455238","x73745956","alvarodias_",FALSE,FALSE,1,0,,,,,,,,,,,,,,"x73745956 570965293","alvarodias_ Carvalho_AIR","pt",,,,,,,,,,,,,,"alvarodias_"
"x978987849272909824",2018-03-28 13:31:06,"x89270085","Eduguimaraes_","@alvarodias_ Presos por corrupção. Concordo sim","Twitter for iPhone","x978986874684321794","x73745956","alvarodias_",FALSE,FALSE,1,0,,,,,,,,,,,,,,"x73745956","alvarodias_","pt",,,,,,,,,,,,,,"alvarodias_"
"x978719917603262465",2018-03-27 19:46:26,"x25516497","Leoclara","@alvarodias_ Concordo com vc!!","Twitter for Android","x978717920552538112","x73745956","alvarodias_",FALSE,FALSE,1,0,,,,,,,,,,,,,,"x73745956","alvarodias_","pt",,,,,,,,,,,,,,"alvarodias_"
"x978717124834332677",2018-03-27 19:35:20,"x110461373","KABORGONOVI","@tjrpereira @alvarodias_ @edmilsonpapo10 Mas foi o q o juiz Sérgio Moro disse ontem. Nós estamos com a faca e queijo na mão. As eleições estão ai. Votar em deputados e senadores q assinarem um compromisso conosco de votar a favor desta emenda, e não deixar quem é contra se reeleger de jeito nenhum. É nossa uma chance.","Twitter for iPhone","x978705373464027137","x4483378769","tjrpereira",FALSE,FALSE,2,1,,,,,,,,,,,,,,"x4483378769 73745956 160020766","tjrpereira alvarodias_ edmilsonpapo10","pt",,,,,,,,,,,,,,"alvarodias_"
"x978717108858245120",2018-03-27 19:35:17,"x717747458424578048","jacenildo1976","@alvarodias_ Desse jeito senador","Twitter for Android","x978643825072726016","x73745956","alvarodias_",FALSE,FALSE,1,0,,,,,,,,,,,,,,"x73745956","alvarodias_","pt",,,,,,,,,,,,,,"alvarodias_"
"x978707257260236800",2018-03-27 18:56:08,"x35135484","luisflaviooo","@alvarodias_ Mais dia 3 vamos pra rua fazer todos estes projetos ir pra frente https://t.co/EbM8AulYBn","Twitter Lite","x978691212654891009","x73745956","alvarodias_",FALSE,FALSE,2,0,,,,,,"http://pbs.twimg.com/media/DZURCYPXUAE23HH.jpg","https://t.co/EbM8AulYBn","https://twitter.com/luisflaviooo/status/978707257260236800/photo/1","photo","http://pbs.twimg.com/media/DZURCYPXUAE23HH.jpg","https://t.co/EbM8AulYBn","https://twitter.com/luisflaviooo/status/978707257260236800/photo/1",,"x73745956","alvarodias_","pt",,,,,,,,,,,,,,"alvarodias_"
"x978706566462439424",2018-03-27 18:53:23,"x35135484","luisflaviooo","@alvarodias_ Até agora não votaram a redução da maioridade penal inclusive com mudança no texto pra reduzir pra 15 anos de idade como está em sua PEC","Twitter Lite","x978691212654891009","x73745956","alvarodias_",FALSE,FALSE,2,0,,,,,,,,,,,,,,"x73745956","alvarodias_","pt",,,,,,,,,,,,,,"alvarodias_"
"x978698878563311616",2018-03-27 18:22:50,"x557373318","irenematosfelix","@alvarodias_ Senador, a sua PEC é perfeita, mas não é ainda lei e nunca será com este congresso de corruptos","Twitter Web Client","x978691212654891009","x73745956","alvarodias_",FALSE,FALSE,1,0,,,,,,,,,,,,,,"x73745956","alvarodias_","pt",,,,,"https://api.twitter.com/1.1/geo/id/51bf596b82275cad.json","Pelotas","Pelotas, Brasil","city","Brazil","BR",,,"-52.6123335 -52.0554569 -52.0554569 -52.6123335 -31.800911 -31.800911 -31.3218666 -31.3218666","alvarodias_"
"x978697583555239937",2018-03-27 18:17:41,"x1031304108","SILVIARODIM","@alvarodias_ Deveria andar, né  Senador? Aliás  ..deixar q o STF faça o papel de legislar tá  dando no q tá  dando.  Acreditem somente lulistas querem essa doideira no País. os demais, me parece, querem viver sobre a referência do que é  justo.","Twitter for Android","x978691212654891009","x73745956","alvarodias_",FALSE,FALSE,3,0,,,,,,,,,,,,,,"x73745956","alvarodias_","pt",,,,,"https://api.twitter.com/1.1/geo/id/6921f63daeee899a.json","Saquarema","Saquarema, Brasil","city","Brazil","BR",,,"-42.681126 -42.368096 -42.368096 -42.681126 -22.940607 -22.940607 -22.804081 -22.804081","alvarodias_"
"x978691969525395456",2018-03-27 17:55:23,"x67791839","paololibano","A pré-candidatura do Senador @alvarodias_  à Presidência cresce em todo Brasil. https://t.co/eEQtCC8V34","Twitter for Android",,,,FALSE,FALSE,75,10,,,,,,"http://pbs.twimg.com/media/DZUDH93XcAAwbZw.jpg","https://t.co/eEQtCC8V34","https://twitter.com/paololibano/status/978691969525395456/photo/1","photo","http://pbs.twimg.com/media/DZUDH93XcAAwbZw.jpg http://pbs.twimg.com/media/DZUDIYMXcAAC0C5.jpg http://pbs.twimg.com/media/DZUDJgOW4AAeKO6.jpg","https://t.co/eEQtCC8V34 https://t.co/eEQtCC8V34 https://t.co/eEQtCC8V34","https://twitter.com/paololibano/status/978691969525395456/photo/1 https://twitter.com/paololibano/status/978691969525395456/photo/1 https://twitter.com/paololibano/status/978691969525395456/photo/1",,"x73745956","alvarodias_","pt",,,,,,,,,,,,,,"alvarodias_"
"x978690030444130304",2018-03-27 17:47:41,"x80959301","filipebd","O @SenadoFederal deveria agilizar isso. Mas claro que nunca será pautado, não é interesse deles https://t.co/zq2kD06ldw","Twitter for iPhone",,,,TRUE,FALSE,9,0,,,"twitter.com/alvarodias_/st…","https://t.co/zq2kD06ldw","https://twitter.com/alvarodias_/status/978643825072726016",,,,,,,,,"x40095953","SenadoFederal","pt","x978643825072726016","Desde o ano passado que já está na Mesa do Senado a minha PEC que insere na Constituição a prisão após condenação em segunda instância, mas parece que não há interesse em fazer o projeto andar, até porque um terço dos senadores são investigados na Lava Jato.",,,,,,,,,,,,"alvarodias_"
"x978689721755951104",2018-03-27 17:46:27,"x869554730292449280","VagnerJack","@alvarodias_ STF para liberar lula...quer mudar oque ja sacramentou... UMA VERGONHA!
Coloca estes MINISTROS NO HALL da vergonha e atraso do Brasil.","Twitter Web Client","x978644503732146177","x73745956","alvarodias_",FALSE,FALSE,1,0,,,,,,,,,,,,,,"x73745956","alvarodias_","pt",,,,,,,,,,,,,,"alvarodias_"
"x978689073140436993",2018-03-27 17:43:52,"x2274898189","XikoBarbosa1","@alvarodias_ Vamos trabalhar para aprovar isto, busque apoios na internet ,","Twitter for iPhone","x978642714244845569","x73745956","alvarodias_",FALSE,FALSE,1,0,,,,,,,,,,,,,,"x73745956","alvarodias_","pt",,,,,,,,,,,,,,"alvarodias_"
"x978685029726507009",2018-03-27 17:27:48,"x152029082","elianapinna","@alvarodias_ Falta vontade política 
Não querem ouvir a população","Twitter for iPhone","x978642714244845569","x73745956","alvarodias_",FALSE,FALSE,2,0,,,,,,,,,,,,,,"x73745956","alvarodias_","pt",,,,,,,,,,,,,,"alvarodias_"
"x978683099763630080",2018-03-27 17:20:08,"x103356974","Vini_the_kidd","boa @AlexManentePPS @alvarodias_ @RicardoFerraco . ##FimDoForoSim #prisaoemsegundaestanciasim https://t.co/xqRLD2Zw72","Twitter Web Client",,,,TRUE,FALSE,1,0,"FimDoForoSim prisaoemsegundaestanciasim",,"twitter.com/o_antagonista/…","https://t.co/xqRLD2Zw72","https://twitter.com/o_antagonista/status/978658769746956289",,,,,,,,,"x78673777 73745956 29434532","AlexManentePPS alvarodias_ RicardoFerraco","und","x978658769746956289","Há propostas paradas de Ricardo Ferraço (PSDB) e Álvaro Dias  (Podemos). https://t.co/a9asxSKZzx",,,,,,,,,,,,"alvarodias_"
"x978682249712414720",2018-03-27 17:16:46,"x101890657","jacksonroika","@alvarodias_ Senador, precisamos precionar o congresso!!! Como podemos ajudar???","Twitter for iPhone","x978642714244845569","x73745956","alvarodias_",FALSE,FALSE,2,0,,,,,,,,,,,,,,"x73745956","alvarodias_","pt",,,,,,,,,,,,,,"alvarodias_"
"x978681964583677954",2018-03-27 17:15:38,"x55280099","eppaulino","@alvarodias_ Qual a sua opinião sobre a nomeação de ministros do STF e STJ ser uma prerrogativa do presidente da República?","Twitter for Android","x978645758122643456","x73745956","alvarodias_",FALSE,FALSE,1,0,,,,,,,,,,,,,,"x73745956","alvarodias_","pt",,,,,,,,,,,,,,"alvarodias_"
"x978678653558149123",2018-03-27 17:02:28,"x916685208044392448","clairton_cleto","E nem vai pelo jeito https://t.co/IKzi7xid4k","Twitter for Android",,,,TRUE,FALSE,7,0,,,"twitter.com/alvarodias_/st…","https://t.co/IKzi7xid4k","https://twitter.com/alvarodias_/status/978642714244845569",,,,,,,,,,,"pt","x978642714244845569","Ontem, no Roda Viva, o juiz Sérgio Moro defendeu que seja apresentada no Congresso uma PEC que inclua na Constituição a questão da prisão após segunda instância. Pois eu já apresentei esta PEC em junho do ano passado. Acontece que o meu projeto até hoje não tramitou no Senado.",,,,,,,,,,,,"alvarodias_"
"x978644612062597120",2018-03-27 14:47:12,"x461260764","GutembergAbreu2","@alvarodias_ A morosidade e o corporativismo do congresso è pior que a do STF, porque os parlamentares foram eleitos para fazer e aprovar leis que possam regular o funcionamento do paìs e acabar com a corrupção sistemica que corre solta!","Twitter for Android","x978643040091992064","x73745956","alvarodias_",FALSE,FALSE,2,0,,,,,,,,,,,,,,"x73745956","alvarodias_","pt",,,,,"https://api.twitter.com/1.1/geo/id/48401b8f7232dfb8.json","Rondonópolis","Rondonópolis, Brasil","city","Brazil","BR",,,"-54.977739 -54.235576 -54.235576 -54.977739 -17.072789 -17.072789 -16.070226 -16.070226","alvarodias_"
"x978644408919842816",2018-03-27 14:46:24,"x3091734724","lnunesesilva","@alvarodias_ A Constituição apresenta temas que precisam de reforma. Um deles, é a indicação de um Ministro do STF pelo Presidente da República. Isso é inadmissível.","Twitter for Android","x978642714244845569","x73745956","alvarodias_",FALSE,FALSE,5,1,,,,,,,,,,,,,,"x73745956","alvarodias_","pt",,,,,,,,,,,,,,"alvarodias_"
"x978644374761373696",2018-03-27 14:46:15,"x465548825","lahm_felipe","@alvarodias_ Tem como consultar o texto?","Twitter Lite","x978642714244845569","x73745956","alvarodias_",FALSE,FALSE,1,0,,,,,,,,,,,,,,"x73745956","alvarodias_","pt",,,,,,,,,,,,,,"alvarodias_"
"x978644362480553984",2018-03-27 14:46:13,"x920284614572302336","OduwaldoCalixto","@alvarodias_ Ele deixou claro que não podia declinar o nome do candidato dele. Mas deu uma dica valorosa sobre quem seria. Quem realmente apresentar algo efetivo para o combate a corrupção. Parabéns.","Twitter Web Client","x978642714244845569","x73745956","alvarodias_",FALSE,FALSE,5,0,,,,,,,,,,,,,,"x73745956","alvarodias_","pt",,,,,,,,,,,,,,"alvarodias_"
"x978643982652706818",2018-03-27 14:44:42,"x958823056553766913","PoliticoNaoVoto","@alvarodias_ @SenadoFederal A população exige que esse projeto do senador Álvaro Dias seja votado e que a votação seja aberta.","Twitter for Android","x978642714244845569","x73745956","alvarodias_",FALSE,FALSE,4,0,,,,,,,,,,,,,,"x73745956 40095953","alvarodias_ SenadoFederal","pt",,,,,,,,,,,,,,"alvarodias_"
"x978643915812278272",2018-03-27 14:44:26,"x66104919","_rafaellfranco","@alvarodias_ Alem disso é preciso uma PEC que acabe com privilegios e penduricalhos de Deputados e sanadores","Twitter Web Client","x978642714244845569","x73745956","alvarodias_",FALSE,FALSE,4,0,,,,,,,,,,,,,,"x73745956","alvarodias_","pt",,,,,,,,,,,,,,"alvarodias_"
"x978643861588381696",2018-03-27 14:44:13,"x2843003962","MagriYoga","@alvarodias_ Ótimo! Empenhe-se p aprová-lo!","Twitter for Android","x978642714244845569","x73745956","alvarodias_",FALSE,FALSE,6,0,,,,,,,,,,,,,,"x73745956","alvarodias_","pt",,,,,,,,,,,,,,"alvarodias_"
"x978643163505217536",2018-03-27 14:41:27,"x247695970","celsoiunes","@alvarodias_ Vossa Excelência, sempre com bons projetos, de vanguarda.","Twitter for Android","x978642714244845569","x73745956","alvarodias_",FALSE,FALSE,1,0,,,,,,,,,,,,,,"x73745956","alvarodias_","pt",,,,,,,,,,,,,,"alvarodias_"
"x978402985511477248",2018-03-26 22:47:04,"x1862186736","fmdell1","justiça alguns fazem outros fingem que fazem ou se fazem de desentendidos! https://t.co/7oZijNYmYM","Twitter Web Client",,,,TRUE,FALSE,34,4,,,"twitter.com/alvarodias_/st…","https://t.co/7oZijNYmYM","https://twitter.com/alvarodias_/status/978352933388595200",,,,,,,,,,,"pt","x978352933388595200","O Tribunal Regional Federal da 4ª Região foi mais uma vez eficiente e preciso. A primeira e a segunda instância dão um exemplo de como deve funcionar a Justiça brasileira. #ADComunicação  
https://t.co/iS3mcz0djn https://t.co/762aDbrZDE",,,,,,,,,,,,"alvarodias_"
"x978305595320258560",2018-03-26 16:20:04,"x925097271632556033","MBrAmazonas","#LulaNaCadeia #ForaTemer @STF_oficial #Brasil #Brazil <f0><U+009F><U+0094><U+00A5> #BBB18 @HelioTelho @alvarodias_ @brunocalabrich https://t.co/oskQkO01vJ https://t.co/yEy5eGyJZx","WordPress.com",,,,FALSE,FALSE,18,4,"LulaNaCadeia ForaTemer Brasil Brazil BBB18",,"movimentobrasilonline.com/4280/","https://t.co/oskQkO01vJ","http://movimentobrasilonline.com/4280/","http://pbs.twimg.com/tweet_video_thumb/DZOjv1rVMAAPpsN.jpg","https://t.co/yEy5eGyJZx","https://twitter.com/MBrAmazonas/status/978305595320258560/photo/1","photo","http://pbs.twimg.com/tweet_video_thumb/DZOjv1rVMAAPpsN.jpg","https://t.co/yEy5eGyJZx","https://twitter.com/MBrAmazonas/status/978305595320258560/photo/1",,"x68313718 308506971 73745956 322772589","STF_oficial HelioTelho alvarodias_ brunocalabrich","und",,,,,,,,,,,,,,"alvarodias_"
"x978305088191107073",2018-03-26 16:18:03,"x917189852797468672","freitas_ivanize","@alvarodias_ Vamos divulgar ..   já compartilhei no facebook","Twitter for iPhone","x977900878177939457","x73745956","alvarodias_",FALSE,FALSE,1,0,,,,,,,,,,,,,,"x73745956","alvarodias_","pt",,,,,,,,,,,,,,"alvarodias_"
"x978301041014968320",2018-03-26 16:01:58,"x925097271632556033","MBrAmazonas","#LulaNaCadeia @TRF4_oficial #BBB18 <f0><U+009F><U+0094><U+00A5> #CadeiaSemLulaEFraude @HelioTelho @alvarodias_ @brunocalabrich https://t.co/zN2mop98Lk https://t.co/IReTG4vDIW","WordPress.com",,,,FALSE,FALSE,51,20,"LulaNaCadeia BBB18 CadeiaSemLulaEFraude",,"movimentobrasilonline.com/4408/","https://t.co/zN2mop98Lk","http://movimentobrasilonline.com/4408/","http://pbs.twimg.com/tweet_video_thumb/DZOfnENWsAAlYe9.jpg","https://t.co/IReTG4vDIW","https://twitter.com/MBrAmazonas/status/978301041014968320/photo/1","photo","http://pbs.twimg.com/tweet_video_thumb/DZOfnENWsAAlYe9.jpg","https://t.co/IReTG4vDIW","https://twitter.com/MBrAmazonas/status/978301041014968320/photo/1",,"x81135963 308506971 73745956 322772589","TRF4_oficial HelioTelho alvarodias_ brunocalabrich","und",,,,,,,,,,,,,,"alvarodias_"
"x978301024682291201",2018-03-26 16:01:54,"x925090585916166146","MBrAcre","#LulaNaCadeia @TRF4_oficial #BBB18 <f0><U+009F><U+0094><U+00A5> #CadeiaSemLulaEFraude @HelioTelho @alvarodias_ @brunocalabrich https://t.co/PPmSu31Mqw https://t.co/KC7QHukKcI","WordPress.com",,,,FALSE,FALSE,40,11,"LulaNaCadeia BBB18 CadeiaSemLulaEFraude",,"movimentobrasilonline.com/4408/","https://t.co/PPmSu31Mqw","http://movimentobrasilonline.com/4408/","http://pbs.twimg.com/tweet_video_thumb/DZOfmAvX4AYqE-r.jpg","https://t.co/KC7QHukKcI","https://twitter.com/MBrAcre/status/978301024682291201/photo/1","photo","http://pbs.twimg.com/tweet_video_thumb/DZOfmAvX4AYqE-r.jpg","https://t.co/KC7QHukKcI","https://twitter.com/MBrAcre/status/978301024682291201/photo/1",,"x81135963 308506971 73745956 322772589","TRF4_oficial HelioTelho alvarodias_ brunocalabrich","und",,,,,,,,,,,,,,"alvarodias_"
"x978300939227615232",2018-03-26 16:01:34,"x67791839","paololibano","""Essa história de indulto para Lula é surreal. Nem sequer discuto essa esbórnia política.""
@alvarodias_ https://t.co/3mo4rGeHXZ","Twitter for Android",,,,FALSE,FALSE,99,18,,,,,,"http://pbs.twimg.com/media/DZOfhFBW0AA9ROu.jpg","https://t.co/3mo4rGeHXZ","https://twitter.com/paololibano/status/978300939227615232/photo/1","photo","http://pbs.twimg.com/media/DZOfhFBW0AA9ROu.jpg","https://t.co/3mo4rGeHXZ","https://twitter.com/paololibano/status/978300939227615232/photo/1",,"x73745956","alvarodias_","pt",,,,,,,,,,,,,,"alvarodias_"
"x978298735816998913",2018-03-26 15:52:49,"x850137963417743360","ResistenciaNaci","#LulaNaCadeia #ForaTemer @STF_oficial #Brasil #Brazil <f0><U+009F><U+0094><U+00A5> #BBB18 @HelioTelho @alvarodias_ @brunocalabrich https://t.co/NCInnX1VzK https://t.co/kMjEhP5Zgq","WordPress.com",,,,FALSE,FALSE,38,14,"LulaNaCadeia ForaTemer Brasil Brazil BBB18",,"movimentobrasilonline.com/4389/","https://t.co/NCInnX1VzK","http://movimentobrasilonline.com/4389/","http://pbs.twimg.com/tweet_video_thumb/DZOdg3sU0AA8jM_.jpg","https://t.co/kMjEhP5Zgq","https://twitter.com/ResistenciaNaci/status/978298735816998913/photo/1","photo","http://pbs.twimg.com/tweet_video_thumb/DZOdg3sU0AA8jM_.jpg","https://t.co/kMjEhP5Zgq","https://twitter.com/ResistenciaNaci/status/978298735816998913/photo/1",,"x68313718 308506971 73745956 322772589","STF_oficial HelioTelho alvarodias_ brunocalabrich","und",,,,,,,,,,,,,,"alvarodias_"
"x978298347747446785",2018-03-26 15:51:16,"x54616898","marcosnetoadv","@alvarodias_ Força presidente a luta vai ser dura e desleal muita força","Twitter for iPhone","x977248363707011072","x73745956","alvarodias_",FALSE,FALSE,1,0,,,,,,,,,,,,,,"x73745956","alvarodias_","pt",,,,,"https://api.twitter.com/1.1/geo/id/53d846aaa5951eeb.json","Orlândia","Orlândia, Brasil","city","Brazil","BR",,,"-47.989718 -47.800992 -47.800992 -47.989718 -20.814109 -20.814109 -20.586538 -20.586538","alvarodias_"
"x978254932016095232",2018-03-26 12:58:45,"x21414141","agrolink","Alvaro Dias: “Brasil terá décadas de prosperidade se governo for mais Agro” https://t.co/tc0u84AqIl","Twitter Web Client",,,,FALSE,FALSE,15,4,,,"agrolink.com.br/noticias/alvar…","https://t.co/tc0u84AqIl","https://www.agrolink.com.br/noticias/alvaro-dias---brasil-tera-decadas-de-prosperidade-se-governo-for-mais-agro-_405099.html",,,,,,,,,,,"pt",,,,,,,,,,,,,,"alvarodias_"
"x978245120523948033",2018-03-26 12:19:46,"x1051056432","UolCozer","@alvarodias_ Parabéns por falar em nome do verdadeiro povo brasileiro ! https://t.co/MgSTt5nH8w","Twitter for iPhone","x978017758536400897","x73745956","alvarodias_",FALSE,FALSE,2,1,,,,,,"http://pbs.twimg.com/media/DZNsuxIWsAU2d78.jpg","https://t.co/MgSTt5nH8w","https://twitter.com/UolCozer/status/978245120523948033/photo/1","photo","http://pbs.twimg.com/media/DZNsuxIWsAU2d78.jpg","https://t.co/MgSTt5nH8w","https://twitter.com/UolCozer/status/978245120523948033/photo/1",,"x73745956","alvarodias_","pt",,,,,,,,,,,,,,"alvarodias_"
"x978244075295072256",2018-03-26 12:15:37,"x4243367477","demadf","@alvarodias_ @JoseMedeirosMT @jose_neumanne @Ro_Moller @PanichiRaphael @alberto_fraga https://t.co/1r8tZJ63NT","Twitter for Android",,"x73745956","alvarodias_",FALSE,FALSE,2,0,,,,,,"http://pbs.twimg.com/media/DZNrzGDW0AANWWL.jpg","https://t.co/1r8tZJ63NT","https://twitter.com/demadf/status/978244075295072256/photo/1","photo","http://pbs.twimg.com/media/DZNrzGDW0AANWWL.jpg","https://t.co/1r8tZJ63NT","https://twitter.com/demadf/status/978244075295072256/photo/1",,"x73745956 157226645 145134405 2549016857 57059339 83844236","alvarodias_ JoseMedeirosMT jose_neumanne Ro_Moller PanichiRaphael alberto_fraga","und",,,,,,,,,,,,,,"alvarodias_"
"x978239387514351616",2018-03-26 11:56:59,"x1051056432","UolCozer","@juizrafael Olha aí @partidonovo30 @anaamelialemos @alvarodias_ @ronaldocaiado Interessante!!!","Twitter for iPhone","x977562406321876993","x30872719","juizrafael",FALSE,FALSE,2,0,,,,,,,,,,,,,,"x30872719 2734700584 121601881 73745956 32101740","juizrafael partidonovo30 anaamelialemos alvarodias_ ronaldocaiado","pt",,,,,,,,,,,,,,"alvarodias_"
"x978233771806871552",2018-03-26 11:34:40,"x2374669507","nelbande","@alvarodias_ Porque Curitiba e a capital do humanitarismo (futuro) presidente Álvaro dias.","Twitter for iPhone","x862076202038808578","x73745956","alvarodias_",FALSE,FALSE,1,0,,,,,,,,,,,,,,"x73745956","alvarodias_","es",,,,,"https://api.twitter.com/1.1/geo/id/1f4df2b4746ddea7.json","Brampton","Brampton, Ontario","city","Canada","CA",,,"-79.888911 -79.630272 -79.630272 -79.888911 43.60222 43.60222 43.847722 43.847722","alvarodias_"
"x977936563219976193",2018-03-25 15:53:40,"x830093354","Brasneto","@alvarodias_ A reação que a sociedade rio-grandense teve a semana passada mostra que o povo anda cansado de ser enganado.","Twitter Web Client","x977935595631718401","x73745956","alvarodias_",FALSE,FALSE,3,0,,,,,,,,,,,,,,"x73745956","alvarodias_","pt",,,,,,,,,,,,,,"alvarodias_"
"x977936099413778432",2018-03-25 15:51:49,"x960963040509341697","marcosalopes8","@alvarodias_ <f0><U+009F><U+0098><U+00B1><f0><U+009F><U+0098><U+00B1><f0><U+009F><U+0098><U+00B1><f0><U+009F><U+0098><U+00B1><f0><U+009F><U+0098><U+00B1><f0><U+009F><U+0098><U+00B1><f0><U+009F><U+0098><U+00B1><f0><U+009F><U+0098><U+00B1>","Twitter Lite","x977935595631718401","x73745956","alvarodias_",FALSE,FALSE,1,0,,,,,,,,,,,,,,"x73745956","alvarodias_","und",,,,,,,,,,,,,,"alvarodias_"
"x977936017918431232",2018-03-25 15:51:30,"x161647391","edicolleoni","@alvarodias_ O STF pode colocar nosso país em um barril de pólvora, ou nosso povo é brasileiro demais Álvaro?","Twitter for Android","x977935595631718401","x73745956","alvarodias_",FALSE,FALSE,2,0,,,,,,,,,,,,,,"x73745956","alvarodias_","pt",,,,,,,,,,,,,,"alvarodias_"
"x977339878923935744",2018-03-24 00:22:39,"x936344167223123968","Mika_Kampo","Álvaro Dias pré candidato a presidência se confirmar pronto é nele mesmo que eu voto","Twitter for Android",,,,FALSE,FALSE,26,1,,,,,,,,,,,,,,,,"pt",,,,,,,,,,,,,,"alvarodias_"
"x977227354689818624",2018-03-23 16:55:32,"x48329503","ReginaLucena","Retweeted Alvaro Dias (@alvarodias_):

O senador Alvaro Dias fez a denúncia na PGR sobre as fraudes na compra da refinaria de Pasadena, que rendeu prejuízo de R$ 1 bilhão à Petrobras. Por que os principais... https://t.co/6m9nMdBfPO","Facebook",,,,FALSE,FALSE,12,0,,,"facebook.com/conreginalucen…","https://t.co/6m9nMdBfPO","https://www.facebook.com/conreginalucena/posts/10156150301888864",,,,,,,,,"x73745956","alvarodias_","pt",,,,,,,,,,,,,,"alvarodias_"
"x977227326089023490",2018-03-23 16:55:25,"x48329503","ReginaLucena","Retweeted Alvaro Dias (@alvarodias_):

O senador Alvaro Dias fez a denúncia na PGR sobre as fraudes na compra da refinaria de Pasadena, que rendeu prejuízo de R$ 1 bilhão à Petrobras. Por... https://t.co/HABsDlcaB4","Facebook",,,,FALSE,FALSE,18,3,,,"facebook.com/permalink.php?…","https://t.co/HABsDlcaB4","https://www.facebook.com/permalink.php?story_fbid=2061940327423042&id=1714869425463469",,,,,,,,,"x73745956","alvarodias_","pt",,,,,,,,,,,,,,"alvarodias_"
"x977225638955413504",2018-03-23 16:48:42,"x816835718702137344","ana_oliver21","@alvarodias_ Vergonha!","Twitter for iPhone","x977151913904009222","x73745956","alvarodias_",FALSE,FALSE,2,0,,,,,,,,,,,,,,"x73745956","alvarodias_","pt",,,,,,,,,,,,,,"alvarodias_"
"x977219233141743617",2018-03-23 16:23:15,"x27085659","Selvo_br","@alvarodias_ O povo PRECISA ir pra o STF em Brasília, no dia 4/04/18 e exigir que o STF negue HC ao Lula, ou STF nega ou solta todos os bandidos condenados em segunda instância, porque eles vão querer tratamento igual. Alô liderança!!!","Twitter for Android","x977214123313434624","x73745956","alvarodias_",FALSE,FALSE,3,1,,,,,,,,,,,,,,"x73745956","alvarodias_","pt",,,,,,,,,,,,,,"alvarodias_"
"x977215218525851653",2018-03-23 16:07:18,"x4873079512","edmagjr","@alvarodias_ Que o discurso se realize na prática. É o meu desejo.","Twitter for Android","x977214660679217152","x73745956","alvarodias_",FALSE,FALSE,1,0,,,,,,,,,,,,,,"x73745956","alvarodias_","pt",,,,,,,,,,,,,,"alvarodias_"
"x977214872688709632",2018-03-23 16:05:56,"x95519206","Fernando_PHN","@alvarodias_ Espero que o país do Futebol, invada as ruas, como fizemos no, Fora Dilma. Não podemos nos calar, bandido precisa ser preso, as leis precisam ser cumprida. 
#STFVergonhaNacional","Twitter Web Client","x977214123313434624","x73745956","alvarodias_",FALSE,FALSE,1,1,"STFVergonhaNacional",,,,,,,,,,,,,"x73745956","alvarodias_","pt",,,,,,,,,,,,,,"alvarodias_"
"x977196479860404224",2018-03-23 14:52:50,"x3366753430","samirreizer","@alvarodias_ Senador, sua obrigação é fiscalizar o STF, para que o mesmo não modifique as leias a seu bel prazer. Como Senador da República, representante do Paraná, é o que todos esperamos de ti. Não podemos e não devemos nos acovardar e baixar a cabeça !!!","Twitter Web Client","x977193970597027840","x73745956","alvarodias_",FALSE,FALSE,1,0,,,,,,,,,,,,,,"x73745956","alvarodias_","pt",,,,,,,,,,,,,,"alvarodias_"
"x977195401194418176",2018-03-23 14:48:33,"x3291175365","CortezFilipe","@alvarodias_ Sem duvida e o Circo do STF não é nada disso é outra coisa, e o estado de Direito de qualquer maneira( ontem ficou claro ) não existe","Twitter for Android","x977193970597027840","x73745956","alvarodias_",FALSE,FALSE,1,0,,,,,,,,,,,,,,"x73745956","alvarodias_","pt",,,,,,,,,,,,,,"alvarodias_"
"x977195090912448512",2018-03-23 14:47:19,"x963576334579568640","Fabio2018jr","@alvarodias_ O lado bom é que o Lula/PT estão se transformando em tudo que eles sempre criticaram: ""ricos não sendo presos pela justiça.""
Resta saber se o povo vai entender isso.","Twitter Web Client","x977193970597027840","x73745956","alvarodias_",FALSE,FALSE,1,0,,,,,,,,,,,,,,"x73745956","alvarodias_","pt",,,,,,,,,,,,,,"alvarodias_"
"x977194774640955392",2018-03-23 14:46:04,"x154730406","Almondesdos","@alvarodias_ Certamente! Mas a população está de olho. O que o STF está fazendo  é uma vergonha para a nossa democracia. #SextaDetremuraSDV","Twitter Web Client","x977193970597027840","x73745956","alvarodias_",FALSE,FALSE,4,1,"SextaDetremuraSDV",,,,,,,,,,,,,"x73745956","alvarodias_","pt",,,,,"https://api.twitter.com/1.1/geo/id/1b107df3ccc0aaa1.json","Brazil","Brazil","country","Brazil","BR",,,"-73.991482 -32.378186 -32.378186 -73.991482 -33.7510506 -33.7510506 5.27192 5.27192","alvarodias_"
"x977194756206940161",2018-03-23 14:45:59,"x152395893","heyderdantas","@alvarodias_ Como podemos levar a sério um país que tem a mais alta corte, STF, aparelhada, corrompida, com ministros sem isenção, indicados por políticos e com aval do Senado?? O povo tá revoltado, Isso virou uma pocilga!!","Twitter for iPhone","x977193476352872454","x73745956","alvarodias_",FALSE,FALSE,3,0,,,,,,,,,,,,,,"x73745956","alvarodias_","pt",,,,,,,,,,,,,,"alvarodias_"
"x977194628582658048",2018-03-23 14:45:29,"x962862842084052992","sturaro_alex","@alvarodias_ Grande problema é q o STF faz o que quer, quando quer, e, eles fazem e desfazem as coisas ao modo que interessa a eles não a sociedade de bem.
   
  Por isso o @SenadoFederal  com poder de impeachment deve fazer uma limpeza no STF.","Twitter Web Client","x977193476352872454","x73745956","alvarodias_",FALSE,FALSE,3,0,,,,,,,,,,,,,,"x73745956 40095953","alvarodias_ SenadoFederal","pt",,,,,,,,,,,,,,"alvarodias_"
"x977194459363512321",2018-03-23 14:44:49,"x2679742175","justinoclovis","@alvarodias_ Depois do que tenho observado no STF. Quem nos garantirá isso?","Twitter for Android","x977193476352872454","x73745956","alvarodias_",FALSE,FALSE,3,0,,,,,,,,,,,,,,"x73745956","alvarodias_","pt",,,,,,,,,,,,,,"alvarodias_"
"x977194438782062592",2018-03-23 14:44:44,"x719994222213009408","enaj1210","@alvarodias_ Só no Brasil não se prende após condenação em 2 instancia .Absurdo.","Twitter for Android","x977193970597027840","x73745956","alvarodias_",FALSE,FALSE,1,0,,,,,,,,,,,,,,"x73745956","alvarodias_","pt",,,,,,,,,,,,,,"alvarodias_"
"x977194325506449409",2018-03-23 14:44:17,"x39654882","ricpero","@alvarodias_ Depois de ontem, duas possibilidades se tornam mais possíveis: a IMPUNIDADE ATÉ A ÚLTIMA INSTÂNCIA AOS PODEROSOS, e UM PEDIDO DE VISTAS PARA GARANTIR QUE UM CONDENADO CONCORRA ÀS ELEIÇÕES. O ESCÁRNIO VENCEU.","Twitter Web Client","x977193476352872454","x73745956","alvarodias_",FALSE,FALSE,3,0,,,,,,,,,,,,,,"x73745956","alvarodias_","pt",,,,,,,,,,,,,,"alvarodias_"
"x977194294040760320",2018-03-23 14:44:09,"x381773324","mariahildecy","@alvarodias_ COM TODA CERTEZA  ÁLVARO DIAS..VAMOS LUTAR PRA LIMPAR ESTE PAÍS.SAIU DO WHATSAPP? SAUDADES","Twitter Web Client","x977193476352872454","x73745956","alvarodias_",FALSE,FALSE,1,0,,,,,,,,,,,,,,"x73745956","alvarodias_","pt",,,,,,,,,,,,,,"alvarodias_"
"x977194280073814016",2018-03-23 14:44:06,"x867712924915204102","MCFockers","@alvarodias_ Não existe leis num estado de caos.","Twitter for iPhone","x977193970597027840","x73745956","alvarodias_",FALSE,FALSE,1,0,,,,,,,,,,,,,,"x73745956","alvarodias_","pt",,,,,,,,,,,,,,"alvarodias_"
"x977194144023154688",2018-03-23 14:43:33,"x1187650435","rubaofelix","@alvarodias_ #STFVergonhaNacional","Twitter Web Client","x977193476352872454","x73745956","alvarodias_",FALSE,FALSE,3,1,"STFVergonhaNacional",,,,,,,,,,,,,"x73745956","alvarodias_","und",,,,,,,,,,,,,,"alvarodias_"
"x977194033519955968",2018-03-23 14:43:07,"x95519206","Fernando_PHN","@alvarodias_ @STF_oficial  leva muito á sério, quando o assunto é proteger bandido condenado. Absurdo, uma afronta contra a maioria da população. Vamos fazer a maior manifestação que o mundo já viu. 
#STFVergonhaNacional","Twitter Web Client","x977193476352872454","x73745956","alvarodias_",FALSE,FALSE,6,2,"STFVergonhaNacional",,,,,,,,,,,,,"x73745956 68313718","alvarodias_ STF_oficial","pt",,,,,,,,,,,,,,"alvarodias_"
"x977193809372237825",2018-03-23 14:42:14,"x36106227","2setao","@alvarodias_ Ontem, Ricardo Lewandowski criou o princípio da generosidade, segundo o qual TODO e QUALQUER Habeas Corpus deve ter o mérito apreciado. Infelizmente não é piada.","Twitter for iPhone","x977193476352872454","x73745956","alvarodias_",FALSE,FALSE,3,0,,,,,,,,,,,,,,"x73745956","alvarodias_","pt",,,,,,,,,,,,,,"alvarodias_"
"x977171521784381440",2018-03-23 13:13:40,"x307430552","Cristianead","@alvarodias_ Presidenciável, é preciso estabelecer limites nas nossas leis antes que copiem aberrações.<f0><U+009F><U+0087><U+00A7><f0><U+009F><U+0087><U+00B7> https://t.co/I6s4IEjbN8","Twitter Web Client",,"x73745956","alvarodias_",TRUE,FALSE,2,1,,,"twitter.com/RenovaMidia/st…","https://t.co/I6s4IEjbN8","https://twitter.com/RenovaMidia/status/976790748388646912",,,,,,,,,"x73745956","alvarodias_","pt","x976790748388646912","Um funcionário da receita federal da Argentina mudou sua identidade de gênero para figurar como mulher e se aposentar cinco anos mais cedo. O 'hermano' de 59 anos mudou seu nome de Sergio para Sergia.

https://t.co/aetCXqkz3j",,,,,,,,,,,,"alvarodias_"
"x977169871795519489",2018-03-23 13:07:07,"x780873846945644545","rottobinoculo","@alvarodias_ Senador, pq o Congresso não propõem uma PEC clarificando de uma vez por todas a prisão em segunda instância?","Twitter for iPhone","x977151913904009222","x73745956","alvarodias_",FALSE,FALSE,1,0,,,,,,,,,,,,,,"x73745956","alvarodias_","pt",,,,,,,,,,,,,,"alvarodias_"
"x977168254094532608",2018-03-23 13:00:41,"x1537615490","ValterCampa","@deltanmd @STF_oficial @Izamansur @thameadanelon @onyxlorenzoni @alvarodias_ @Silvado https://t.co/aoqWT245Pj","Twitter for Android",,"x2296138146","deltanmd",FALSE,FALSE,1,0,,,,,,"http://pbs.twimg.com/media/DY-ZVDHW0AAkWk2.jpg","https://t.co/aoqWT245Pj","https://twitter.com/ValterCampa/status/977168254094532608/photo/1","photo","http://pbs.twimg.com/media/DY-ZVDHW0AAkWk2.jpg","https://t.co/aoqWT245Pj","https://twitter.com/ValterCampa/status/977168254094532608/photo/1",,"x2296138146 68313718 68868714 732397017423597568 43041690 73745956 30299137","deltanmd STF_oficial Izamansur thameadanelon onyxlorenzoni alvarodias_ Silvado","und",,,,,,,,,,,,,,"alvarodias_"
"x977156810850349056",2018-03-23 12:15:13,"x399627372","VozdoPovo3","@alvarodias_ Houve uma ruptura com o estado democrático, juiz não pode fazer o papel de advogado de réu, só o povo nas ruas para afrontar os coiteiros de corruptos, lembra muito bem o tempo do Lampião.","Twitter Web Client","x977151913904009222","x73745956","alvarodias_",FALSE,FALSE,2,0,,,,,,,,,,,,,,"x73745956","alvarodias_","pt",,,,,,,,,,,,,,"alvarodias_"
"x977152478071357441",2018-03-23 11:58:00,"x3926730203","barth_lisia","@alvarodias_ Eu tenho nojo desse @STF_oficial STF
Eles não representam o POVO, 
#STFVergonhaNacional","Twitter for Android","x977151913904009222","x73745956","alvarodias_",FALSE,FALSE,6,1,"STFVergonhaNacional",,,,,,,,,,,,,"x73745956 68313718","alvarodias_ STF_oficial","pt",,,,,,,,,,,,,,"alvarodias_"
"x976911499838009345",2018-03-22 20:00:26,"x942029800620941312","lucia_heinz","@alvarodias_ Mato Grosso apoia o Senador Álvaro Dias
#presidente2018","Twitter Lite","x976904575168012288","x73745956","alvarodias_",FALSE,FALSE,2,0,"presidente2018",,,,,,,,,,,,,"x73745956","alvarodias_","pt",,,,,,,,,,,,,,"alvarodias_"
"x976883093951909888",2018-03-22 18:07:33,"x715386102","MilaTrevenzoli","@alvarodias_ Eu voto Álvaro Dias.<f0><U+009F><U+0091><U+008F><f0><U+009F><U+0091><U+008F><f0><U+009F><U+0091><U+008F><f0><U+009F><U+0091><U+008F>","Twitter for Android","x976831622258548737","x73745956","alvarodias_",FALSE,FALSE,1,0,,,,,,,,,,,,,,"x73745956","alvarodias_","pt",,,,,,,,,,,,,,"alvarodias_"
"x976818860337827840",2018-03-22 13:52:19,"x82628926","BobWebBB","Queremos #LulaNaCadeia em primeiro lugar nos trends, vamos agir agora! @lobaoeletrico @roxmo @SakaSakamori @NinaLCastro @Val_Ce1 @ampg5 @SrtaBella5 @mandafss @mapmonicatsx @jose_neumanne @PeresLeci @velhonarede @BlogdoNoblat @ABCarleial @Eduardo_Cury @alvarodias_ @danib_i @Dois","Twitter Web Client",,,,FALSE,FALSE,20,8,"LulaNaCadeia",,,,,,,,,,,,,"x20372050 17752026 2250171943 41565408 219201849 162848085 4583189188 78211656 165106553 145134405 1941132404 145537046 16794066 108780057 138504441 73745956 21341906 19179070","lobaoeletrico roxmo SakaSakamori NinaLCastro Val_Ce1 ampg5 SrtaBella5 mandafss mapmonicatsx jose_neumanne PeresLeci velhonarede BlogdoNoblat ABCarleial Eduardo_Cury alvarodias_ danib_i Dois","pt",,,,,,,,,,,,,,"alvarodias_"
"x976818666766569477",2018-03-22 13:51:33,"x4252723395","MartyellyMarian","@alvarodias_ #LULANACADEIA","Twitter Web Client","x976818141773877248","x73745956","alvarodias_",FALSE,FALSE,2,0,"LULANACADEIA",,,,,,,,,,,,,"x73745956","alvarodias_","und",,,,,,,,,,,,,,"alvarodias_"
"x976808605872771073",2018-03-22 13:11:34,"x80629240","Uma_Brasileira","@pmniemeyer @gnatalini @edsondmbueno @jornalistavitor @veranimer @subeida1 @sopiecharlotte1 @Guerraitanhaem @paololibano @dasilvasouzade1 @blumapv @lufeldman @Coimbrajrc @sandrarocampos @deputado_penna @alvarodias_ @pvitanhaemsp @paulacamara_ @flaviogr Bom dia aos muito amigos e aos não tão amigos assim ... https://t.co/nFODINmFOB","Twitter Web Client","x976807120019578880","x3316208709","pmniemeyer",FALSE,FALSE,6,3,,,,,,"http://pbs.twimg.com/media/DY5SPAKW4AEswTY.jpg","https://t.co/nFODINmFOB","https://twitter.com/Uma_Brasileira/status/976808605872771073/photo/1","photo","http://pbs.twimg.com/media/DY5SPAKW4AEswTY.jpg","https://t.co/nFODINmFOB","https://twitter.com/Uma_Brasileira/status/976808605872771073/photo/1",,"x3316208709 35879806 142655163 113410319 61780767 454061147 4045857501 4237729961 67791839 3253033096 169517972 39319245 1976528852 951495667062591489 58946974 73745956 4267349368 989053890 30934529","pmniemeyer gnatalini edsondmbueno jornalistavitor veranimer subeida1 sopiecharlotte1 Guerraitanhaem paololibano dasilvasouzade1 blumapv lufeldman Coimbrajrc sandrarocampos deputado_penna alvarodias_ pvitanhaemsp paulacamara_ flaviogr","pt",,,,,,,,,,,,,,"alvarodias_"
"x976807120019578880",2018-03-22 13:05:40,"x3316208709","pmniemeyer","@gnatalini @edsondmbueno @jornalistavitor @veranimer @subeida1 @sopiecharlotte1 @Guerraitanhaem @paololibano  @dasilvasouzade1 @blumapv  @lufeldman  @Uma_Brasileira  @Coimbrajrc @sandrarocampos  @deputado_penna @alvarodias_ @pvitanhaemsp @paulacamara_      @flaviogr Bom dia! https://t.co/Am03gD8kCT","Twitter for iPhone",,"x35879806","gnatalini",FALSE,FALSE,9,4,,,,,,"http://pbs.twimg.com/media/DY5Q5F3XcAIrlT-.jpg","https://t.co/Am03gD8kCT","https://twitter.com/pmniemeyer/status/976807120019578880/photo/1","photo","http://pbs.twimg.com/media/DY5Q5F3XcAIrlT-.jpg","https://t.co/Am03gD8kCT","https://twitter.com/pmniemeyer/status/976807120019578880/photo/1",,"x35879806 142655163 113410319 61780767 454061147 4045857501 4237729961 67791839 3253033096 169517972 39319245 80629240 1976528852 951495667062591489 58946974 73745956 4267349368 989053890 30934529","gnatalini edsondmbueno jornalistavitor veranimer subeida1 sopiecharlotte1 Guerraitanhaem paololibano dasilvasouzade1 blumapv lufeldman Uma_Brasileira Coimbrajrc sandrarocampos deputado_penna alvarodias_ pvitanhaemsp paulacamara_ flaviogr","pt",,,,,"https://api.twitter.com/1.1/geo/id/68e019afec7d0ba5.json","Sao Paulo","Sao Paulo, Brazil","city","Brazil","BR",,,"-46.826039 -46.365052 -46.365052 -46.826039 -24.008814 -24.008814 -23.356792 -23.356792","alvarodias_"
"x976805744849965057",2018-03-22 13:00:12,"x172731016","celinadecamargo","@alvarodias_ Não podemos deixar","Twitter for Android","x976455850318614529","x73745956","alvarodias_",FALSE,FALSE,1,0,,,,,,,,,,,,,,"x73745956","alvarodias_","pt",,,,,,,,,,,,,,"alvarodias_"
"x976783989737512960",2018-03-22 11:33:45,"x100531806","AndreaPires1","@alvarodias_  https://t.co/S1KxjkGRc1","Twitter for iPhone","x976781811811483648","x73745956","alvarodias_",FALSE,FALSE,1,0,,,,,,"http://pbs.twimg.com/tweet_video_thumb/DY472tEW0AAyGY0.jpg","https://t.co/S1KxjkGRc1","https://twitter.com/AndreaPires1/status/976783989737512960/photo/1","photo","http://pbs.twimg.com/tweet_video_thumb/DY472tEW0AAyGY0.jpg","https://t.co/S1KxjkGRc1","https://twitter.com/AndreaPires1/status/976783989737512960/photo/1",,"x73745956","alvarodias_","und",,,,,,,,,,,,,,"alvarodias_"
"x976454181883207680",2018-03-21 13:43:13,"x834147807187566592","solidsnake3333","@alvarodias_ NÃO É BEM ISSO QUE ACONTECE SENADOR!","Twitter Web Client","x976452639167864832","x73745956","alvarodias_",FALSE,FALSE,1,0,,,,,,,,,,,,,,"x73745956","alvarodias_","pt",,,,,,,,,,,,,,"alvarodias_"
"x976453737068793856",2018-03-21 13:41:27,"x393024225","_alison07","@alvarodias_ Tem que aumentar o valor da indenização máxima Senador!
13.500,00 é muito pouco pelo que as seguradoras arrecadam","Twitter for iPhone","x976452639167864832","x73745956","alvarodias_",FALSE,FALSE,1,0,,,,,,,,,,,,,,"x73745956","alvarodias_","pt",,,,,,,,,,,,,,"alvarodias_"
"x976453247094358016",2018-03-21 13:39:30,"x40107494","antoniovasco","@alvarodias_ O seguro é obrigatório mas a seguradora deveria ser opção do segurado. Eu gostaria de escolher a seguradora. Contratar todos os seguros DPVAT em uma só concentra o mercado.","Twitter Web Client","x976452639167864832","x73745956","alvarodias_",FALSE,FALSE,1,0,,,,,,,,,,,,,,"x73745956","alvarodias_","pt",,,,,,,,,,,,,,"alvarodias_"
"x976440284191084545",2018-03-21 12:47:59,"x2279560483","somara19","@alvarodias_ Elas são, no geral, criaturas tão doces e aptas a distribuir afeto.","Twitter Web Client","x976436533099147264","x73745956","alvarodias_",FALSE,FALSE,1,0,,,,,,,,,,,,,,"x73745956","alvarodias_","pt",,,,,,,,,,,,,,"alvarodias_"
"x976436502312910849",2018-03-21 12:32:58,"x86308326","rodrigo_zone","@alvarodias_ @YouTube quando o senhor virá à Pernambuco, ainda não tem candidatos a deputado estadual nem federal.","Twitter Web Client","x976435996769341441","x73745956","alvarodias_",FALSE,FALSE,1,0,,,,,,,,,,,,,,"x73745956 10228272","alvarodias_ YouTube","pt",,,,,,,,,,,,,,"alvarodias_"
"x976408242761936896",2018-03-21 10:40:40,"x912093037655990279","uaidada","@alvarodias_ Parabéns pela auto estima, senador","Twitter for Android","x976265724506312704","x73745956","alvarodias_",FALSE,FALSE,2,0,,,,,,,,,,,,,,"x73745956","alvarodias_","pt",,,,,,,,,,,,,,"alvarodias_"
"x976394514528129024",2018-03-21 09:46:07,"x3699893668","FoxHugo60","@alvarodias_ Pelo que fez qdo governador do Paraná e pela postura no legislativo tem meu apoio, é a melhor opção.","Twitter for iPhone","x976265724506312704","x73745956","alvarodias_",FALSE,FALSE,2,0,,,,,,,,,,,,,,"x73745956","alvarodias_","pt",,,,,,,,,,,,,,"alvarodias_"
"x976349387843661824",2018-03-21 06:46:48,"x913347572252766208","CalvosoSergio","@alvarodias_ Gente boa, mas para o senado ou governo do Paraná, deveria se unir a Bolsonaro.","Twitter for Android","x976265724506312704","x73745956","alvarodias_",FALSE,FALSE,1,0,,,,,,,,,,,,,,"x73745956","alvarodias_","pt",,,,,,,,,,,,,,"alvarodias_"
"x976265958703722496",2018-03-21 01:15:17,"x32931395","marciofla","@alvarodias_ Sim, é um bom nome! Meu voto é no Bolsonaro, mas votaria em vc","Twitter Web Client","x976265724506312704","x73745956","alvarodias_",FALSE,FALSE,2,0,,,,,,,,,,,,,,"x73745956","alvarodias_","pt",,,,,,,,,,,,,,"alvarodias_"
"x976171977089146880",2018-03-20 19:01:50,"x133102113","Tondelfino","@alvarodias_ #ResisteCarmenLucia","Twitter Web Client","x976165129762025479","x73745956","alvarodias_",FALSE,FALSE,1,0,"ResisteCarmenLucia",,,,,,,,,,,,,"x73745956","alvarodias_","und",,,,,,,,,,,,,,"alvarodias_"
"x976168245278494720",2018-03-20 18:47:00,"x89024116","jurandir_bfj","@alvarodias_ O brasileiro não quer mais ver a impunidade reinando, por conta de morosidade, incompetência, conivência. A desacreditada justiça tem que fazer sua parte na mudança que o Brasil precisa. #Fato","Twitter Web Client","x976165129762025479","x73745956","alvarodias_",FALSE,FALSE,2,0,"Fato",,,,,,,,,,,,,"x73745956","alvarodias_","pt",,,,,,,,,,,,,,"alvarodias_"
"x976167543848218624",2018-03-20 18:44:13,"x960963040509341697","marcosalopes8","@alvarodias_ Olho na Carminha!!!!","Twitter Lite","x976165129762025479","x73745956","alvarodias_",FALSE,FALSE,1,0,,,,,,,,,,,,,,"x73745956","alvarodias_","pt",,,,,,,,,,,,,,"alvarodias_"
"x976112676119240704",2018-03-20 15:06:11,"x707895582099165185","adailto_luiz","@alvarodias_ Refundar a republica, no minimo, seria extinção do STF, extinção das assembleias legislativas, fim dos penduricalhos de juízes e políticos, passar dos atuais 81 senadores para 27, no máximo 210 deputados, diminuição de vereadores e tantas coisas...","Twitter Web Client","x976110757166419970","x73745956","alvarodias_",FALSE,FALSE,1,0,,,,,,,,,,,,,,"x73745956","alvarodias_","pt",,,,,,,,,,,,,,"alvarodias_"
"x976108543186268161",2018-03-20 14:49:46,"x936582369561149440","BarometroGov","#RankingSenadores <f0><U+009F><U+0087><U+00A7><f0><U+009F><U+0087><U+00B7> 13/03 a 19/03 - Barômetro Influencia Senadores no @TwitterBrasil :

@RomarioOnze @gleisi @alvarodias_ @requiaopmdb @lindberghfarias @JoseMedeirosMT @Sen_Cristovam @jorgeviana @humbertocostapt @fatimabezerra @Sen_PauloRocha @wildermorais @ronaldocaiado https://t.co/UOCWnNdMmD","Twitter Web Client",,,,FALSE,FALSE,18,0,"RankingSenadores",,,,,"http://pbs.twimg.com/media/DYvTIOtWkAEhSMF.jpg","https://t.co/UOCWnNdMmD","https://twitter.com/BarometroGov/status/976108543186268161/photo/1","photo","http://pbs.twimg.com/media/DYvTIOtWkAEhSMF.jpg","https://t.co/UOCWnNdMmD","https://twitter.com/BarometroGov/status/976108543186268161/photo/1",,"x263884490 42629261 31139434 73745956 95253000 71310152 157226645 20242549 325131009 76049312 51064768 2677675820 237687306 32101740","TwitterBrasil RomarioOnze gleisi alvarodias_ requiaopmdb lindberghfarias JoseMedeirosMT Sen_Cristovam jorgeviana humbertocostapt fatimabezerra Sen_PauloRocha wildermorais ronaldocaiado","pt",,,,,,,,,,,,,,"alvarodias_"
"x976107003696336897",2018-03-20 14:43:39,"x947659050384347137","frede_Costa","@alvarodias_ O povo  brasileiro já  sabe o que quer. Álvaro Dias é a mudança que o nosso país precisa. #JuntosPodemosMudarOBrasil com #AlvaroDias #PRESIDENTE.","Twitter for Android","x976033721550819329","x73745956","alvarodias_",FALSE,FALSE,2,0,"JuntosPodemosMudarOBrasil AlvaroDias PRESIDENTE",,,,,,,,,,,,,"x73745956","alvarodias_","pt",,,,,,,,,,,,,,"alvarodias_"
"x976096720588328960",2018-03-20 14:02:47,"x90639747","marthaeferreira","@alvarodias_ Cada vez mais preparado para ser o presidente do Brasil. Sabe muito mais do Brasil que todos os outros candidatos juntos. Parabéns!","Twitter Web Client","x976096030029680645","x73745956","alvarodias_",FALSE,FALSE,3,0,,,,,,,,,,,,,,"x73745956","alvarodias_","pt",,,,,,,,,,,,,,"alvarodias_"
"x976082071323070469",2018-03-20 13:04:35,"x3416909512","novovelhocomuna","@alvarodias_ Pq vocês senadores, não fazem um movimento de apoio a ministra, que está sendo assediada criminosamente pela massa petista??","Twitter for Android","x976081037263503362","x73745956","alvarodias_",FALSE,FALSE,1,0,,,,,,,,,,,,,,"x73745956","alvarodias_","pt",,,,,,,,,,,,,,"alvarodias_"
"x975796140586274816",2018-03-19 18:08:23,"x67791839","paololibano","Senador @alvarodias_ diz que experiência e passado limpo vão contar na eleição - Campo Grande News https://t.co/4mbMq4KGNg https://t.co/FZXR4GQmdk","Twitter for Android",,,,FALSE,FALSE,44,7,,,"campograndenews.com.br/politica/alvar…","https://t.co/4mbMq4KGNg","https://www.campograndenews.com.br/politica/alvaro-dias-diz-que-experiencia-e-passado-limpo-vao-contar-na-eleicao","http://pbs.twimg.com/media/DYq5alMWsAIXDZQ.jpg","https://t.co/FZXR4GQmdk","https://twitter.com/paololibano/status/975796140586274816/photo/1","photo","http://pbs.twimg.com/media/DYq5alMWsAIXDZQ.jpg","https://t.co/FZXR4GQmdk","https://twitter.com/paololibano/status/975796140586274816/photo/1",,"x73745956","alvarodias_","pt",,,,,,,,,,,,,,"alvarodias_"
"x975777270399938560",2018-03-19 16:53:24,"x441108081","RenataAbreuDep","Parabéns, São José do Rio Preto!  Junto com @alvarodias_ , podemos fazer muito mais! Contem sempre conosco! 
#Podemos19 https://t.co/i9gHDZFIN9","Twitter for iPhone",,,,FALSE,FALSE,37,5,"Podemos19",,,,,"http://pbs.twimg.com/media/DYqn7NYX4AAOemO.jpg","https://t.co/i9gHDZFIN9","https://twitter.com/RenataAbreuDep/status/975777270399938560/photo/1","photo","http://pbs.twimg.com/media/DYqn7NYX4AAOemO.jpg","https://t.co/i9gHDZFIN9","https://twitter.com/RenataAbreuDep/status/975777270399938560/photo/1",,"x73745956","alvarodias_","pt",,,,,,,,,,,,,,"alvarodias_"
"x975759721381679104",2018-03-19 15:43:40,"x1195036404","projecadms","@alvarodias_ Gostei da entrevista no Povo na TV. Parabéns.","Twitter for Android","x975745876474900481","x73745956","alvarodias_",FALSE,FALSE,1,0,,,,,,,,,,,,,,"x73745956","alvarodias_","pt",,,,,,,,,,,,,,"alvarodias_"
"x975722964657295365",2018-03-19 13:17:37,"x247695970","celsoiunes","@alvarodias_ <f0><U+009F><U+0091><U+008F><f0><U+009F><U+0091><U+008F><f0><U+009F><U+0091><U+008F>","Twitter for Android","x975722755827040258","x73745956","alvarodias_",FALSE,FALSE,1,0,,,,,,,,,,,,,,"x73745956","alvarodias_","und",,,,,,,,,,,,,,"alvarodias_"
"x975717438087221248",2018-03-19 12:55:39,"x370924800","HonordeMedeiros","@alvarodias_ Algo profundamente envergonhante. É por isso que somos motivo de chacota mundo afora.","Twitter for iPhone","x975385757870383104","x73745956","alvarodias_",FALSE,FALSE,2,1,,,,,,,,,,,,,,"x73745956","alvarodias_","pt",,,,,,,,,,,,,,"alvarodias_"
"x975044564552646658",2018-03-17 16:21:54,"x64088305","eme_silva2009","@jdeandradeneto É por isso que meu voto vai para Álvaro Dias! Álvaro Dias presidente! #AlvaroDiaspresidente","Twitter for Android","x975002706673852416","x95347466","jdeandradeneto",FALSE,FALSE,1,1,"AlvaroDiaspresidente",,,,,,,,,,,,,"x95347466","jdeandradeneto","pt",,,,,,,,,,,,,,"alvarodias_"
"x975037927741894662",2018-03-17 15:55:31,"x791053514915123200","CarlosDviivlx","@MichelTemer ÁLVARO DIAS PRESIDENTE JÁ","Twitter for Android","x974807239432294400","x39591928","MichelTemer",FALSE,FALSE,1,0,,,,,,,,,,,,,,"x39591928","MichelTemer","es",,,,,,,,,,,,,,"alvarodias_"
"x974707550120759297",2018-03-16 18:02:43,"x67791839","paololibano","""A Reforma tem que começar no andar de cima"", afirma o pré-candidato @alvarodias_ (PODE) https://t.co/NKz17vezmj","Twitter for Android",,,,FALSE,FALSE,58,6,,,"diariodegoias.com.br/politica/10211…","https://t.co/NKz17vezmj","https://diariodegoias.com.br/politica/102116-a-reforma-tem-que-comecar-no-andar-de-cima-afirma-o-pre-candidato-alvaro-dias-pode",,,,,,,,,"x73745956","alvarodias_","pt",,,,,,,,,,,,,,"alvarodias_"
"x974706872895774720",2018-03-16 18:00:02,"x40095953","SenadoFederal","Para o autor do projeto, a progressão continuada está na origem de vários outros males da educação brasileira. Saiba mais: https://t.co/PMdGRycOIg
Qual a sua opinião sobre o projeto? Vote: https://t.co/UoVc5sGaIK https://t.co/SEmb0HqkIT","TweetDeck",,,,FALSE,FALSE,150,38,,,"bit.ly/2tYk4eC bit.ly/PLS336_2017","https://t.co/PMdGRycOIg https://t.co/UoVc5sGaIK","http://bit.ly/2tYk4eC http://bit.ly/PLS336_2017","http://pbs.twimg.com/media/DYbWnH0W0AIgw5D.jpg","https://t.co/SEmb0HqkIT","https://twitter.com/SenadoFederal/status/974706872895774720/photo/1","photo","http://pbs.twimg.com/media/DYbWnH0W0AIgw5D.jpg","https://t.co/SEmb0HqkIT","https://twitter.com/SenadoFederal/status/974706872895774720/photo/1",,,,"pt",,,,,,,,,,,,,,"alvarodias_"
"x974680289392852992",2018-03-16 16:14:24,"x361836159","LeiaRachor","@anaamelialemos @lasiermartins @JoseMedeirosMT @onyxlorenzoni @HeitorSchuch @Yeda_Crusius45 @MagnoMalta @jairbolsonaro @alvarodias_ @ronaldocaiado @randolfeap 
NÃO PODEMOS ACEITAR MAIS ESSA AFRONTA AO POVO BRASILEIRO
NÃO A MAIS ESSA COBRANÇA
#AcordaBrasil 
https://t.co/akYTRI1AUs","Twitter Web Client",,"x121601881","anaamelialemos",FALSE,FALSE,1,0,"AcordaBrasil",,"g1.globo.com/carros/noticia…","https://t.co/akYTRI1AUs","https://g1.globo.com/carros/noticia/motoristas-precisarao-fazer-curso-e-prova-teorica-para-renovar-a-cnh.ghtml",,,,,,,,,"x121601881 202807015 157226645 43041690 362474640 827279715001995264 1892161033 128372940 73745956 32101740 85327394","anaamelialemos lasiermartins JoseMedeirosMT onyxlorenzoni HeitorSchuch Yeda_Crusius45 MagnoMalta jairbolsonaro alvarodias_ ronaldocaiado randolfeap","pt",,,,,,,,,,,,,,"alvarodias_"
"x974674659307327488",2018-03-16 15:52:02,"x114899893","joaolustosa_","Juntos @ronaldocaiado e 
@alvarodias_  PODEMOS ter um Brasil muito melhor para todos os brasileiros. https://t.co/YzijoSKOxF","Twitter for iPhone",,,,TRUE,FALSE,16,3,,,"twitter.com/ronaldocaiado/…","https://t.co/YzijoSKOxF","https://twitter.com/ronaldocaiado/status/974451121241587712",,,,,,,,,"x32101740 73745956","ronaldocaiado alvarodias_","pt","x974451121241587712","Da mesma forma que confio na capacidade das lideranças nacionais em construir uma unidade em torno de um nome que represente os anseios da população. O senador Álvaro é um homem respeitado em todo o País e soma muito nesse processo. https://t.co/TvmrUsNFTN",,,,,,,,,,,,"alvarodias_"
"x974672816665710593",2018-03-16 15:44:42,"x441108081","RenataAbreuDep","VISITANTES ILUSTRES
Segunda-feira (19), o senador @alvarodias_ e eu seremos agraciados com o título de Visitante Ilustre de Campo Grande (MS). Obrigada, vereadora Enfermeira Cida, pela indicação, e demais parlamentares. 
#JuntosPodemosMudaroBrasil
#PodemosCampoGrande https://t.co/kZcXWAzzDB","Twitter for iPhone",,,,FALSE,FALSE,43,7,"JuntosPodemosMudaroBrasil PodemosCampoGrande",,,,,"http://pbs.twimg.com/media/DYa7vNTXUAEOvTc.jpg","https://t.co/kZcXWAzzDB","https://twitter.com/RenataAbreuDep/status/974672816665710593/photo/1","photo","http://pbs.twimg.com/media/DYa7vNTXUAEOvTc.jpg","https://t.co/kZcXWAzzDB","https://twitter.com/RenataAbreuDep/status/974672816665710593/photo/1",,"x73745956","alvarodias_","pt",,,,,,,,,,,,,,"alvarodias_"
"x974627426172010501",2018-03-16 12:44:20,"x114899893","joaolustosa_","A exatamente 31 anos Governador @alvarodias_  tomava posse com a seguinte frase: “Só vale a verdade”. Deixou o governo com 93% de aprovação. https://t.co/INaGfpJsFe","Twitter for iPhone",,,,FALSE,FALSE,44,8,,,,,,"http://pbs.twimg.com/media/DYaSek3WkAEox9Y.jpg","https://t.co/INaGfpJsFe","https://twitter.com/joaolustosa_/status/974627426172010501/photo/1","photo","http://pbs.twimg.com/media/DYaSek3WkAEox9Y.jpg","https://t.co/INaGfpJsFe","https://twitter.com/joaolustosa_/status/974627426172010501/photo/1",,"x73745956","alvarodias_","pt",,,,,,,,,,,,,,"alvarodias_"
"x974345601394626560",2018-03-15 18:04:28,"x67791839","paololibano","Alimentar a hipótese de Lula candidato não faz bem à democracia, diz @alvarodias_ https://t.co/oVlLIEJyc9 https://t.co/GruzUv03PR","Twitter for Android",,,,FALSE,FALSE,36,7,,,"jovempan.uol.com.br/eleicoes-2018/…","https://t.co/oVlLIEJyc9","http://jovempan.uol.com.br/eleicoes-2018/presidenciais/alimentar-a-hipotese-de-lula-candidato-nao-faz-bem-a-democracia-diz-alvaro-dias.html","http://pbs.twimg.com/media/DYWSKLhW0AEdO7p.jpg","https://t.co/GruzUv03PR","https://twitter.com/paololibano/status/974345601394626560/photo/1","photo","http://pbs.twimg.com/media/DYWSKLhW0AEdO7p.jpg","https://t.co/GruzUv03PR","https://twitter.com/paololibano/status/974345601394626560/photo/1",,"x73745956","alvarodias_","pt",,,,,,,,,,,,,,"alvarodias_"
"x974336969844183047",2018-03-15 17:30:10,"x67791839","paololibano","""A morte da vereadora Marielle e de tantos outros brasileiros. Não podemos mais conviver com tanta insegurança!""
@alvarodias_ https://t.co/zBVh8v79CD","Twitter for Android",,,,TRUE,FALSE,20,3,,,"twitter.com/alvarodias_/st…","https://t.co/zBVh8v79CD","https://twitter.com/alvarodias_/status/974320148390776832",,,,,,,,,"x73745956","alvarodias_","pt","x974320148390776832","A morte da vereadora Marielle e de tantos outros brasileiros. Não podemos mais conviver com tanta insegurança! #AlvaroDias  https://t.co/f4pjRCj6la https://t.co/cAJmTRvDRZ",,,,,,,,,,,,"alvarodias_"
"x974333774333923331",2018-03-15 17:17:28,"x66441340","ChikJeitoso","O BRUXO VEM AÍ PARA SER O CAMPEÃO DE VOTOS! https://t.co/yT9oziV0V3 @GloboNews @esmaelmorais @gazetadopovo @portalbemparana @alvarodias_ @cidaborghetti_ @OsmarDiasPR @RequiaoFilho @joicehasselmann @BandCuritiba @CBNCuritiba @BandNewsFMCtba @paranaportal @PortalBandaB @tvfoco","Twitter Web Client",,,,FALSE,FALSE,1,1,,,"blogchikjeitoso.com.br/2017/12/o-brux…","https://t.co/yT9oziV0V3","http://www.blogchikjeitoso.com.br/2017/12/o-bruxo-vem-ai-para-ser-o-campeao-de.html",,,,,,,,,"x142393421 19657485 15084884 53425538 73745956 58516618 69295986 333720455 116519514 171167229 38413341 39423297 2709871813 68498809 54585834","GloboNews esmaelmorais gazetadopovo portalbemparana alvarodias_ cidaborghetti_ OsmarDiasPR RequiaoFilho joicehasselmann BandCuritiba CBNCuritiba BandNewsFMCtba paranaportal PortalBandaB tvfoco","pt",,,,,,,,,,,,,,"alvarodias_"
"x974329789598355457",2018-03-15 17:01:38,"x441108081","RenataAbreuDep","@PaganottiCunha @alvarodias_ Muito importante contar com seu apoio @PaganottiCunha. Vamos juntos, #Podemos!","Twitter Web Client","x972934081527910400","x867471859","PaganottiCunha",FALSE,FALSE,2,0,"Podemos",,,,,,,,,,,,,"x867471859 73745956 867471859","PaganottiCunha alvarodias_ PaganottiCunha","pt",,,,,,,,,,,,,,"alvarodias_"
"x974297581244305413",2018-03-15 14:53:39,"x235559412","antoniobaiarn","Triste com assassinato da vereadora, não podemos permitir esse genocidio  no Brasil https://t.co/WRqf9vym4L","Twitter for iPhone",,,,TRUE,FALSE,11,1,,,"twitter.com/alvarodias_/st…","https://t.co/WRqf9vym4L","https://twitter.com/alvarodias_/status/974277152962211841",,,,,,,,,,,"pt","x974277152962211841","Mais um crime grotesco, mais um capítulo da barbárie que vem se tornando uma triste rotina na vida de todos os brasileiros. Expresso meu profundo pesar e toda minha solidariedade à família, amigos e eleitores de Marielle Franco. #AlvaroDias   https://t.co/Wkzs4JiJsZ https://t.co/fycLBPSCvg",,,,,,,,,,,,"alvarodias_"
"x974293708664434688",2018-03-15 14:38:16,"x29238512","dumagno","@alvarodias_ Boa! https://t.co/1cAoakOaqs","Twitter Web Client","x974293283756298242","x73745956","alvarodias_",FALSE,FALSE,1,0,,,,,,"http://pbs.twimg.com/tweet_video_thumb/DYVi9ZGW4AAfdi2.jpg","https://t.co/1cAoakOaqs","https://twitter.com/dumagno/status/974293708664434688/photo/1","photo","http://pbs.twimg.com/tweet_video_thumb/DYVi9ZGW4AAfdi2.jpg","https://t.co/1cAoakOaqs","https://twitter.com/dumagno/status/974293708664434688/photo/1",,"x73745956","alvarodias_","und",,,,,,,,,,,,,,"alvarodias_"
"x974292268294295553",2018-03-15 14:32:32,"x109641440","fabiorutka","Retweeted Alvaro Dias (@alvarodias_):

Mais um crime grotesco, mais um capítulo da barbárie que vem se tornando... https://t.co/rlZKPvw3yn","Facebook",,,,FALSE,FALSE,2,0,,,"fb.me/9pW7z8Kvh","https://t.co/rlZKPvw3yn","https://fb.me/9pW7z8Kvh",,,,,,,,,"x73745956","alvarodias_","pt",,,,,,,,,,,,,,"alvarodias_"
"x974291582630416387",2018-03-15 14:29:49,"x875484522648932352","SilvaMarcosDS","@alvarodias_ Vem se tornando rotina não já  se tornou.","Twitter for Android","x974277152962211841","x73745956","alvarodias_",FALSE,FALSE,1,0,,,,,,,,,,,,,,"x73745956","alvarodias_","pt",,,,,,,,,,,,,,"alvarodias_"
"x973965931302047747",2018-03-14 16:55:48,"x109641440","fabiorutka","Retweeted Alvaro Dias (@alvarodias_):

O caos na segurança pública: milícias se multiplicam e impõem rotina de... https://t.co/O26KK3zlx2","Facebook",,,,FALSE,FALSE,8,0,,,"fb.me/1yRiB5fU6","https://t.co/O26KK3zlx2","https://fb.me/1yRiB5fU6",,,,,,,,,"x73745956","alvarodias_","pt",,,,,,,,,,,,,,"alvarodias_"
"x973951777178574849",2018-03-14 15:59:33,"x109641440","fabiorutka","Retweeted Alvaro Dias (@alvarodias_):

Um dos maiores cientistas da atualidade, Stephen Hawking, morreu nesta... https://t.co/JwcFHeyDgW","Facebook",,,,FALSE,FALSE,3,0,,,"fb.me/J3ObJZkU","https://t.co/JwcFHeyDgW","https://fb.me/J3ObJZkU",,,,,,,,,"x73745956","alvarodias_","es",,,,,,,,,,,,,,"alvarodias_"
"x973898632620597248",2018-03-14 12:28:22,"x9179462","madeleinelacsko","Lembre-se de olhar para cima, para as estrelas, e não para baixo, para os seus pés.

Nunca deixe de trabalhar. Trabalhar te dá significado e propósito, e a vida é vazia sem isso.

Se você tiver sorte suficiente para encontrar o amor, lembre que ele está lá e não jogue fora.
<U+2764><U+FE0F> https://t.co/8aRmzX0WpD","Twitter for iPhone",,,,FALSE,FALSE,151,31,,,,,,"http://pbs.twimg.com/media/DYP7oq2WkAE8Cj1.jpg","https://t.co/8aRmzX0WpD","https://twitter.com/madeleinelacsko/status/973898632620597248/photo/1","photo","http://pbs.twimg.com/media/DYP7oq2WkAE8Cj1.jpg","https://t.co/8aRmzX0WpD","https://twitter.com/madeleinelacsko/status/973898632620597248/photo/1",,,,"pt",,,,,,,,,,,,,,"alvarodias_"
"x973894106282938368",2018-03-14 12:10:23,"x454061147","subeida1","@pmniemeyer @gnatalini @edsondmbueno @jornalistavitor @veranimer @sopiecharlotte1 @Guerraitanhaem @paololibano @dasilvasouzade1 @blumapv @lufeldman @Uma_Brasileira @Coimbrajrc @sandrarocampos @deputado_penna @alvarodias_ @pvitanhaemsp @paulacamara_ @Nowhere_Forever Sempre foi e será. Bom dia Paulo<f0><U+009F><U+0098><U+0098><f0><U+009F><U+0092><U+0099>","Twitter for iPhone","x973893925831364608","x3316208709","pmniemeyer",FALSE,FALSE,6,0,,,,,,,,,,,,,,"x3316208709 35879806 142655163 113410319 61780767 4045857501 4237729961 67791839 3253033096 169517972 39319245 80629240 1976528852 951495667062591489 58946974 73745956 4267349368 989053890 973576477278076928","pmniemeyer gnatalini edsondmbueno jornalistavitor veranimer sopiecharlotte1 Guerraitanhaem paololibano dasilvasouzade1 blumapv lufeldman Uma_Brasileira Coimbrajrc sandrarocampos deputado_penna alvarodias_ pvitanhaemsp paulacamara_ Nowhere_Forever","pt",,,,,,,,,,,,,,"alvarodias_"
"x973866132603097089",2018-03-14 10:19:14,"x964826686004060160","SilvaJarllys","#QuartaDetremuraSDV
Eu indico o @podemos_19 para uma nova conjuntura política no país com @alvarodias_ pra Presidente, #Maura Jorge pra Governadora do Maranhão e #Ronaldo Serra pra Deputado Federal do Maranhão https://t.co/nIXR3jcSLD","Twitter for Android",,,,FALSE,FALSE,8,0,"QuartaDetremuraSDV Maura Ronaldo",,,,,"http://pbs.twimg.com/media/DYPeCtNXUAAfIqe.jpg","https://t.co/nIXR3jcSLD","https://twitter.com/SilvaJarllys/status/973866132603097089/photo/1","photo","http://pbs.twimg.com/media/DYPeCtNXUAAfIqe.jpg","https://t.co/nIXR3jcSLD","https://twitter.com/SilvaJarllys/status/973866132603097089/photo/1",,"x868487844595212288 73745956","podemos_19 alvarodias_","pt",,,,,,,,,,,,,,"alvarodias_"
"x973706451138031617",2018-03-13 23:44:43,"x67791839","paololibano","Eleito o melhor governador do país @alvarodias_ deixou o governo do Paraná com 93% de aprovação https://t.co/Tm17400bXK","Twitter for Android",,,,FALSE,FALSE,48,15,,,,,,"http://pbs.twimg.com/media/DYNM1gjWAAY7EEV.jpg","https://t.co/Tm17400bXK","https://twitter.com/paololibano/status/973706451138031617/photo/1","photo","http://pbs.twimg.com/media/DYNM1gjWAAY7EEV.jpg","https://t.co/Tm17400bXK","https://twitter.com/paololibano/status/973706451138031617/photo/1",,"x73745956","alvarodias_","pt",,,,,,,,,,,,,,"alvarodias_"
"x973670443470196741",2018-03-13 21:21:38,"x838771372872564737","NivaldoGeraldo1","@alvarodias_ Muito certo","Twitter for Android","x973531075346620417","x73745956","alvarodias_",FALSE,FALSE,1,0,,,,,,,,,,,,,,"x73745956","alvarodias_","pt",,,,,,,,,,,,,,"alvarodias_"
"x973666173068959744",2018-03-13 21:04:40,"x731234746953551872","GilsonLamaur","@HeloisaFernande @alvarodias_ É verdade! Diversas vezes eu voei de São Paulo para Curitiba e ele sempre esteve junto com as pessoas sem ser hostilizado.","Twitter for Android","x973204596523978754","x54195440","HeloisaFernande",FALSE,FALSE,2,1,,,,,,,,,,,,,,"x54195440 73745956","HeloisaFernande alvarodias_","pt",,,,,,,,,,,,,,"alvarodias_"
"x973657543615672322",2018-03-13 20:30:22,"x62551294","valtinho45","Concordo plenamente https://t.co/cbRzwiT0oC","Twitter for Android",,,,TRUE,FALSE,6,0,,,"twitter.com/alvarodias_/st…","https://t.co/cbRzwiT0oC","https://twitter.com/alvarodias_/status/973644550412566528",,,,,,,,,,,"pt","x973644550412566528","Leiam essa nota do site @o_antagonista https://t.co/IUW7HJfXYQ",,,,,,,,,,,,"alvarodias_"
"x973651514207195136",2018-03-13 20:06:25,"x2885344191","paulomarcos644","@alvarodias_ @o_antagonista O Brasil caminha a Passos largos pr ser mais uma Venezuela.","Twitter for Android","x973644550412566528","x73745956","alvarodias_",FALSE,FALSE,1,0,,,,,,,,,,,,,,"x73745956 2880932962","alvarodias_ o_antagonista","pt",,,,,,,,,,,,,,"alvarodias_"
"x973651200817205249",2018-03-13 20:05:10,"x960963040509341697","marcosalopes8","@alvarodias_ <f0><U+009F><U+0098><U+009F><f0><U+009F><U+0098><U+009F><f0><U+009F><U+0098><U+009F><f0><U+009F><U+0098><U+009F><f0><U+009F><U+0098><U+009F><f0><U+009F><U+0098><U+009F><f0><U+009F><U+0098><U+009F>","Twitter Lite","x973642980778225664","x73745956","alvarodias_",FALSE,FALSE,2,0,,,,,,,,,,,,,,"x73745956","alvarodias_","und",,,,,,,,,,,,,,"alvarodias_"
"x973646256051507201",2018-03-13 19:45:31,"x94095262","adilson467","@alvarodias_ @o_antagonista Triste realidade!","Twitter for iPhone","x973644550412566528","x73745956","alvarodias_",FALSE,FALSE,1,0,,,,,,,,,,,,,,"x73745956 2880932962","alvarodias_ o_antagonista","pt",,,,,"https://api.twitter.com/1.1/geo/id/559fe09585259001.json","Palmas","Palmas, Brazil","city","Brazil","BR",,,"-48.409304 -47.7936168 -47.7936168 -48.409304 -10.482253 -10.482253 -9.749019 -9.749019","alvarodias_"
"x973645965776359425",2018-03-13 19:44:22,"x86388277","roberta_jorn","Advogados são culpados por Lava Jato não pegar juízes, diz ex-magistrada linha-dura https://t.co/zINfCqldvR  via @gprepublica","Twitter Web Client",,,,FALSE,FALSE,28,16,,,"bit.ly/2FDRlwO","https://t.co/zINfCqldvR","http://bit.ly/2FDRlwO",,,,,,,,,"x135931441","gprepublica","pt",,,,,,,,,,,,,,"alvarodias_"
"x973645694216044544",2018-03-13 19:43:17,"x493464006","rickwagner7","@fcwb14 @alvarodias_ Com esses parlamentares que estão hoje no Congresso? Difícil heim! Mas se conseguirmos renovar o CN com candidatos que assumam compromisso nesse sentido, quem sabe conseguiremos.","Twitter for Android","x973644227207933952","x3376808435","fcwb14",FALSE,FALSE,1,0,,,,,,,,,,,,,,"x3376808435 73745956","fcwb14 alvarodias_","pt",,,,,,,,,,,,,,"alvarodias_"
"x973642197470928896",2018-03-13 19:29:23,"x84076180","AnaPaulaVolei","Com imensa tristeza recebo a notícia do falecimento do nosso querido amigo, Bebeto de Freitas. Bebeto brilhou como jogador e técnico nas quadras do Brasil e do mundo. Em 1984, mudou todo o curso do vôlei nacional nos colocando no topo do esporte, onde permanecemos até hj.<f0><U+009F><U+0099><U+008F><f0><U+009F><U+0098><U+00A2><U+2764><U+FE0F> https://t.co/ZHsyd0f9Ba","Twitter Web Client",,,,FALSE,FALSE,6100,757,,,,,,"http://pbs.twimg.com/media/DYMMJpYU0AAT3fK.jpg","https://t.co/ZHsyd0f9Ba","https://twitter.com/AnaPaulaVolei/status/973642197470928896/photo/1","photo","http://pbs.twimg.com/media/DYMMJpYU0AAT3fK.jpg","https://t.co/ZHsyd0f9Ba","https://twitter.com/AnaPaulaVolei/status/973642197470928896/photo/1",,,,"pt",,,,,,,,,,,,,,"alvarodias_"
"x973635872284397570",2018-03-13 19:04:15,"x926242587391995904","avjvilla","@alvarodias_ Certo.","Twitter for iPhone","x973531075346620417","x73745956","alvarodias_",FALSE,FALSE,2,0,,,,,,,,,,,,,,"x73745956","alvarodias_","es",,,,,,,,,,,,,,"alvarodias_"
"x973635224256024576",2018-03-13 19:01:41,"x3376808435","fcwb14","Atenção! Contra fatos e dados é muito difícil ter argumentos contrários! . Senador @alvarodias_  isso serve para embasar seu projeto https://t.co/OIr53c0oZz","Twitter for iPhone",,,,TRUE,FALSE,35,6,,,"twitter.com/implicante_org…","https://t.co/OIr53c0oZz","https://twitter.com/implicante_org/status/973609133479026691",,,,,,,,,"x73745956","alvarodias_","pt","x973609133479026691","Cortando os próprios privilégios, Reguffe provou que o Senado pode economizar R$ 1,3 bilhão https://t.co/H7840aBIdn",,,,,,,,,,,,"alvarodias_"
"x973633024591126530",2018-03-13 18:52:56,"x67791839","paololibano","https://t.co/RyjbNyCSFk","Twitter for Android",,,,FALSE,FALSE,42,13,,,,,,"http://pbs.twimg.com/media/DYMKCocW4AAE6HD.jpg","https://t.co/RyjbNyCSFk","https://twitter.com/paololibano/status/973633024591126530/photo/1","photo","http://pbs.twimg.com/media/DYMKCocW4AAE6HD.jpg","https://t.co/RyjbNyCSFk","https://twitter.com/paololibano/status/973633024591126530/photo/1",,,,"und",,,,,,,,,,,,,,"alvarodias_"
"x973631060344000513",2018-03-13 18:45:08,"x917124680900804609","IsabelNoll","@alvarodias_ Muito agradecida pela resposta. Estou na torcida pelo senhor senador.","Twitter for Android","x973630745532141568","x73745956","alvarodias_",FALSE,FALSE,1,0,,,,,,,,,,,,,,"x73745956","alvarodias_","pt",,,,,,,,,,,,,,"alvarodias_"
"x973623894207877120",2018-03-13 18:16:40,"x970147218102607872","RemanescenteO","@alvarodias_ Não estou generalizando  mas é a maioria.","Twitter for Android","x973623263225147393","x73745956","alvarodias_",FALSE,FALSE,1,0,,,,,,,,,,,,,,"x73745956","alvarodias_","pt",,,,,,,,,,,,,,"alvarodias_"
"x973623746476101633",2018-03-13 18:16:04,"x970147218102607872","RemanescenteO","@alvarodias_ A maioria dos bons vem da iniciativa privada, onde corajosamente tenham fazer algo. Mas dificilmente chega nas grandes esferas devido ao corporativismo político.","Twitter for Android","x973623263225147393","x73745956","alvarodias_",FALSE,FALSE,1,0,,,,,,,,,,,,,,"x73745956","alvarodias_","pt",,,,,,,,,,,,,,"alvarodias_"
"x973622822525460481",2018-03-13 18:12:24,"x882781460364746752","VieirWilson","@alvarodias_ Totalmente!","Twitter for Android","x973531075346620417","x73745956","alvarodias_",FALSE,FALSE,1,0,,,,,,,,,,,,,,"x73745956","alvarodias_","ca",,,,,,,,,,,,,,"alvarodias_"
"x973621939733491712",2018-03-13 18:08:54,"x970147218102607872","RemanescenteO","@alvarodias_ Uma pessoas que sempre trabalhou na gestão publica, só consegue ser um gestor da iniciativa privada quando usa do seu poder de relacionamento, nunca por competência.","Twitter for Android","x973615451128389632","x73745956","alvarodias_",FALSE,FALSE,1,0,,,,,,,,,,,,,,"x73745956","alvarodias_","pt",,,,,,,,,,,,,,"alvarodias_"
"x973621674846359555",2018-03-13 18:07:50,"x702274239097868288","mauro_broncos","@zealbertorios2 @alvarodias_ @AlvaroDias2018 Vamos e estamos fazendo campanha aqui com certeza!!!","Twitter for iPhone","x973585233365921793","x743413749055365120","zealbertorios2",FALSE,FALSE,3,0,,,,,,,,,,,,,,"x743413749055365120 73745956 1335150697","zealbertorios2 alvarodias_ AlvaroDias2018","pt",,,,,,,,,,,,,,"alvarodias_"
"x973619326782722048",2018-03-13 17:58:31,"x99260273","sergiogsjr","@alvarodias_ Parabéns senador e muito obrigado pela atenção.","Twitter for Android","x973618682206310401","x73745956","alvarodias_",FALSE,FALSE,1,0,,,,,,,,,,,,,,"x73745956","alvarodias_","pt",,,,,,,,,,,,,,"alvarodias_"
"x973611567479705606",2018-03-13 17:27:41,"x67791839","paololibano","Política Real - @alvarodias_ fala de suas propostas para o Nordeste e afirma que é necessário investir em energia limpa https://t.co/1RzL8Vmhhi","Twitter for Android",,,,FALSE,FALSE,40,7,,,"politicareal.com.br/noticias/norde…","https://t.co/1RzL8Vmhhi","http://www.politicareal.com.br/noticias/nordestinas/576446/alvaro-dias-fala-de-suas-propostas-para-o-nordeste-e-afirma-que-e-necessario-investir-em-energia-limpa#.WqgJkfXmSN4.twitter",,,,,,,,,"x73745956","alvarodias_","pt",,,,,,,,,,,,,,"alvarodias_"
"x973598942616309760",2018-03-13 16:37:31,"x4873079512","edmagjr","@alvarodias_ E que não tenha radicais, extremistas e preconceituosos em seu partido.","Twitter for Android","x973562385792454657","x73745956","alvarodias_",FALSE,FALSE,1,0,,,,,,,,,,,,,,"x73745956","alvarodias_","pt",,,,,,,,,,,,,,"alvarodias_"
"x973585233365921793",2018-03-13 15:43:02,"x743413749055365120","zealbertorios2","Muito boa notícia Senador Alvaro Dias cresce no Nordeste que o senhor vai pro segundo turno! https://t.co/SfVYSgwdbh","Twitter for iPhone",,,,TRUE,FALSE,31,2,,,"twitter.com/alvarodias_/st…","https://t.co/SfVYSgwdbh","https://twitter.com/alvarodias_/status/973286140848558080",,,,,,,,,,,"pt","x973286140848558080","Você se lembra da nota publicada pelo Radar da Veja, no último sábado? Pois é...Hoje a verdade começou a vir a tona. Tudo não passou de uma grande armação para prejudicar o senador Alvaro Dias. #ADComunicação #FakeNews https://t.co/coFDlOJDMy https://t.co/uQaWSAxDUo",,,"https://api.twitter.com/1.1/geo/id/8d9baf28d47659d8.json","Itupiranga","Itupiranga, Brasil","city","Brazil","BR",,,"-50.515597 -49.3112831 -49.3112831 -50.515597 -5.466996 -5.466996 -4.687249 -4.687249","alvarodias_"
"x973584660730138624",2018-03-13 15:40:46,"x967533464093327361","Edilsonbsb","@alvarodias_ O Nordeste sempre ficou em 2° plano pelos governos. Infelizmente. Isso pq é maior região em números de UF.","Twitter for Android","x973577587405533184","x73745956","alvarodias_",FALSE,FALSE,1,0,,,,,,,,,,,,,,"x73745956","alvarodias_","pt",,,,,,,,,,,,,,"alvarodias_"
"x973584089021370368",2018-03-13 15:38:29,"x338064206","JanduirPessoa1","Concordo, e isso é urgente senador. https://t.co/gxbCDnaogX","Twitter Web Client",,,,TRUE,FALSE,16,1,,,"twitter.com/alvarodias_/st…","https://t.co/gxbCDnaogX","https://twitter.com/alvarodias_/status/973531075346620417",,,,,,,,,,,"pt","x973531075346620417","Moro está certo, vocês não acham? #ADComunicação   https://t.co/BzQlFv1VnH https://t.co/oybv2iluZn",,,,,,,,,,,,"alvarodias_"
"x973583270553235456",2018-03-13 15:35:14,"x823668222566207488","eduardossc123","@alvarodias_ Apoio","Twitter Web Client","x973577587405533184","x73745956","alvarodias_",FALSE,FALSE,1,0,,,,,,,,,,,,,,"x73745956","alvarodias_","pt",,,,,,,,,,,,,,"alvarodias_"
"x973549046055960577",2018-03-13 13:19:14,"x939519915672920065","LuizRobertoVie2","@alvarodias_ Sim. O combate à corrupção tem que ser implacável. Penas mais severas .","Twitter for Android","x973531075346620417","x73745956","alvarodias_",FALSE,FALSE,1,0,,,,,,,,,,,,,,"x73745956","alvarodias_","pt",,,,,,,,,,,,,,"alvarodias_"
"x973546625607053312",2018-03-13 13:09:37,"x967533464093327361","Edilsonbsb","@alvarodias_ Álvaro Dias (Presidente) Sérgio Moro (Min. STF).","Twitter Web Client","x973531075346620417","x73745956","alvarodias_",FALSE,FALSE,1,0,,,,,,,,,,,,,,"x73745956","alvarodias_","pt",,,,,,,,,,,,,,"alvarodias_"
"x973541219497332736",2018-03-13 12:48:08,"x157836806","ferebello","Esperamos dos outros tb @STF_oficial https://t.co/qswC8HbqhL","Twitter for iPhone",,,,TRUE,FALSE,13,0,,,"twitter.com/alvarodias_/st…","https://t.co/qswC8HbqhL","https://twitter.com/alvarodias_/status/973540814302433281",,,,,,,,,"x68313718","STF_oficial","pt","x973540814302433281","Fachin é um dos ministros do STF que não estão cedendo à pressão para mudar sua posição em relação à prisão após condenação em segunda instância.
 #ADComunicação   https://t.co/Xk1im1pHkI https://t.co/7iyQ0kyh1k",,,,,,,,,,,,"alvarodias_"
"x973541144918417408",2018-03-13 12:47:51,"x234803815","gugusirino","@alvarodias_ Com toda a certeza está correto, pois um plano de mudança contra corrupção necessita de estratégia, e isto vai da formatação de regras(leis), cultura e costumes no país, onde que após implementação gradual, aos poucos descartaremos a banda podre.","Twitter Web Client","x973531075346620417","x73745956","alvarodias_",FALSE,FALSE,1,0,,,,,,,,,,,,,,"x73745956","alvarodias_","pt",,,,,,,,,,,,,,"alvarodias_"
"x973537842227040256",2018-03-13 12:34:43,"x3066018711","RonaldoFerrero","@alvarodias_ A certeza do Moro é que não poderá morar no Brasil em https://t.co/skwlNt6mIm apagar dos holofotes começará seu martírio.","Twitter for Android","x973531075346620417","x73745956","alvarodias_",FALSE,FALSE,1,0,,,"2019.No","https://t.co/skwlNt6mIm","http://2019.No",,,,,,,,,"x73745956","alvarodias_","pt",,,,,,,,,,,,,,"alvarodias_"
"x973301723392565248",2018-03-12 20:56:28,"x327720880","aruthcao","@VozdoPovo3 @ellentwiss @willcarvalho61 @Drarosania @converseconsul1 @macunaimaz @MOACIRP42224337 @dalbertolr @elianegsegui @BelCarvalho5 @Gui_iah @CirciCabelino @Athiabalba @AnjokaBramax @BecaBrix @flago_65 @Vsilveira2014 @AraciPatriota @MIGUXAHEOLI @alvarodias_ @jairbolsonaro Também não ataco o Álvaro! Respeito sempre!","Twitter for Android","x973300170946482177","x399627372","VozdoPovo3",FALSE,FALSE,8,0,,,,,,,,,,,,,,"x399627372 74966011 764606346918518784 206882977 2920352957 37723058 934139775539470337 3156174195 1626697196 84726615 169971421 633015465 37499660 50844182 1601975816 779844450147237889 2356897700 73745956 128372940","VozdoPovo3 ellentwiss willcarvalho61 Drarosania converseconsul1 macunaimaz MOACIRP42224337 dalbertolr elianegsegui CirciCabelino Athiabalba AnjokaBramax BecaBrix flago_65 Vsilveira2014 AraciPatriota MIGUXAHEOLI alvarodias_ jairbolsonaro","pt",,,,,,,,,,,,,,"alvarodias_"
"x973300170946482177",2018-03-12 20:50:18,"x399627372","VozdoPovo3","@aruthcao @ellentwiss @willcarvalho61 @Drarosania @converseconsul1 @macunaimaz @MOACIRP42224337 @dalbertolr @elianegsegui @BelCarvalho5 @Gui_iah @CirciCabelino @Athiabalba @AnjokaBramax @BecaBrix @flago_65 @Vsilveira2014 @AraciPatriota @MIGUXAHEOLI Voto em @alvarodias_ mas nunca fiz um ataque a @jairbolsonaro vamos lutar todos contra a corrupção.","Twitter Web Client","x973299531256299520","x327720880","aruthcao",FALSE,FALSE,11,5,,,,,,,,,,,,,,"x327720880 74966011 764606346918518784 206882977 2920352957 37723058 934139775539470337 3156174195 1626697196 84726615 169971421 633015465 37499660 50844182 1601975816 779844450147237889 2356897700 73745956 128372940","aruthcao ellentwiss willcarvalho61 Drarosania converseconsul1 macunaimaz MOACIRP42224337 dalbertolr elianegsegui CirciCabelino Athiabalba AnjokaBramax BecaBrix flago_65 Vsilveira2014 AraciPatriota MIGUXAHEOLI alvarodias_ jairbolsonaro","pt",,,,,,,,,,,,,,"alvarodias_"
"x973299940121370635",2018-03-12 20:49:23,"x114899893","joaolustosa_","E daí @BlogdoNoblat nenhuma nota sobre a matéria mentirosa sobre Sen @alvarodias_  ?? https://t.co/IdLd5pEyJK","Twitter for iPhone",,,,TRUE,FALSE,10,1,,,"twitter.com/blogdonoblat/s…","https://t.co/IdLd5pEyJK","https://twitter.com/blogdonoblat/status/972465614391521280",,,,,,,,,"x16794066 73745956","BlogdoNoblat alvarodias_","pt","x972465614391521280","Empresário diz ter pago R$ 5 milhões em propina para Álvaro Dias https://t.co/3UNy5NlR6Z via @VEJA",,,,,,,,,,,,"alvarodias_"
"x973296655041728512",2018-03-12 20:36:20,"x911249844769034246","EdimarNogueira3","@alvarodias_ Você é ficha limpa mais o eleitor alienado quer votar em ladrão igual o Lula.","Twitter for Android","x972521190517592064","x73745956","alvarodias_",FALSE,FALSE,1,0,,,,,,,,,,,,,,"x73745956","alvarodias_","pt",,,,,,,,,,,,,,"alvarodias_"
"x973295594314846208",2018-03-12 20:32:07,"x114899893","joaolustosa_","Em frente Senador @alvarodias_ DIAS melhores virão. https://t.co/iO5dkHy9Cv","Twitter for iPhone",,,,TRUE,FALSE,13,2,,,"twitter.com/alvarodias_/st…","https://t.co/iO5dkHy9Cv","https://twitter.com/alvarodias_/status/973253502515535872",,,,,,,,,"x73745956","alvarodias_","pt","x973253502515535872","Os corruptos e seus prepostos querem atingir o meu patrimônio maior - a honra - e desautorizar o discurso que é o meu maior trunfo na campanha eleitoral: o combate à corrupção. Vou identificar os responsáveis por essa insinuação maldosa para interpelá-los judicialmente.",,,,,,,,,,,,"alvarodias_"
