"user_id","name","screen_name","location","description","url","protected","followers_count","friends_count","listed_count","statuses_count","favourites_count","account_created_at","verified","profile_url","profile_expanded_url","account_lang","profile_banner_url","profile_background_url","profile_image_url"
"x4800056770","Marcelo Lacerda","Marcelo12875025","","",,FALSE,1,158,0,45,119,2016-01-14 02:39:06,FALSE,,,"pt",,,"http://abs.twimg.com/sticky/default_profile_images/default_profile_normal.png"
"x511113412","Miriam Celeste Del","miriamdelpomo","","",,FALSE,43,116,0,2914,3818,2012-03-02 00:42:13,FALSE,,,"pt",,"http://abs.twimg.com/images/themes/theme1/bg.png","http://abs.twimg.com/sticky/default_profile_images/default_profile_normal.png"
"x2742148321","JULIO CESAR SILVA","julioclassic","","",,FALSE,3813,3660,10,32574,5380,2014-08-18 14:03:30,FALSE,,,"pt","https://pbs.twimg.com/profile_banners/2742148321/1423426629","http://abs.twimg.com/images/themes/theme1/bg.png","http://pbs.twimg.com/profile_images/564517256550285312/NhoMHxjh_normal.jpeg"
"x916393671288799239","Cristina","Cristina6060600","","",,FALSE,56,169,0,1313,8759,2017-10-06 20:04:11,FALSE,,,"pt",,,"http://abs.twimg.com/sticky/default_profile_images/default_profile_normal.png"
"x970734708953878530","Oliviê","Oliveir2018","","",,FALSE,2,49,0,309,228,2018-03-05 18:56:04,FALSE,,,"pt","https://pbs.twimg.com/profile_banners/970734708953878530/1520277390",,"http://pbs.twimg.com/profile_images/974638960759705600/10eSJjEz_normal.jpg"
"x926242587391995904","Altevir Villa Junior","avjvilla","Londrina, Brasil","Brasil Esporte Cultura Diversão Economia Entretenimento Internacional Música Notícias Política Negócios Política e Governo Rio de Janeiro Tecnologia",,FALSE,4,82,0,46,56,2017-11-03 00:20:16,FALSE,,,"pt",,,"http://pbs.twimg.com/profile_images/968698701903515648/se2hW_7Y_normal.jpg"
"x152029082","eliana pinna","elianapinna","sao paulo","",,FALSE,18,307,0,1451,1424,2010-06-04 22:10:55,FALSE,,,"en","https://pbs.twimg.com/profile_banners/152029082/1351364094","http://abs.twimg.com/images/themes/theme1/bg.png","http://pbs.twimg.com/profile_images/2772242913/b963907eb9286c7d7e28231943dd2caf_normal.jpeg"
"x908105295020380161","Priscila So","PriscilaSo3","","",,FALSE,16,84,0,5028,1711,2017-09-13 23:09:08,FALSE,,,"pt",,,"http://abs.twimg.com/sticky/default_profile_images/default_profile_normal.png"
"x493464006","Ricardo Wagner","rickwagner7","São José dos Campos/SP/Brasil","Creio na Grande Fraternidade Branca Universal, na Família, na Amizade Sincera, na Liberdade, na Democracia e no Amor Incondicional. _/|\_Namastê! Luz e Paz!",,FALSE,382,580,5,19311,5935,2012-02-15 20:42:16,FALSE,,,"pt","https://pbs.twimg.com/profile_banners/493464006/1399672855","http://pbs.twimg.com/profile_background_images/464890196190703616/FMppcfOe.jpeg","http://pbs.twimg.com/profile_images/444268882967027712/AL2y60aC_normal.jpeg"
"x953612813687312384","Dr André Luís","DrAndre_PSD","Curitiba, Brasil","Médico cristão, preocupado com a politica local e nacional. Filiado ao PSD",,FALSE,21,191,0,348,20,2018-01-17 12:59:46,FALSE,,,"pt","https://pbs.twimg.com/profile_banners/953612813687312384/1516986428",,"http://pbs.twimg.com/profile_images/967496424337395713/5A-Iormm_normal.jpg"
"x191833161","Mister M.™","marciosun","","Em tudo somos atribulados, mas não angustiados; perplexos, mas não desanimados. Perseguidos, mas não desamparados; abatidos, mas não destruídos(2Corintios4:8,9)",,FALSE,42233,39097,59,38168,541,2010-09-17 13:41:44,FALSE,,,"pt","https://pbs.twimg.com/profile_banners/191833161/1472576845","http://abs.twimg.com/images/themes/theme1/bg.png","http://pbs.twimg.com/profile_images/711407597866369025/S6skSdhL_normal.jpg"
"x110461373","Kaysar Brasil Te Abraça <f0><U+009F><U+0090><U+00A6>","KABORGONOVI","Brasil/Barueri","",,FALSE,107,137,0,2647,2779,2010-02-01 16:42:55,FALSE,,,"pt",,"http://abs.twimg.com/images/themes/theme4/bg.gif","http://pbs.twimg.com/profile_images/966026978682900480/N1Sh5jjQ_normal.jpg"
"x1358375492","Alexandre","ale_soaresh","Belém, Brasil","Futuro advogado, em busca de justiça.",,FALSE,240,242,1,13802,3121,2013-04-17 02:31:19,FALSE,,,"pt","https://pbs.twimg.com/profile_banners/1358375492/1501077587","http://abs.twimg.com/images/themes/theme1/bg.png","http://pbs.twimg.com/profile_images/974243678708518912/xyPRU4-o_normal.jpg"
"x827010348393852930","NíobeCoelho","niobe_coelho","Brasil","Não fale mentiras.",,FALSE,33,89,0,940,3775,2017-02-02 04:26:46,FALSE,,,"pt","https://pbs.twimg.com/profile_banners/827010348393852930/1498669709",,"http://pbs.twimg.com/profile_images/880110673476423680/2m43T5IN_normal.jpg"
"x972462380","Marilsa Prescinoti","MPrescinoti","São Paulo","Paixões; Filosofia, Politica, Musica, São Paulo.  Por um Brasil livre das garras do PT e todos os seus asseclas.","http://t.co/EFJFslfLEo",FALSE,7690,3042,44,71624,10981,2012-11-26 18:18:01,FALSE,"http://t.co/EFJFslfLEo","http://www.politicagemaserio.blogspot.com","pt","https://pbs.twimg.com/profile_banners/972462380/1506288491","http://pbs.twimg.com/profile_background_images/725290457551495169/m8k2eE1b.jpg","http://pbs.twimg.com/profile_images/961390605384470529/aoEaV9y0_normal.jpg"
"x171906148","Keven Lennox","kevenlennox","Ceará","Una de las mejores formas de comunicación es el silencio <U+2620> es mejor respetar el bien que la ley <U+2620> Thoreau",,FALSE,94,172,12,462,492,2010-07-28 13:18:27,FALSE,,,"pt","https://pbs.twimg.com/profile_banners/171906148/1444783632","http://abs.twimg.com/images/themes/theme14/bg.gif","http://pbs.twimg.com/profile_images/739465591451451392/_ybaGwET_normal.jpg"
"x978691036053737472","Carlos Walde","carlos_walde","","",,FALSE,0,13,0,10,0,2018-03-27 17:51:41,FALSE,,,"en",,,"http://abs.twimg.com/sticky/default_profile_images/default_profile_normal.png"
"x776051950232014848","Feelin' the Pulse","TraderTG","Pe Vermeio in a strange land","""The worst place to start is at the top"".",,FALSE,304,1251,6,5297,2207,2016-09-14 13:36:18,FALSE,,,"en","https://pbs.twimg.com/profile_banners/776051950232014848/1473866884",,"http://pbs.twimg.com/profile_images/887036585014829057/Nu0pJ0lA_normal.jpg"
"x1076619972","jose depresbiteris","JDepresbiteris","Jacareí, Brasil","",,FALSE,33,129,0,867,1676,2013-01-10 13:34:20,FALSE,,,"pt",,"http://abs.twimg.com/images/themes/theme1/bg.png","http://pbs.twimg.com/profile_images/899017684771373057/9M9_dOu6_normal.jpg"
"x819919656","Marcuspaiva","PaivaNM","Ipatinga - MG","",,FALSE,12,40,0,52,108,2012-09-12 16:49:03,FALSE,,,"pt",,"http://abs.twimg.com/images/themes/theme1/bg.png","http://pbs.twimg.com/profile_images/879392581850984449/2pvqGcZq_normal.jpg"
"x178114077","Henrique Iunes","hiunes22","","Advogado. Sócio do escritório Trevisan, Campos, Iunes & Salles Júnior Advogados.","https://t.co/P6AS0xlYSp",FALSE,47,300,0,122,657,2010-08-13 22:34:08,FALSE,"https://t.co/P6AS0xlYSp","http://www.tcisj.com.br","pt","https://pbs.twimg.com/profile_banners/178114077/1517666491","http://abs.twimg.com/images/themes/theme1/bg.png","http://pbs.twimg.com/profile_images/482175363510857728/dBK8xPtu_normal.jpeg"
"x2684665667","Ana Maria Kuniyoshi","KuniyoshiMaria","","",,FALSE,282,814,9,29101,500,2014-07-07 21:24:23,FALSE,,,"pt",,"http://abs.twimg.com/images/themes/theme1/bg.png","http://abs.twimg.com/sticky/default_profile_images/default_profile_normal.png"
"x89270085","Eduardo Guimarães","Eduguimaraes_","BRASIL","Publicidade, planejamento estratégico e marketing...",,FALSE,241,365,9,1406,257,2009-11-11 20:10:18,FALSE,,,"en","https://pbs.twimg.com/profile_banners/89270085/1502711793","http://abs.twimg.com/images/themes/theme5/bg.gif","http://pbs.twimg.com/profile_images/970432237316509701/Q5SEorfL_normal.jpg"
"x25516497","LEO<f0><U+009F><U+0087><U+00A7><f0><U+009F><U+0087><U+00B7>","Leoclara","PEROLA PARANA BRASIL","(...) Sou talvez a visão que Alguém sonhou, 
Alguém que veio ao mundo pra me ver 
E que nunca na vida me encontrou! 
Florbela Espanca",,FALSE,377,1308,15,25500,65493,2009-03-20 15:01:18,FALSE,,,"pt","https://pbs.twimg.com/profile_banners/25516497/1446040593","http://abs.twimg.com/images/themes/theme18/bg.gif","http://pbs.twimg.com/profile_images/882749145244676098/-yoFhHI__normal.jpg"
"x717747458424578048","Jacenildo Pereira","jacenildo1976","Natal, Brasil","",,FALSE,36,184,4,1638,2012,2016-04-06 16:15:03,FALSE,,,"pt","https://pbs.twimg.com/profile_banners/717747458424578048/1460047198",,"http://pbs.twimg.com/profile_images/975762154581348353/qCM5-c3P_normal.jpg"
"x35135484","luisflavio","luisflaviooo","Brasilia -Brasil","Torcedor gosto de futebol ,um futebol democratico  http://t.co/bHM3CJcP1L",,FALSE,131,1021,1,6982,3958,2009-04-25 03:40:35,FALSE,,,"pt","https://pbs.twimg.com/profile_banners/35135484/1363912670","http://abs.twimg.com/images/themes/theme1/bg.png","http://pbs.twimg.com/profile_images/978428294549901312/71i0Btac_normal.jpg"
"x557373318","irene matos felix","irenematosfelix","RS","",,FALSE,735,528,9,48754,49813,2012-04-18 23:00:05,FALSE,,,"pt",,"http://abs.twimg.com/images/themes/theme1/bg.png","http://pbs.twimg.com/profile_images/888088613552103424/Fy1gjo3i_normal.jpg"
"x1031304108","Silvia Rodim","SILVIARODIM","RIO DE JANEIRO","Diretora Técnica da Empresa BioGeo Engenharia do Meio Ambiente LTDA e a Presidente do SINDESIN-RJ. Gestão da Sanidade Ambiental - Pragas //Vetores",,FALSE,249,274,11,33293,38245,2012-12-23 20:49:41,FALSE,,,"pt",,"http://abs.twimg.com/images/themes/theme1/bg.png","http://pbs.twimg.com/profile_images/3011968005/bd5f32d361cda7cc2d97961302ffd2b4_normal.jpeg"
"x67791839","Paolo Libano","paololibano","São Paulo - SP","Administrador de Empresas,Escritor e Ativista Político.","https://t.co/7FIklZ2j90",FALSE,23635,244,182,125456,30,2009-08-22 02:34:11,FALSE,"https://t.co/7FIklZ2j90","http://www.amazon.com.br/gp/aw/s/ref=nb_sb_noss?k=paolo+libano","pt","https://pbs.twimg.com/profile_banners/67791839/1495842823","http://pbs.twimg.com/profile_background_images/71170806/Fotos_Paolo_n.jpg","http://pbs.twimg.com/profile_images/452767059/Fotos_Paolo_nova_red_normal.jpg"
"x80959301","Filipe Barreto","filipebd","Betim, Brasil","Engenheiro de sistemas, Cruzeirense apaixonado, obcecado por viagens e amante de esportes americanos!! <U+F8FF>",,FALSE,465,335,22,114595,69,2009-10-08 22:23:02,FALSE,,,"en","https://pbs.twimg.com/profile_banners/80959301/1506820280","http://pbs.twimg.com/profile_background_images/49089515/DSC01876.JPG","http://pbs.twimg.com/profile_images/953052961281896448/mpKnf1Pg_normal.jpg"
"x869554730292449280","VagnerJack","VagnerJack","","",,FALSE,89,385,1,8619,24,2017-05-30 14:02:58,FALSE,,,"pt","https://pbs.twimg.com/profile_banners/869554730292449280/1509544396",,"http://pbs.twimg.com/profile_images/925722163788832768/wmPWmflC_normal.jpg"
"x2274898189","Xiko Barbosa","XikoBarbosa1","Florianópolis, Brasil","",,FALSE,9,192,0,567,117,2014-01-03 18:19:49,FALSE,,,"en",,"http://abs.twimg.com/images/themes/theme1/bg.png","http://abs.twimg.com/sticky/default_profile_images/default_profile_normal.png"
"x103356974","Vinicius Tavares","Vini_the_kidd","brazil","Sou #MaqueadorDeDefunto(ou seja FAÇO #PARTIDOSVELHOS PARECEREM NOVOS).#Brinks <f0><U+009F><U+0098><U+0082>Por 1 #EstadoMenor e por + #transparência","https://t.co/sWCqB3gfDn",FALSE,1692,5000,54,48801,30292,2010-01-09 19:35:02,FALSE,"https://t.co/sWCqB3gfDn","http://www.facebook.com/vinithekidd","pt","https://pbs.twimg.com/profile_banners/103356974/1509631993","http://abs.twimg.com/images/themes/theme12/bg.gif","http://pbs.twimg.com/profile_images/960274267702202368/uUk-4xVO_normal.jpg"
"x101890657","Jackson Roika","jacksonroika","Curitiba-PR","",,FALSE,30,211,0,61,5,2010-01-04 23:19:14,FALSE,,,"pt",,"http://abs.twimg.com/images/themes/theme1/bg.png","http://pbs.twimg.com/profile_images/902291695911530503/Y1Uwpy2r_normal.jpg"
"x55280099","Eduardo Paulino","eppaulino","Curitiba/PR Brasil","",,FALSE,5,19,0,20,4,2009-07-09 16:16:56,FALSE,,,"pt","https://pbs.twimg.com/profile_banners/55280099/1521651085","http://abs.twimg.com/images/themes/theme1/bg.png","http://pbs.twimg.com/profile_images/976499604173852672/RmM_6zJu_normal.jpg"
"x916685208044392448","Clairton Cleto","clairton_cleto","São José dos Campos, Brasil","Brasileiro de coração! Paranaense, Torcedor do Coritiba, ex aluno do Colégio Militar de Curitiba, conservador, de direita e opressor se assim quiserem.",,FALSE,68,171,1,3577,3085,2017-10-07 15:22:39,FALSE,,,"pt","https://pbs.twimg.com/profile_banners/916685208044392448/1510912996",,"http://pbs.twimg.com/profile_images/923136917214023680/7Ue6nj95_normal.jpg"
"x461260764","Gutemberg G. Abreu","GutembergAbreu2","Alto Garças-MT","Administrador.",,FALSE,300,1064,1,12809,9234,2012-01-11 16:27:06,FALSE,,,"pt",,"http://abs.twimg.com/images/themes/theme1/bg.png","http://pbs.twimg.com/profile_images/922045815581040640/ibFWfimu_normal.jpg"
"x3091734724","Luciane Nunes e Silva","lnunesesilva","Santos, Brasil","Bacharel em Direito, apaixonada por História e ativista das causas Monárquicas.",,FALSE,71,358,0,1838,4731,2015-03-14 14:48:16,FALSE,,,"pt","https://pbs.twimg.com/profile_banners/3091734724/1522288828","http://abs.twimg.com/images/themes/theme4/bg.gif","http://pbs.twimg.com/profile_images/979442415877672963/MnW77op3_normal.jpg"
"x465548825","Felipe","lahm_felipe","","",,FALSE,11,110,0,1268,347,2012-01-16 13:39:09,FALSE,,,"pt",,"http://abs.twimg.com/images/themes/theme1/bg.png","http://pbs.twimg.com/profile_images/793598171830218753/GFRH51Xh_normal.jpg"
"x920284614572302336","oduwaldo calixto","OduwaldoCalixto","","Advogado e ativista político",,FALSE,16,68,0,170,87,2017-10-17 13:45:24,FALSE,,,"pt",,,"http://pbs.twimg.com/profile_images/920328068744601600/S8J0QLfv_normal.jpg"
"x958823056553766913","Não Voto","PoliticoNaoVoto","Brasil","@STF_oficial

Me deixe de fora desse seu mau sentimento, você é uma pessoa horrível, uma mistura do mal com o atraso e pitadas de psicopatia",,FALSE,10,308,0,210,132,2018-01-31 22:03:25,FALSE,,,"pt","https://pbs.twimg.com/profile_banners/958823056553766913/1521851979","http://abs.twimg.com/images/themes/theme1/bg.png","http://pbs.twimg.com/profile_images/963141268061736960/ulBezAPp_normal.jpg"
"x66104919","Rafael Franco","_rafaellfranco","Toledo","","https://t.co/p2BSZD5msZ",FALSE,62,323,0,1013,678,2009-08-16 12:06:30,FALSE,"https://t.co/p2BSZD5msZ","https://www.facebook.com/rafael.franco.311","pt","https://pbs.twimg.com/profile_banners/66104919/1485867984","http://abs.twimg.com/images/themes/theme1/bg.png","http://pbs.twimg.com/profile_images/826411535039873025/6K2JwB7d_normal.jpg"
"x2843003962","Magri<f0><U+009F><U+0099><U+008F>","MagriYoga","","""Eu prefiro ser essa metamorfose ambulante do que ter aquela velha opinião formada sobre tudo.""",,FALSE,1083,564,44,204665,88490,2014-10-24 22:48:47,FALSE,,,"pt","https://pbs.twimg.com/profile_banners/2843003962/1460862607","http://abs.twimg.com/images/themes/theme1/bg.png","http://pbs.twimg.com/profile_images/905140232336674817/-YFNo_Io_normal.jpg"
"x247695970","celso iunes filho","celsoiunes","Brasil","Carioca, Flamenguista, Advogado, gosto de pessoas, de natureza, de viajar, dançar, cantar, de música, de economia, política, esporte, teatro e cinema.",,FALSE,53,126,0,192,73,2011-02-05 10:57:15,FALSE,,,"en","https://pbs.twimg.com/profile_banners/247695970/1521301535","http://abs.twimg.com/images/themes/theme1/bg.png","http://pbs.twimg.com/profile_images/975035428993675265/GBwNL14T_normal.jpg"
"x1862186736","frank michael dellap","fmdell1","Rio de Janeiro","Rj",,FALSE,146,674,0,2363,2024,2013-09-14 01:01:42,FALSE,,,"pt","https://pbs.twimg.com/profile_banners/1862186736/1514233006","http://abs.twimg.com/images/themes/theme1/bg.png","http://pbs.twimg.com/profile_images/945387742145413120/0iMm9HNN_normal.jpg"
"x925097271632556033","MovimentoBrasil<f0><U+009F><U+0087><U+00A7><f0><U+009F><U+0087><U+00B7>","MBrAmazonas","Brazil","#ResistenciaBrasil <U+26A0><U+FE0F> LUTEM CONTRA A CORRUPÇÃO! VAMOS LIMPAR O BRASIL DA CORRUPÇÃO E DA IMPUNIDADE E FAZER UMA NOVA HISTÓRIA! #Brasil #Direito <f0><U+009F><U+0094><U+00B0>#LavaJato <f0><U+009F><U+008C><U+0090> #SDV","https://t.co/9dSX7mkmLk",FALSE,173,3016,0,91649,570,2017-10-30 20:29:11,FALSE,"https://t.co/9dSX7mkmLk","http://movimentobrasilonline.com","en","https://pbs.twimg.com/profile_banners/925097271632556033/1509395477",,"http://pbs.twimg.com/profile_images/925097720574038016/bSRIRRzj_normal.jpg"
"x917189852797468672","Ivanize Freitas","freitas_ivanize","Pelotas, Brasil","Moro no Rio Grande do Sul , sou a favor da Intervenção Militar , gosto da natureza , de água e do sol , sou formada em Direito , Filosofia e Gravura , de música",,FALSE,8,27,0,255,635,2017-10-09 00:47:56,FALSE,,,"pt",,,"http://abs.twimg.com/sticky/default_profile_images/default_profile_normal.png"
"x925090585916166146","MovimentoBrasil<f0><U+009F><U+0087><U+00A7><f0><U+009F><U+0087><U+00B7>","MBrAcre","Brazil","#ResistenciaBrasil <U+26A0><U+FE0F> LUTEM CONTRA A CORRUPÇÃO! VAMOS LIMPAR O BRASIL DA CORRUPÇÃO E DA IMPUNIDADE E FAZER UMA NOVA HISTÓRIA! #Brasil #Direito <f0><U+009F><U+0094><U+00B0>#LavaJato <f0><U+009F><U+008C><U+0090> #SDV","https://t.co/9dSX7mkmLk",FALSE,153,3514,0,89257,610,2017-10-30 20:02:37,FALSE,"https://t.co/9dSX7mkmLk","http://movimentobrasilonline.com","en","https://pbs.twimg.com/profile_banners/925090585916166146/1509393847","http://abs.twimg.com/images/themes/theme1/bg.png","http://pbs.twimg.com/profile_images/925090880129785856/zOIq5xkm_normal.jpg"
"x850137963417743360","Resistencia Nacional","ResistenciaNaci","Brazil","#ResistenciaBrasil <U+26A0><U+FE0F> LUTEM CONTRA A CORRUPÇÃO! VAMOS LIMPAR O BRASIL DA CORRUPÇÃO E DA IMPUNIDADE E FAZER UMA NOVA HISTÓRIA! #Brasil #Brazil #Br<f0><U+009F><U+0094><U+00B0>#LavaJato <f0><U+009F><U+0094><U+00A5>","https://t.co/28rcQdhRHI",FALSE,562,4984,6,159683,15630,2017-04-07 00:07:40,FALSE,"https://t.co/28rcQdhRHI","http://resistencianacionalonline.com","pt","https://pbs.twimg.com/profile_banners/850137963417743360/1491526299","http://abs.twimg.com/images/themes/theme1/bg.png","http://pbs.twimg.com/profile_images/850138949179908096/P_FnsTeD_normal.jpg"
"x54616898","Marcos Neto","marcosnetoadv","BRASIL","Analista de Sistemas há 25 anos desenvolvendo aplicações...bacharel em Direito aguardando 2a fase da oab!!!! vamos que vamos!!!","https://t.co/twxHxOtlG0",FALSE,31,76,2,502,652,2009-07-07 17:28:17,FALSE,"https://t.co/twxHxOtlG0","http://www.google.com","pt",,"http://abs.twimg.com/images/themes/theme4/bg.gif","http://pbs.twimg.com/profile_images/730112167014498304/OrHyihaZ_normal.jpg"
"x21414141","Agrolink","agrolink","Brasil","","http://t.co/ew2wIXl0K4",FALSE,8332,0,135,68682,19,2009-02-20 17:17:02,FALSE,"http://t.co/ew2wIXl0K4","http://www.agrolink.com.br/","pt",,"http://pbs.twimg.com/profile_background_images/174220200/trigo.jpg","http://pbs.twimg.com/profile_images/1093813583/agk100x100_normal.gif"
"x1051056432","Bete","UolCozer","","Meu partido é o Brasil. CHEGA DE CORRUPÇÃO e mentiras. Poucos políticos têm compromisso com o povo. Não vote em radicais! #ChegaDeCorrupção",,FALSE,428,646,2,11368,6795,2012-12-31 19:52:24,FALSE,,,"en","https://pbs.twimg.com/profile_banners/1051056432/1521767625","http://abs.twimg.com/images/themes/theme1/bg.png","http://pbs.twimg.com/profile_images/921722356879581184/V3gZInvZ_normal.jpg"
"x4243367477","Demo","demadf","Recife, Brasil","A morte não nos concerne, pois quando vivemos, a morte não está aqui. E quando ela chega, não estamos mais vivos.",,FALSE,111,42,4,11541,5321,2015-11-21 16:40:27,FALSE,,,"pt","https://pbs.twimg.com/profile_banners/4243367477/1504200721","http://abs.twimg.com/images/themes/theme1/bg.png","http://pbs.twimg.com/profile_images/918770217404084224/AwHQdzWt_normal.jpg"
"x2374669507","nelson","nelbande","Toronto, Ontario","All in me",,FALSE,7,110,0,55,31,2014-03-06 02:22:22,FALSE,,,"en",,"http://abs.twimg.com/images/themes/theme1/bg.png","http://pbs.twimg.com/profile_images/848320397963669508/3NTsqK6f_normal.jpg"
"x830093354","Brasiliano Ferreira","Brasneto","","",,FALSE,64,123,2,8840,1512,2012-09-18 00:44:44,FALSE,,,"pt",,"http://abs.twimg.com/images/themes/theme1/bg.png","http://pbs.twimg.com/profile_images/3260301591/9743c6211bbffabfbadb2022b5990a49_normal.jpeg"
"x960963040509341697","marcos a. lopes","marcosalopes8","M U N D O <f0><U+009F><U+008C><U+008E>","Filosofia",,FALSE,9,35,0,1954,2114,2018-02-06 19:46:57,FALSE,,,"pt",,,"http://pbs.twimg.com/profile_images/960966597342089216/7QJMsj3a_normal.jpg"
"x161647391","Edi Carlos","edicolleoni","Céu Azul, Brasil","",,FALSE,25,217,0,213,372,2010-07-01 11:27:29,FALSE,,,"pt","https://pbs.twimg.com/profile_banners/161647391/1522078909","http://abs.twimg.com/images/themes/theme9/bg.gif","http://pbs.twimg.com/profile_images/977366837825597440/S02Ncf4o_normal.jpg"
"x936344167223123968","Mika Jeka","Mika_Kampo","Casa Do Caralho, Brasil <f0><U+009F><U+0087><U+00A7><f0><U+009F><U+0087><U+00B7>","fake de mim mesma",,FALSE,66,200,0,2804,940,2017-11-30 21:20:20,FALSE,,,"pt","https://pbs.twimg.com/profile_banners/936344167223123968/1516996179",,"http://pbs.twimg.com/profile_images/978376384430080000/C9W1GnHg_normal.jpg"
"x48329503","Regina Lucena","ReginaLucena","","O inteligente tem argumentos contundentes p/contra argumentar, já o ignorante tem apenas a ofensa e o palavrão p/contestar. Vc é qual deles ?!",,FALSE,316,526,5,49437,13108,2009-06-18 12:12:59,FALSE,,,"pt","https://pbs.twimg.com/profile_banners/48329503/1438304735","http://pbs.twimg.com/profile_background_images/37869615/lk.jpg","http://pbs.twimg.com/profile_images/808655797920104448/a9oOtjQB_normal.jpg"
"x816835718702137344","Ana Oliveira","ana_oliver21","Manaus, Brasil","#informação",,FALSE,17,192,0,433,6733,2017-01-05 02:36:26,FALSE,,,"pt","https://pbs.twimg.com/profile_banners/816835718702137344/1512931579",,"http://pbs.twimg.com/profile_images/971064517378609152/3qvpGeUs_normal.jpg"
"x27085659","Selvo Brancalhão","Selvo_br","BRASIL","Ubi non est justitia, ibi non potest esse jus.",,FALSE,7352,57,56,51374,5570,2009-03-27 20:11:23,FALSE,,,"pt","https://pbs.twimg.com/profile_banners/27085659/1522158314","http://abs.twimg.com/images/themes/theme9/bg.gif","http://pbs.twimg.com/profile_images/882030453536043008/5nmkIxYS_normal.jpg"
"x4873079512","Edson Magalhães","edmagjr","Campinas, Brasil","Still believing in a better world.",,FALSE,15,26,0,258,1402,2016-02-03 01:32:37,FALSE,,,"pt","https://pbs.twimg.com/profile_banners/4873079512/1454463280",,"http://pbs.twimg.com/profile_images/968098993992552448/9M6VBaYu_normal.jpg"
"x95519206","Fernando C. Leocádio","Fernando_PHN","Astorga | Paraná","Católico, politicamente INcorreto.
Bolsonaro 2018.",,FALSE,1087,812,0,23392,13024,2009-12-08 22:45:33,FALSE,,,"pt","https://pbs.twimg.com/profile_banners/95519206/1520350983","http://pbs.twimg.com/profile_background_images/555772415158915073/8JoOfnLS.jpeg","http://pbs.twimg.com/profile_images/977131162165563393/gw3-8WMY_normal.jpg"
"x3366753430","Samir Reizer","samirreizer","","",,FALSE,13,48,0,32,157,2015-07-08 22:36:31,FALSE,,,"pt",,"http://abs.twimg.com/images/themes/theme1/bg.png","http://pbs.twimg.com/profile_images/618924973311270912/wBbfNWaC_normal.jpg"
"x3291175365","filipe cortez","CortezFilipe","Rio de Janeiro, Brasil","",,FALSE,1383,1654,6,58375,54457,2015-05-20 12:12:55,FALSE,,,"pt","https://pbs.twimg.com/profile_banners/3291175365/1460826157","http://abs.twimg.com/images/themes/theme1/bg.png","http://pbs.twimg.com/profile_images/862009203682160640/Nf4-pwOt_normal.jpg"
"x963576334579568640","Fabio Jr","Fabio2018jr","São Paulo, Brasil","Pitadas de psicopatia<f0><U+009F><U+00A4><U+00AA>",,FALSE,118,979,1,3051,1768,2018-02-14 00:51:15,FALSE,,,"pt","https://pbs.twimg.com/profile_banners/963576334579568640/1518918847",,"http://pbs.twimg.com/profile_images/976975360989548546/CI4_V2VT_normal.jpg"
"x154730406","DANYLLO ALMONDES","Almondesdos","Picos, Brasil","Jornalista (Diplomado) Diretor de Conteúdo e Marketing da Multus Comunicação. Crítico, apaixonado por viagem e fazendo história.",,FALSE,1637,1802,6,5845,4065,2010-06-12 01:56:00,FALSE,,,"pt","https://pbs.twimg.com/profile_banners/154730406/1496023738","http://pbs.twimg.com/profile_background_images/559784649535143936/-U2oIJpR.jpeg","http://pbs.twimg.com/profile_images/869012412598538240/-ygtqrsj_normal.jpg"
"x152395893","Heyder Dantas","heyderdantas","Natal-RN","Administrador de Empresas - Presidente Sindicafé - Diretor Federacao das Industrias do RN.",,FALSE,489,687,5,6358,12570,2010-06-05 21:15:20,FALSE,,,"pt","https://pbs.twimg.com/profile_banners/152395893/1430002211","http://abs.twimg.com/images/themes/theme1/bg.png","http://pbs.twimg.com/profile_images/891426835116036096/WOpXDF8U_normal.jpg"
"x962862842084052992","Alex Borges Sturaro","sturaro_alex","","Deus acima de tudo!!!",,FALSE,137,445,1,954,1432,2018-02-12 01:36:05,FALSE,,,"pt","https://pbs.twimg.com/profile_banners/962862842084052992/1521816694","http://abs.twimg.com/images/themes/theme1/bg.png","http://pbs.twimg.com/profile_images/962865931776118784/H3lBcaAk_normal.jpg"
"x2679742175","Clovis Silva","justinoclovis","","Conservador com respeito aos antepassados, solidariedade com os presentes e responsabilidade com os futuros.",,FALSE,14,275,0,63,1248,2014-07-06 16:18:45,FALSE,,,"pt",,"http://abs.twimg.com/images/themes/theme1/bg.png","http://pbs.twimg.com/profile_images/949979165712896000/z4WPO8Sv_normal.jpg"
"x719994222213009408","Eduardo Jose","enaj1210","","Cada pessoa é aquilo que crê ,
  fala do que gosta ,
  Retém o que procura ,
  Ensina o que aprende ,
  Tem o que dá e vale o que faz .
  Chico Xavier",,FALSE,456,1370,0,12715,19064,2016-04-12 21:02:54,FALSE,,,"pt","https://pbs.twimg.com/profile_banners/719994222213009408/1461945207",,"http://pbs.twimg.com/profile_images/728309084143931392/VWt_9EjZ_normal.jpg"
"x39654882","Ricardo P. Oliveira","ricpero","","",,FALSE,86,445,0,378,42,2009-05-13 01:34:16,FALSE,,,"pt",,"http://abs.twimg.com/images/themes/theme1/bg.png","http://pbs.twimg.com/profile_images/476766610/Foto_Ricardo_normal.bmp"
"x381773324","mariahildecy","mariahildecy","itabuna ba","","https://t.co/2bDI2H8v7F",FALSE,597,1817,2,3707,8965,2011-09-28 22:32:18,FALSE,"https://t.co/2bDI2H8v7F","http://page.is/mariahildecy","pt","https://pbs.twimg.com/profile_banners/381773324/1508895361","http://abs.twimg.com/images/themes/theme1/bg.png","http://pbs.twimg.com/profile_images/950576466605105153/trw3yvHR_normal.jpg"
"x867712924915204102","Hugo Payens","MCFockers","","",,FALSE,120,1031,0,4898,1305,2017-05-25 12:04:17,FALSE,,,"pt","https://pbs.twimg.com/profile_banners/867712924915204102/1497087587",,"http://pbs.twimg.com/profile_images/875816981789913089/OIF053hD_normal.jpg"
"x1187650435","rubens silva","rubaofelix","","Amor á Pátria e Respeito ao próximo! Desde que ele não seja PT ou COMUNISTA!",,FALSE,67,325,0,1096,791,2013-02-16 22:20:36,FALSE,,,"pt","https://pbs.twimg.com/profile_banners/1187650435/1361057554","http://pbs.twimg.com/profile_background_images/378800000087300849/eea3b1b6458b8e4b3bc0aa1841a4ea53.jpeg","http://pbs.twimg.com/profile_images/490687814338486273/1WoaOuOx_normal.jpeg"
"x36106227","2setão","2setao","bsb ","odeio maconheiro",,FALSE,620,695,4,20112,42556,2009-04-28 16:16:24,FALSE,,,"pt","https://pbs.twimg.com/profile_banners/36106227/1392644700","http://abs.twimg.com/images/themes/theme1/bg.png","http://pbs.twimg.com/profile_images/683061796543041536/8C1sVUPt_normal.jpg"
"x307430552","Cristiane a.d.","Cristianead","Rio de Janeiro - RJ","Apreciadora de tudo o que é belo, sigo na onda do conhecimento - Luz. - Feliz e grata! - Designer, Empreendedorismo Digital, e tudo mais a observar<f0><U+009F><U+0098><U+008E><f0><U+009F><U+008D><U+0080><f0><U+009F><U+008C><U+00BE>",,FALSE,2298,1985,55,19830,41820,2011-05-29 16:34:26,FALSE,,,"en","https://pbs.twimg.com/profile_banners/307430552/1494301231","http://abs.twimg.com/images/themes/theme1/bg.png","http://pbs.twimg.com/profile_images/861787001510670340/Rz0HRXE4_normal.jpg"
"x780873846945644545","Rotto","rottobinoculo","","",,FALSE,25,133,0,5409,1777,2016-09-27 20:56:47,FALSE,,,"pt","https://pbs.twimg.com/profile_banners/780873846945644545/1495713282",,"http://pbs.twimg.com/profile_images/867710478511988736/0-b5xY_S_normal.jpg"
"x1537615490","Valter Campagnolo","ValterCampa","Curitiba, Brasil","@valtercampa",,FALSE,76,133,2,2854,7461,2013-06-22 00:26:52,FALSE,,,"pt","https://pbs.twimg.com/profile_banners/1537615490/1395311402","http://pbs.twimg.com/profile_background_images/446594777618714625/9zPYRrlB.jpeg","http://pbs.twimg.com/profile_images/785498235750146048/6xDiz9fK_normal.jpg"
"x399627372","Blog Voz do Povo","VozdoPovo3","Carnaúba dos Dantas","Follow me on Instagram https://t.co/6XHmYyBuIT","http://t.co/h8gjtXpYmt",FALSE,8197,7648,33,82390,5327,2011-10-27 19:54:38,FALSE,"http://t.co/h8gjtXpYmt","http://www.livrevozdopovo.blogspot.com","pt","https://pbs.twimg.com/profile_banners/399627372/1409451808","http://abs.twimg.com/images/themes/theme1/bg.png","http://pbs.twimg.com/profile_images/956508929139322880/oixymMNg_normal.jpg"
"x3926730203","Lisia Maria Barth","barth_lisia","Florianópolis, Brasil","PUBLICITÁRIA  ANT PETISTA  ANT POLÍTICOS CORRUPTOS, NA LUTA POR UM
PAÍS MELHOR <f0><U+009F><U+0087><U+00A7><f0><U+009F><U+0087><U+00B7><f0><U+009F><U+0087><U+00A7><f0><U+009F><U+0087><U+00B7><f0><U+009F><U+0087><U+00A7><f0><U+009F><U+0087><U+00B7><f0><U+009F><U+0087><U+00A7><f0><U+009F><U+0087><U+00B7>",,FALSE,3730,4997,11,35980,66568,2015-10-11 10:06:22,FALSE,,,"pt","https://pbs.twimg.com/profile_banners/3926730203/1490566325","http://abs.twimg.com/images/themes/theme1/bg.png","http://pbs.twimg.com/profile_images/977616331615895552/fTG5Me-c_normal.jpg"
"x942029800620941312","Lucia Heinz","lucia_heinz","Brasil ","Gremista",,FALSE,12,37,0,45,851,2017-12-16 13:53:01,FALSE,,,"pt",,,"http://pbs.twimg.com/profile_images/942033064422723585/mb7wcejr_normal.jpg"
"x715386102","Camila Trevenzoli","MilaTrevenzoli","Vitória, Brasil","Do Direito. Especialista (3).
Gosto de interagir, digo o que penso. Ofendeu? A porta da rua tá ali ó.
#Ramones #TheClash #SexPistols #punk  #rock",,FALSE,329,281,4,16197,16670,2012-07-25 03:21:42,FALSE,,,"pt","https://pbs.twimg.com/profile_banners/715386102/1409635174","http://abs.twimg.com/images/themes/theme9/bg.gif","http://pbs.twimg.com/profile_images/953809925825810433/_H_h0SY-_normal.jpg"
"x82628926","Roberto Pereira","BobWebBB","Brazil","Politics, Business, Marketing, Economy, Telecom, Technology, Mobile Apps, Religion, Artists and Sports.","http://t.co/LIqXjbdU2q",FALSE,1315,925,57,80394,41433,2009-10-15 14:26:15,FALSE,"http://t.co/LIqXjbdU2q","http://robertgp.blog.uol.com.br","en","https://pbs.twimg.com/profile_banners/82628926/1353265138","http://abs.twimg.com/images/themes/theme1/bg.png","http://pbs.twimg.com/profile_images/1170449694/Jet_Ranger_X_normal.jpg"
"x4252723395","Marty Mariano","MartyellyMarian","","",,FALSE,107,274,1,4133,5497,2015-11-22 22:24:34,FALSE,,,"pt","https://pbs.twimg.com/profile_banners/4252723395/1459210362","http://abs.twimg.com/images/themes/theme1/bg.png","http://pbs.twimg.com/profile_images/977391265154256896/p4anhGOX_normal.jpg"
"x80629240","Loira Reaça","Uma_Brasileira","","“Amanhã fico triste, Amanhã. Hoje não. Hoje fico alegre. E todos os dias, por mais amargos que sejam, Eu digo: Amanhã fico triste, Hoje não"".","https://t.co/USeUy2KGnv",FALSE,48087,15633,1797,349823,16564,2009-10-07 17:22:50,FALSE,"https://t.co/USeUy2KGnv","https://twitter.com/Uma_Brasileira","pt","https://pbs.twimg.com/profile_banners/80629240/1519172586","http://abs.twimg.com/images/themes/theme14/bg.gif","http://pbs.twimg.com/profile_images/976817234197835776/w1p4xmk-_normal.jpg"
"x3316208709","Paulo Niemeyer","pmniemeyer","São Paulo, Brasil","Born in São Paulo, Brazil. Education at Colegio Porto Seguro, Graduated in Law at PUC/SP and MBA at Fundação Getúlio Vargas/SP. Politician at PV/SP","https://t.co/QXJ71pR7e5",FALSE,5392,5775,12,13820,21700,2015-06-09 23:56:38,FALSE,"https://t.co/QXJ71pR7e5","http://www.facebook.com/pmniemeyer","pt","https://pbs.twimg.com/profile_banners/3316208709/1500063210","http://abs.twimg.com/images/themes/theme1/bg.png","http://pbs.twimg.com/profile_images/956928489596256256/GuKg-rna_normal.jpg"
"x172731016","celina camargo","celinadecamargo","Guaratuba","",,FALSE,16,44,1,86,379,2010-07-30 13:13:27,FALSE,,,"pt",,"http://abs.twimg.com/images/themes/theme1/bg.png","http://pbs.twimg.com/profile_images/923319935413182464/nzB58KLu_normal.jpg"
"x100531806","Andrea Pires","AndreaPires1","O mundo...","NÃO MEXA NO MEU SILÊNCIO SE NÃO SOUBER LIDAR COM O MEU BARULHO",,FALSE,778,555,40,72398,30666,2009-12-30 16:05:29,FALSE,,,"pt","https://pbs.twimg.com/profile_banners/100531806/1494676005","http://pbs.twimg.com/profile_background_images/81062013/Casa_do_av__-_Lages.jpg","http://pbs.twimg.com/profile_images/977631237039849473/YH9XP_Vi_normal.jpg"
"x834147807187566592","Will","solidsnake3333","","Apenas um ser em busca da verdade. Cristao e estudante dos meus direitos como cidadão e contra toda forma de poder que afronte a liberdade.",,FALSE,22,546,0,637,81,2017-02-21 21:08:29,FALSE,,,"pt",,,"http://pbs.twimg.com/profile_images/858665330083856385/ZN5xOnlI_normal.jpg"
"x393024225","Manezinho - DF.","_alison07","Brasília, Brasil","Assessor adjunto para assuntos aleatorios já deliberados.","https://t.co/0ThHsvbmRG",FALSE,1855,3597,2,10510,46339,2011-10-17 22:27:59,FALSE,"https://t.co/0ThHsvbmRG","http://naovoteemmim.com.br","pt","https://pbs.twimg.com/profile_banners/393024225/1504548684","http://pbs.twimg.com/profile_background_images/352744252/Z1o1n0nj.jpg","http://pbs.twimg.com/profile_images/977229932622434304/WfybXL-G_normal.jpg"
"x40107494","antonio vasco","antoniovasco","","Médico Veterinário, Estudante de Direito marido da Thaisa e pai da Maria Rosa.",,FALSE,115,465,4,7048,1972,2009-05-14 22:46:36,FALSE,,,"pt","https://pbs.twimg.com/profile_banners/40107494/1456170338","http://pbs.twimg.com/profile_background_images/47139883/capital_sinerg_tico.JPG","http://pbs.twimg.com/profile_images/730192249246650368/T2pBpAFj_normal.jpg"
"x2279560483","somara","somara19","","Ler, assistir a filmes e séries, caminhar e bater papo é legal. Faço tudo isso.",,FALSE,58,70,0,7491,264,2014-01-06 20:23:42,FALSE,,,"pt",,"http://abs.twimg.com/images/themes/theme1/bg.png","http://pbs.twimg.com/profile_images/674991006463365120/fQOUyrFk_normal.png"
"x86308326","rodrigo","rodrigo_zone","","",,FALSE,8,28,0,519,20,2009-10-30 13:09:30,FALSE,,,"pt",,"http://abs.twimg.com/images/themes/theme1/bg.png","http://pbs.twimg.com/profile_images/967934134780866560/lUfIn3DI_normal.jpg"
"x912093037655990279","paraíso da desgraça","uaidada","Belo Horizonte, Brasil","Manobrista aposentado e rabugento.  Ideologia é merda.",,FALSE,29,249,0,630,388,2017-09-24 23:15:00,FALSE,,,"pt","https://pbs.twimg.com/profile_banners/912093037655990279/1521413208",,"http://pbs.twimg.com/profile_images/966879353882648576/c_fcyari_normal.jpg"
"x3699893668","Hugo Raposo","FoxHugo60","","",,FALSE,7,95,0,59,41,2015-09-18 20:10:38,FALSE,,,"pt",,"http://abs.twimg.com/images/themes/theme1/bg.png","http://pbs.twimg.com/profile_images/644967579224817664/N5Ks1ehf_normal.jpg"
"x913347572252766208","Sérgio","CalvosoSergio","Brasil","",,FALSE,16,44,0,127,1749,2017-09-28 10:20:05,FALSE,,,"pt",,,"http://pbs.twimg.com/profile_images/916984139466846208/80zfXr-f_normal.jpg"
"x32931395","Marcio Luz","marciofla","Niterói/RJ","Flamenguista, anti-petista/comunista, eclético e engenheiro civil. Pobre, porém honrado.",,FALSE,890,853,16,75225,30165,2009-04-18 16:25:54,FALSE,,,"pt","https://pbs.twimg.com/profile_banners/32931395/1508680685","http://pbs.twimg.com/profile_background_images/17460181/urubuzada.jpg","http://pbs.twimg.com/profile_images/928747219368464384/t8TTjfn7_normal.jpg"
"x133102113","Nilton R  Delfino","Tondelfino","Brasil","Nilton Rubens Delfino.Empresário Ator.",,FALSE,17,73,0,57,65,2010-04-15 01:13:11,FALSE,,,"pt","https://pbs.twimg.com/profile_banners/133102113/1521558452","http://abs.twimg.com/images/themes/theme9/bg.gif","http://pbs.twimg.com/profile_images/1127157565/-685-1_normal.jpg"
"x89024116","Jurandir Ferreira","jurandir_bfj","Fortaleza, Brasil","Gestor de TI, especialista em tecnologia, desenvolvimento de software e administração de sistemas.

Snap : jurandir.bfj","https://t.co/jCjtCbZmSj",FALSE,243,352,0,1621,4237,2009-11-10 21:18:51,FALSE,"https://t.co/jCjtCbZmSj","http://jurandirferreira.xpg.uol.com.br/","pt","https://pbs.twimg.com/profile_banners/89024116/1467821804","http://abs.twimg.com/images/themes/theme1/bg.png","http://pbs.twimg.com/profile_images/750724198671220737/Bm7QuKhM_normal.jpg"
"x707895582099165185","Adailto Luiz","adailto_luiz","São Paulo - Brasil","Assistente Financeiro.
Na vida tudo e passageiro, exceto o motorista e o Cobrador.",,FALSE,91,180,1,10739,3423,2016-03-10 11:47:13,FALSE,,,"pt","https://pbs.twimg.com/profile_banners/707895582099165185/1460146624","http://abs.twimg.com/images/themes/theme15/bg.png","http://pbs.twimg.com/profile_images/707898239316533248/QMvB3vgE_normal.jpg"
"x936582369561149440","Barometro Governos <f0><U+009F><U+008C><U+00A1>","BarometroGov","Sao Paulo, Brasil","Barometro twitter de @post_analytics de Governos y Governadores <f0><U+009F><U+0087><U+00A7><f0><U+009F><U+0087><U+00B7>",,FALSE,249,550,9,357,1883,2017-12-01 13:06:52,FALSE,,,"es",,"http://abs.twimg.com/images/themes/theme1/bg.png","http://pbs.twimg.com/profile_images/936584173770428416/gON_RWwG_normal.jpg"
"x947659050384347137","Frede Costa","frede_Costa","Barra do Choça, Brasil","Entretenimento Cinema Artes Televisão Astrologia Partidos Políticos Política e Governo",,FALSE,0,86,0,30,527,2018-01-01 02:41:39,FALSE,,,"pt",,,"http://pbs.twimg.com/profile_images/975343025823068160/9HztySnU_normal.jpg"
"x90639747","Martha E. Ferreira","marthaeferreira","Vitória, ES- Brazil","Economista, Consultora de Negócios, Professora, Palestrante e Articulista","http://t.co/CbBO2raqOO",FALSE,10325,7964,95,78292,683,2009-11-17 14:27:27,FALSE,"http://t.co/CbBO2raqOO","http://www.marthaferreira.com.br","pt","https://pbs.twimg.com/profile_banners/90639747/1433509697","http://pbs.twimg.com/profile_background_images/378800000066229889/96077fd34ade0893a2dc384857769de1.jpeg","http://pbs.twimg.com/profile_images/676057112594792449/Ojz9W81k_normal.jpg"
"x3416909512","Comunista Bilionário","novovelhocomuna","Em algum lugar do estado de SP","Work Alcholic, o povo de Cadillac e golpista",,FALSE,694,920,8,19252,5080,2015-08-12 03:23:15,FALSE,,,"pt","https://pbs.twimg.com/profile_banners/3416909512/1507662352","http://abs.twimg.com/images/themes/theme9/bg.gif","http://pbs.twimg.com/profile_images/917829033253048323/unl4KGMi_normal.jpg"
"x441108081","Renata Abreu","RenataAbreuDep","São Paulo","Deputada Federal por São Paulo e Presidente Nacional do @podemos_19","https://t.co/DsKhvIKnNE",FALSE,1662,1136,40,1049,5,2011-12-19 19:04:56,FALSE,"https://t.co/DsKhvIKnNE","http://www.facebook.com/renataabreu1919","pt","https://pbs.twimg.com/profile_banners/441108081/1521236090","http://pbs.twimg.com/profile_background_images/486157084027650048/DeFUaQPq.png","http://pbs.twimg.com/profile_images/918821181872005120/rAbK3f29_normal.jpg"
"x1195036404","Rodrigo Verardi","projecadms","Campo Grande, Brasil","Projetista, elaborações e alterações de projetos de PSCIP para bombeiros, regularizações para prefeituras, arquitetônicos e As Billts.","https://t.co/neDN80SnmK",FALSE,30,43,0,17,164,2013-02-18 22:00:53,FALSE,"https://t.co/neDN80SnmK","http://www.projecadms.com","pt","https://pbs.twimg.com/profile_banners/1195036404/1361233442","http://abs.twimg.com/images/themes/theme1/bg.png","http://pbs.twimg.com/profile_images/964894896200060929/Y8NN9vla_normal.jpg"
"x370924800","Honorio de Medeiros","HonordeMedeiros","Natal, Rio Grande do Norte, Br","Aposentado.","https://t.co/Kkj8xlMiBl",FALSE,339,123,2,9382,16470,2011-09-09 21:47:13,FALSE,"https://t.co/Kkj8xlMiBl","http://honoriodemedeiros.blogspot.com","pt","https://pbs.twimg.com/profile_banners/370924800/1471574285","http://abs.twimg.com/images/themes/theme1/bg.png","http://pbs.twimg.com/profile_images/657638090849259520/Q7MzDANF_normal.jpg"
"x64088305","Emerson","eme_silva2009","Iputinga, Recife","",,FALSE,70,435,0,1522,2872,2009-08-09 02:03:33,FALSE,,,"pt",,"http://abs.twimg.com/images/themes/theme1/bg.png","http://pbs.twimg.com/profile_images/764582223861383168/YSSrYGaT_normal.jpg"
"x791053514915123200","Carlinhos Dutra","CarlosDviivlx","São Paulo, Brasil","Apartidario,  viso justiça social, distribuição de renda e decência no poder. Pleiteio uma democracia plena onde a nossa riqueza seja de TODOS os brasileiros.",,FALSE,24,70,6,6580,437,2016-10-25 23:07:09,FALSE,,,"pt",,,"http://pbs.twimg.com/profile_images/812458138620358656/ZuAXDbhN_normal.jpg"
"x40095953","Senado Federal","SenadoFederal","Brasília","Página oficial do Senado do Brasil no Twitter. Veja nossa política de uso das redes sociais https://t.co/hD6SJbOGkR","https://t.co/XnOnWtqaES",FALSE,614899,120,2458,62010,6,2009-05-14 21:55:58,TRUE,"https://t.co/XnOnWtqaES","http://www.senado.gov.br","pt","https://pbs.twimg.com/profile_banners/40095953/1522061262","http://pbs.twimg.com/profile_background_images/403236145/fundo_twitter-noticias.png","http://pbs.twimg.com/profile_images/936599079420874752/BFhow208_normal.jpg"
"x361836159","Léia Rachor","LeiaRachor","Rio Grande do Sul, Brasil","""Que a sua capacidade de se encantar com a vida jamais adormeça!"" #JuntosSomosMaisFortes",,FALSE,3147,3930,13,69853,74622,2011-08-25 12:20:21,FALSE,,,"pt","https://pbs.twimg.com/profile_banners/361836159/1514978593","http://pbs.twimg.com/profile_background_images/378800000075758990/f96807b85fb1ba258f3a488bc8621cef.jpeg","http://pbs.twimg.com/profile_images/837268964501831681/_5F_a36q_normal.jpg"
"x114899893","JOÃO LUSTOSA","joaolustosa_","Cascavel","",,FALSE,1035,351,31,27271,23252,2010-02-16 23:58:56,FALSE,,,"pt",,"http://abs.twimg.com/images/themes/theme16/bg.gif","http://pbs.twimg.com/profile_images/378800000560085789/a1c9269b83f7971cdd7969dfc4e57a89_normal.jpeg"
"x66441340","Chik Jeitoso","ChikJeitoso","Brasil","Bruxo,Guru, Mago 36 anos trabalhando Sorte.Clientes em mais de 119 países. Não precisa me tolerar,apenas me respeite. Curitiba+Chik. Previsões. GADU.Oxala","http://t.co/KwwQB1E2kO",FALSE,2629,5002,29,81712,44427,2009-08-17 18:29:58,FALSE,"http://t.co/KwwQB1E2kO","http://www.facebook.com/profile.php?id=100000155202328","pt","https://pbs.twimg.com/profile_banners/66441340/1412593043","http://pbs.twimg.com/profile_background_images/519069986891919360/ibb57zcQ.jpeg","http://pbs.twimg.com/profile_images/519079089542402048/QjskQtXp_normal.jpeg"
"x235559412","Antônio Baía","antoniobaiarn","Natal/RN - Brasil","Gestor imobiliário,especialista em financiamentos para imóveis comerciais,gestor de negócios.",,FALSE,2643,4997,8,23463,694,2011-01-08 14:16:41,FALSE,,,"pt","https://pbs.twimg.com/profile_banners/235559412/1516548979","http://abs.twimg.com/images/themes/theme6/bg.gif","http://pbs.twimg.com/profile_images/756196863309520898/H2lS4HW3_normal.jpg"
"x29238512","Eduardo Magno","dumagno","São Paulo","Politicamente incorreto",,FALSE,144,500,1,3927,12142,2009-04-06 16:49:46,FALSE,,,"en","https://pbs.twimg.com/profile_banners/29238512/1505132490","http://abs.twimg.com/images/themes/theme1/bg.png","http://pbs.twimg.com/profile_images/229537669/beijo_gripe_normal.jpg"
"x109641440","Fabio Emerson Rutka","fabiorutka","Ponta Grossa, Paraná","Fotógrafo/ Cinegrafista/ Historiador/ Funcionário Público

https://t.co/zrbyeH28yP

facebook/fabioemersonrutka","https://t.co/9wvfJAW3yy",FALSE,340,1081,4,53003,3581,2010-01-29 19:19:49,FALSE,"https://t.co/9wvfJAW3yy","http://www.studioalfadigital.com.br","pt","https://pbs.twimg.com/profile_banners/109641440/1469305003","http://pbs.twimg.com/profile_background_images/439950415077990401/Zjbjgprh.jpeg","http://pbs.twimg.com/profile_images/756923774059048960/j7G73Ivt_normal.jpg"
"x875484522648932352","Marcos Silva","SilvaMarcosDS","","",,FALSE,150,801,0,2424,60338,2017-06-15 22:45:50,FALSE,,,"pt",,,"http://pbs.twimg.com/profile_images/899580007345000448/WEXQox-P_normal.jpg"
"x9179462","madeleine lacsko","madeleinelacsko","","Queen of Zuêra, garantia de dias difíceis na vida dos inimigos, diva pop do jornalismo brasileiro, cristã e, ainda assim, serumana","https://t.co/ihNuQjezyA",FALSE,27634,1279,160,24934,8288,2007-09-30 22:07:17,FALSE,"https://t.co/ihNuQjezyA","http://www.madeleinelacsko.com.br","en","https://pbs.twimg.com/profile_banners/9179462/1522014773","http://pbs.twimg.com/profile_background_images/267864217/x3151ea99b93842d25463c72ef75f516.jpg","http://pbs.twimg.com/profile_images/923276174226272257/PbXn1ofZ_normal.jpg"
"x454061147","<f0><U+009F><U+0092><U+0099><f0><U+009F><U+00A6><U+008A>Subeida <f0><U+009F><U+00A6><U+008A><f0><U+009F><U+0092><U+0099>","subeida1","","Sou apaixonada pela família, amigos e meu Cruzeiro querido",,FALSE,33247,13549,51,185347,182699,2012-01-03 15:45:43,FALSE,,,"pt","https://pbs.twimg.com/profile_banners/454061147/1506624655","http://abs.twimg.com/images/themes/theme1/bg.png","http://pbs.twimg.com/profile_images/948474281465401344/Kwkl2Dz2_normal.jpg"
"x964826686004060160","Jarllys  Oficial","SilvaJarllys","Bacabal, Brasil","Formado em Administração. Moro no Maranhão. Efetivo em ASG desde 2010. Apoia o Partido Podemos",,FALSE,300,1909,1,745,3803,2018-02-17 11:39:42,FALSE,,,"pt","https://pbs.twimg.com/profile_banners/964826686004060160/1518867922",,"http://pbs.twimg.com/profile_images/964828122649645056/KWDiOAz4_normal.jpg"
"x838771372872564737","Nivaldo Geraldo Vaz","NivaldoGeraldo1","Itaí/SP","Sempre a Esperança.",,FALSE,18,98,0,897,1605,2017-03-06 15:20:53,FALSE,,,"pt",,,"http://pbs.twimg.com/profile_images/910472550349754368/MVymB1ZN_normal.jpg"
"x731234746953551872","Gilson Lamaur","GilsonLamaur","","",,FALSE,55,19,0,2825,7420,2016-05-13 21:28:44,FALSE,,,"pt",,,"http://abs.twimg.com/sticky/default_profile_images/default_profile_normal.png"
"x62551294","Valter Rodrigues","valtinho45","Santa Catarina, Brasil","filiado PSDB de Santa Catarina.","https://t.co/cuirlyrLJU",FALSE,467,887,4,2042,978,2009-08-03 16:18:48,FALSE,"https://t.co/cuirlyrLJU","http://www.psdb-sc.org.br","pt","https://pbs.twimg.com/profile_banners/62551294/1375795903","http://pbs.twimg.com/profile_background_images/94947893/Valtinho_PSDB2.jpg","http://pbs.twimg.com/profile_images/2924095383/34edde889dbe4453736f70cdf42d92d8_normal.jpeg"
"x2885344191","Paulo Marcos","paulomarcos644","","marquinhojj",,FALSE,343,2002,4,8330,58375,2014-11-20 07:21:20,FALSE,,,"pt",,"http://abs.twimg.com/images/themes/theme1/bg.png","http://pbs.twimg.com/profile_images/870986458131300352/AORrc-ID_normal.jpg"
"x94095262","Adilson Dias","adilson467","Brasil","O socialismo é a filosofia do fracasso, a crença na ignorância, a pregação da inveja. Seu maior defeito é a distribuição igualitária da miséria. W. Churchill","https://t.co/VAvirPDEtG",FALSE,621,1009,6,9395,25411,2009-12-02 14:01:31,FALSE,"https://t.co/VAvirPDEtG","https://twitter.com/@adilson467","pt","https://pbs.twimg.com/profile_banners/94095262/1492163635","http://pbs.twimg.com/profile_background_images/616868917/k92916a6bks2l10dbtk6.jpeg","http://pbs.twimg.com/profile_images/921758663316033536/ES0oU6nl_normal.jpg"
"x86388277","Roberta","roberta_jorn","SC, Brasília, Brasil","Investigative Journalism #Brazil  ; Ex- Model  - Gosto de pouquíssimas pessoas, #AMO TODOS OS BICHOS",,FALSE,6021,429,341,229129,1962,2009-10-30 20:17:32,FALSE,,,"en","https://pbs.twimg.com/profile_banners/86388277/1522299655","http://abs.twimg.com/images/themes/theme14/bg.gif","http://pbs.twimg.com/profile_images/979897893686599680/ydDA1i5o_normal.jpg"
"x84076180","Ana Paula Vôlei","AnaPaulaVolei","Los Angeles / Rio de Janeiro","Brazilian pro-volleyball player, 4 @Olympics,Olympic Medalist, 2 Time World Champion. I.Architect. Political Science @UCLA.Conservative,sports fanatic.<U+2764><U+FE0F>Brasil.",,FALSE,171436,631,345,39022,50035,2009-10-21 13:05:27,TRUE,,,"en","https://pbs.twimg.com/profile_banners/84076180/1494751278","http://abs.twimg.com/images/themes/theme1/bg.png","http://pbs.twimg.com/profile_images/865440059536715777/NXdYQIWC_normal.jpg"
"x3376808435","eu, Fer","fcwb14","Brasil","Apaixonada por conteúdo, pesquisa, política, futebol e gente divertida que gosta de pensar. Corruptofóbica assumida",,FALSE,65,244,5,616,1511,2015-07-15 03:13:26,FALSE,,,"pt","https://pbs.twimg.com/profile_banners/3376808435/1520369295","http://abs.twimg.com/images/themes/theme1/bg.png","http://pbs.twimg.com/profile_images/971125312003149825/6Kz17NeN_normal.jpg"
"x917124680900804609","Isabel Noll","IsabelNoll","","",,FALSE,22,88,0,1110,4292,2017-10-08 20:28:58,FALSE,,,"pt",,,"http://abs.twimg.com/sticky/default_profile_images/default_profile_normal.png"
"x970147218102607872","O Remanescente","RemanescenteO","Vila Velha, Brasil","O Remanescente da Direita Delirante",,FALSE,8,129,0,305,187,2018-03-04 04:01:36,FALSE,,,"pt","https://pbs.twimg.com/profile_banners/970147218102607872/1520136534",,"http://pbs.twimg.com/profile_images/970149060077334529/6BRv-NOt_normal.jpg"
"x882781460364746752","WRVieira","VieirWilson","Maringá, Brasil","Notícias Política Economia Últimas notícias Esporte Internacional Brasil",,FALSE,1,14,0,11,79,2017-07-06 02:01:16,FALSE,,,"pt","https://pbs.twimg.com/profile_banners/882781460364746752/1500613667",,"http://pbs.twimg.com/profile_images/888263948054667264/3MYhFSey_normal.jpg"
"x702274239097868288","Mauro Tocchio","mauro_broncos","João Pessoa, Brasil","Diretor da Champagnat Eventos e da Tradutorium. Apoio o Senador Álvaro Dias para Presidente e torcedor do Corinthians, Tottenham, Sampdoria e do Denver Broncos.","https://t.co/WF25tXxdsq",FALSE,56,124,0,1715,1755,2016-02-23 23:30:01,FALSE,"https://t.co/WF25tXxdsq","http://www.tradutorium.com.br","pt","https://pbs.twimg.com/profile_banners/702274239097868288/1519397790",,"http://pbs.twimg.com/profile_images/839860930674634754/dysbwDiv_normal.jpg"
"x99260273","Sérgio Gabriel","sergiogsjr","Curitiba, Brasil","<f0><U+009F><U+00A4><U+0094>",,FALSE,335,220,8,5007,220,2009-12-25 10:16:15,FALSE,,,"pt","https://pbs.twimg.com/profile_banners/99260273/1508760200","http://pbs.twimg.com/profile_background_images/76719039/005.JPG","http://pbs.twimg.com/profile_images/680115114/005_normal.JPG"
"x743413749055365120","Rioszealberto","zealbertorios2","","",,FALSE,40,142,0,2759,1927,2016-06-16 12:03:44,FALSE,,,"en",,,"http://pbs.twimg.com/profile_images/947833591408611328/v8q-f2PI_normal.jpg"
"x967533464093327361","Edilson Cardoso","Edilsonbsb","Brasília, Brasil","",,FALSE,4,11,0,217,524,2018-02-24 22:55:28,FALSE,,,"pt",,,"http://pbs.twimg.com/profile_images/967544704618426369/lfyAvl_6_normal.jpg"
"x338064206","Janduir Pessoa","JanduirPessoa1","Goiânia/Goiás","",,FALSE,8,174,0,179,4,2011-07-19 01:03:13,FALSE,,,"pt","https://pbs.twimg.com/profile_banners/338064206/1480361656","http://abs.twimg.com/images/themes/theme1/bg.png","http://abs.twimg.com/sticky/default_profile_images/default_profile_normal.png"
"x823668222566207488","Eduardo S S Corrêa","eduardossc123","Hortolândia SP","Vigilante",,FALSE,1,89,0,113,173,2017-01-23 23:06:22,FALSE,,,"pt",,,"http://pbs.twimg.com/profile_images/956997028579602434/QvuugI-n_normal.jpg"
"x939519915672920065","Luiz Roberto Vieira","LuizRobertoVie2","","",,FALSE,3,51,0,135,516,2017-12-09 15:39:38,FALSE,,,"pt",,,"http://abs.twimg.com/sticky/default_profile_images/default_profile_normal.png"
"x157836806","fernanda rebello","ferebello","Brasil","",,FALSE,1130,1931,7,53036,22309,2010-06-21 01:37:22,FALSE,,,"en","https://pbs.twimg.com/profile_banners/157836806/1463369145","http://pbs.twimg.com/profile_background_images/124850416/twitter04.jpg","http://pbs.twimg.com/profile_images/765258226472480768/gjqAHrj0_normal.jpg"
"x234803815","LUIZ ALBERTO","gugusirino","","""Eu gosto de olhos que sorriem, de gestos que se desculpam, de toques que sabem conversar e de silêncios que se declaram.""(Machado de Assis)",,FALSE,132,274,3,605,412,2011-01-06 16:19:53,FALSE,,,"pt","https://pbs.twimg.com/profile_banners/234803815/1504113562","http://abs.twimg.com/images/themes/theme1/bg.png","http://pbs.twimg.com/profile_images/902942015083696129/LmqbC4VI_normal.jpg"
"x3066018711","Ronaldo Ferrero","RonaldoFerrero","","Jornalista e doutor em ciências políticas por Michigan, escreve para veículos do mundo árabe e no Brasil desenvolve trabalhos para a educação.
Trilíngue.",,FALSE,122,957,0,3137,385,2015-03-02 18:45:21,FALSE,,,"pt","https://pbs.twimg.com/profile_banners/3066018711/1476848011","http://abs.twimg.com/images/themes/theme1/bg.png","http://pbs.twimg.com/profile_images/930906628961878016/n1KaazpI_normal.jpg"
"x327720880","<f0><U+009F><U+0092><U+009A><f0><U+009F><U+0092><U+009B>Arlet<f0><U+009F><U+0092><U+009A><f0><U+009F><U+0092><U+009B>CidadãDeBEM","aruthcao","","Não sei se ando por Fé ou se a Fé me faz andar! Heb.10:38. Mas o meu justo viverá da fé; e se ele recuar, a minha alma não tem prazer nele. - Bíblia JFA Offline",,FALSE,9808,1688,45,153610,157288,2011-07-02 01:31:35,FALSE,,,"pt","https://pbs.twimg.com/profile_banners/327720880/1511904913","http://pbs.twimg.com/profile_background_images/378800000033071459/b6ffdf972d6878d0d3fec8f97fcbaaa7.jpeg","http://pbs.twimg.com/profile_images/978854693421101058/7WcoGkOA_normal.jpg"
"x911249844769034246","Edimar Nogueira","EdimarNogueira3","Palmas, Brasil","",,FALSE,5,78,0,732,15,2017-09-22 15:24:28,FALSE,,,"pt",,,"http://abs.twimg.com/sticky/default_profile_images/default_profile_normal.png"
