"status_id","created_at","user_id","screen_name","text","source","reply_to_status_id","reply_to_user_id","reply_to_screen_name","is_quote","is_retweet","favorite_count","retweet_count","hashtags","symbols","urls_url","urls_t.co","urls_expanded_url","media_url","media_t.co","media_expanded_url","media_type","ext_media_url","ext_media_t.co","ext_media_expanded_url","ext_media_type","mentions_user_id","mentions_screen_name","lang","quoted_status_id","quoted_text","retweet_status_id","retweet_text","place_url","place_name","place_full_name","place_type","country","country_code","geo_coords","coords_coords","bbox_coords","favorited_by"
"x979288743034212352",2018-03-29 09:26:45,"x2862097384","LaurenceCohen94","Échanges très enrichissants sur les perspectives politiques et sociales du #Brésil avec le candidat aux élections présidentielles et ancien ministre @cirogomes. L’occasion d’évoquer avec lui le climat très tendu dans lequel se trouve le pays #MarielleFranco #MariellePresente https://t.co/jYvAMO2fyD","Twitter for iPhone",,,,FALSE,FALSE,122,20,"Brésil MarielleFranco MariellePresente",,,,,"http://pbs.twimg.com/media/DZch6W6X0AATa_A.jpg","https://t.co/jYvAMO2fyD","https://twitter.com/LaurenceCohen94/status/979288743034212352/photo/1","photo","http://pbs.twimg.com/media/DZch6W6X0AATa_A.jpg http://pbs.twimg.com/media/DZch6W_WsAAE3t_.jpg","https://t.co/jYvAMO2fyD https://t.co/jYvAMO2fyD","https://twitter.com/LaurenceCohen94/status/979288743034212352/photo/1 https://twitter.com/LaurenceCohen94/status/979288743034212352/photo/1",,"x33374761","cirogomes","fr",,,,,,,,,,,,,,"cirogomes"
"x979040234972295168",2018-03-28 16:59:16,"x381996181","GeorgesPatient","Rencontre avec le #groupe d’amitié France/Bresil du #Senat de @cirogomes,candidat aux élections présidentielles brésiliennes d’octobre 2018.Nous avons échangé sur l’orpaillage illégal,la réciprocité des visas,le racisme anti noir avec l’assassinat de #Marielle Franco. https://t.co/8qBcJzvCSH","Twitter for iPhone",,,,FALSE,FALSE,67,15,"groupe Senat Marielle",,,,,"http://pbs.twimg.com/media/DZY_5hkXUAADXM_.jpg","https://t.co/8qBcJzvCSH","https://twitter.com/GeorgesPatient/status/979040234972295168/photo/1","photo","http://pbs.twimg.com/media/DZY_5hkXUAADXM_.jpg","https://t.co/8qBcJzvCSH","https://twitter.com/GeorgesPatient/status/979040234972295168/photo/1",,"x33374761","cirogomes","fr",,,,,,,,,,,,,,"cirogomes"
"x979026829058158594",2018-03-28 16:06:00,"x381996181","GeorgesPatient","#Senat Groupe d'amitié France Brésil rencontre avec M. Ciro Gomes candidat à l'élection présidentielle brésilienne https://t.co/XL9p2QDDL2","Twitter for Windows Phone",,,,FALSE,FALSE,28,3,"Senat",,,,,"http://pbs.twimg.com/media/DZYzteJXcAE69d7.jpg","https://t.co/XL9p2QDDL2","https://twitter.com/GeorgesPatient/status/979026829058158594/photo/1","photo","http://pbs.twimg.com/media/DZYzteJXcAE69d7.jpg","https://t.co/XL9p2QDDL2","https://twitter.com/GeorgesPatient/status/979026829058158594/photo/1",,,,"fr",,,,,,,,,,,,,,"cirogomes"
"x974450199891456006",2018-03-16 01:00:06,"x716289824982958080","FFavelaBrasil","Após se encontrar com os possíveis presidenciáveis Guilherme Boulos (PSOL 50), Manuela D'Ávila (PC do B) e... https://t.co/P3vjTTr2Mu","Facebook",,,,FALSE,FALSE,88,16,,,"fb.me/48XZpqVnn","https://t.co/P3vjTTr2Mu","https://fb.me/48XZpqVnn",,,,,,,,,,,"pt",,,,,,,,,,,,,,"cirogomes"
"x971717668612001792",2018-03-08 12:02:00,"x14907774","gilbertogil","Para homenagear o #DiaInternacionaldaMulher, o clipe de “Vá Se Benzer”, com a filha Preta Gil e Gal Costa, a moça da #TrincaDeAses. Duas mulheres fazendo de suas vozes um manifesto contra a intolerância e o preconceito que ainda afetam nossa sociedade. https://t.co/BufAN7R0YR","Media Studio",,,,FALSE,FALSE,255,43,"DiaInternacionaldaMulher TrincaDeAses",,,,,"http://pbs.twimg.com/amplify_video_thumb/970733852703502339/img/eL9LfhbsoBoHYE9o.jpg","https://t.co/BufAN7R0YR","https://twitter.com/gilbertogil/status/971717668612001792/video/1","photo","http://pbs.twimg.com/amplify_video_thumb/970733852703502339/img/eL9LfhbsoBoHYE9o.jpg","https://t.co/BufAN7R0YR","https://twitter.com/gilbertogil/status/971717668612001792/video/1",,,,"pt",,,,,,,,,,,,,,"cirogomes"
"x931572127089745920",2017-11-17 17:17:57,"x85859074","wevertonrocha","@cirogomes Muitas felicidades pro Gael!","Twitter Web Client","x931570097008861185","x33374761","cirogomes",FALSE,FALSE,6,0,,,,,,,,,,,,,,"x33374761","cirogomes","pt",,,,,"https://api.twitter.com/1.1/geo/id/5722ff20ba67083b.json","Brasília","Brasília, Brazil","city","Brazil","BR",,,"-48.285982 -47.307264 -47.307264 -48.285982 -16.0524045 -16.0524045 -15.5001029 -15.5001029","cirogomes"
"x930084405804261376",2017-11-13 14:46:17,"x180500907","PDT_Nacional","Lupi e Ciro filiam Odilon Oliveira em Campo Grande (MS). Ex-juiz concorrerá ao Governo do estado. https://t.co/b6yqM3UyHa https://t.co/LmKV2PjGcL","Twitter Web Client",,,,FALSE,FALSE,80,10,,,"bit.ly/2iR3UdX","https://t.co/b6yqM3UyHa","http://bit.ly/2iR3UdX","http://pbs.twimg.com/media/DOhSRpgWsAE7d6N.jpg","https://t.co/LmKV2PjGcL","https://twitter.com/PDT_Nacional/status/930084405804261376/photo/1","photo","http://pbs.twimg.com/media/DOhSRpgWsAE7d6N.jpg","https://t.co/LmKV2PjGcL","https://twitter.com/PDT_Nacional/status/930084405804261376/photo/1",,,,"pt",,,,,,,,,,,,,,"cirogomes"
"x929694023127912448",2017-11-12 12:55:02,"x42890833","mario_heringer","Aí tem Governador e Presidente https://t.co/Ue9qtKEZBA","Twitter for iPhone",,,,TRUE,FALSE,10,3,,,"twitter.com/cirogomes/stat…","https://t.co/Ue9qtKEZBA","https://twitter.com/cirogomes/status/929387187984109568",,,,,,,,,,,"pt","x929387187984109568","Com juiz Odilon, filiado hoje ao PDT do Mato Grosso do Sul, presidente Carlos Lupi e deputado Dagoberto Nogueira. https://t.co/khVIm8TAAB",,,,,,,,,,,,"cirogomes"
"x927527877389836288",2017-11-06 13:27:33,"x41760825","pretozeze","@cirogomes Parabéns e vida longa !","Twitter for iPhone","x927527774298038273","x33374761","cirogomes",FALSE,FALSE,5,0,,,,,,,,,,,,,,"x33374761","cirogomes","pt",,,,,,,,,,,,,,"cirogomes"
"x925457819159158784",2017-10-31 20:21:52,"x55668616","tvebahia","Ciro Gomes está nos estúdios da TVE Bahia para gravar o TVE Entrevista Especial. Esta edição é conduzida pelo jornalista Bob Fernandes. https://t.co/1OWxpJHP5u","Twitter for Android",,,,FALSE,FALSE,98,16,,,,,,"http://pbs.twimg.com/media/DNfhLYhWAAIcTAf.jpg","https://t.co/1OWxpJHP5u","https://twitter.com/tvebahia/status/925457819159158784/photo/1","photo","http://pbs.twimg.com/media/DNfhLYhWAAIcTAf.jpg","https://t.co/1OWxpJHP5u","https://twitter.com/tvebahia/status/925457819159158784/photo/1",,,,"pt",,,,,,,,,,,,,,"cirogomes"
"x925131253812260866",2017-10-30 22:44:13,"x180500907","PDT_Nacional","Ciro e Lupi prestigiam posse de Mauro Zacher na presidência do 
Diretório metropolitano do PDT em Porto Alegre (RS). https://t.co/119vs2R3IZ https://t.co/Kn4gJ3r78O","Twitter Web Client",,,,FALSE,FALSE,14,5,,,"bit.ly/2xBavzs","https://t.co/119vs2R3IZ","http://bit.ly/2xBavzs","http://pbs.twimg.com/media/DNa5q3rX0AETlT3.jpg","https://t.co/Kn4gJ3r78O","https://twitter.com/PDT_Nacional/status/925131253812260866/photo/1","photo","http://pbs.twimg.com/media/DNa5q3rX0AETlT3.jpg","https://t.co/Kn4gJ3r78O","https://twitter.com/PDT_Nacional/status/925131253812260866/photo/1",,,,"pt",,,,,,,,,,,,,,"cirogomes"
"x925112700648263680",2017-10-30 21:30:30,"x215442843","canalbrasil","@olazaroramos recebe @cirogomes, que fala sobre Michel Temer. Hj, às 21h30, ou quando quiser, no #CanalBrasilPlay! &gt;https://t.co/qQk7EMEBru https://t.co/cOerCmaZXQ","Hootsuite",,"x219112689","olazaroramos",FALSE,FALSE,5,1,"CanalBrasilPlay",,"goo.gl/O6RE7x","https://t.co/qQk7EMEBru","https://goo.gl/O6RE7x","http://pbs.twimg.com/media/DNapGPHVoAA3kVj.jpg","https://t.co/cOerCmaZXQ","https://twitter.com/canalbrasil/status/925112700648263680/photo/1","photo","http://pbs.twimg.com/media/DNapGPHVoAA3kVj.jpg","https://t.co/cOerCmaZXQ","https://twitter.com/canalbrasil/status/925112700648263680/photo/1",,"x219112689 33374761","olazaroramos cirogomes","pt",,,,,,,,,,,,,,"cirogomes"
"x923616865536102400",2017-10-26 18:26:35,"x180500907","PDT_Nacional","Acompanhe hoje o Programa Nacional do PDT. Logo após, participe da Live com Ciro Gomes, no Facebook do PDT. https://t.co/0Cu14rr32B 
#PDT12 https://t.co/565IRyO2VB","Twitter Web Client",,,,FALSE,FALSE,144,32,"PDT12",,"goo.gl/NgzJCQ","https://t.co/0Cu14rr32B","http://goo.gl/NgzJCQ","http://pbs.twimg.com/media/DNFNkVDWAAAM3Zx.jpg","https://t.co/565IRyO2VB","https://twitter.com/PDT_Nacional/status/923616865536102400/photo/1","photo","http://pbs.twimg.com/media/DNFNkVDWAAAM3Zx.jpg","https://t.co/565IRyO2VB","https://twitter.com/PDT_Nacional/status/923616865536102400/photo/1",,,,"pt",,,,,,,,,,,,,,"cirogomes"
"x915194867239800832",2017-10-03 12:40:34,"x69650953","KennedyAlencar","“Quem está falhando é a velha esquerda. É por isso que essa direita hidrófoba aí está navegando”, diz @cirogomes, na série ""Cenários 2018"".","Twitter Web Client",,,,FALSE,FALSE,49,8,,,,,,,,,,,,,,"x33374761","cirogomes","pt",,,,,,,,,,,,,,"cirogomes"
"x913094372824141824",2017-09-27 17:33:57,"x52467382","mariana_godoy","E aí você vê seu livro na Laselva do aeroporto e fica como? <f0><U+009F><U+0098><U+008A> https://t.co/RRP86aRt9S","Instagram",,,,FALSE,FALSE,60,2,,,"instagram.com/p/BZjZGwyHHTP/","https://t.co/RRP86aRt9S","https://www.instagram.com/p/BZjZGwyHHTP/",,,,,,,,,,,"pt",,,,,,,,,,,,,,"cirogomes"
"x911360167274573830",2017-09-22 22:42:50,"x52467382","mariana_godoy","O que você quer pergjntar para Ciro Gomes? Use a hashtag #MarianaGodoyEntrevista e participe! Ao vivo a partir das 22h20","Twitter for iPhone",,,,FALSE,FALSE,294,51,"MarianaGodoyEntrevista",,,,,,,,,,,,,,,"pt",,,,,,,,,,,,,,"cirogomes"
"x910985371340636166",2017-09-21 21:53:32,"x52467382","mariana_godoy","https://t.co/dGW3FTEIka","Twitter for iPhone",,,,FALSE,FALSE,126,22,,,,,,"http://pbs.twimg.com/ext_tw_video_thumb/910985287156867073/pu/img/05w-2_OCqOXwN_N6.jpg","https://t.co/dGW3FTEIka","https://twitter.com/mariana_godoy/status/910985371340636166/video/1","photo","http://pbs.twimg.com/ext_tw_video_thumb/910985287156867073/pu/img/05w-2_OCqOXwN_N6.jpg","https://t.co/dGW3FTEIka","https://twitter.com/mariana_godoy/status/910985371340636166/video/1",,,,"und",,,,,,,,,,,,,,"cirogomes"
"x909978870723616768",2017-09-19 03:14:04,"x52467382","mariana_godoy","E @cirogomes é o primeiro! Participe usando a hashtag #MarianaGodoyEntrevista https://t.co/kaxzHghknR","Twitter for iPhone",,,,TRUE,FALSE,395,62,"MarianaGodoyEntrevista",,"twitter.com/flavioricco/st…","https://t.co/kaxzHghknR","https://twitter.com/flavioricco/status/909977784075919360",,,,,,,,,"x33374761","cirogomes","pt","x909977784075919360","Mariana Godoy faz série com presidenciáveis na Rede TV! https://t.co/mhGMaTDsCG via @UOLEntrete @UOL",,,,,,,,,,,,"cirogomes"
"x901408996288016384",2017-08-26 11:40:26,"x45447020","xicosa","@cirogomes A bagaceira é grande, meu caro","Twitter for iPhone","x901407257589624832","x33374761","cirogomes",FALSE,FALSE,83,7,,,,,,,,,,,,,,"x33374761","cirogomes","pt",,,,,,,,,,,,,,"cirogomes"
"x900807787026014209",2017-08-24 19:51:27,"x171965007","EnioBacci","Uma honra para o PDT gaúcho receber nosso pré-candidato à presidência, @cirogomes, em dia de homenagens a Getúlio Vargas. https://t.co/8IGbSLh9ma","Twitter Web Client",,,,FALSE,FALSE,62,9,,,,,,"http://pbs.twimg.com/media/DIBOjrRXsAADLB7.jpg","https://t.co/8IGbSLh9ma","https://twitter.com/EnioBacci/status/900807787026014209/photo/1","photo","http://pbs.twimg.com/media/DIBOjrRXsAADLB7.jpg","https://t.co/8IGbSLh9ma","https://twitter.com/EnioBacci/status/900807787026014209/photo/1",,"x33374761","cirogomes","pt",,,,,"https://api.twitter.com/1.1/geo/id/894146230dd1d42d.json","Porto Alegre","Porto Alegre, Brazil","city","Brazil","BR",,,"-51.3061478 -51.012471 -51.012471 -51.3061478 -30.2688069 -30.2688069 -29.9308654 -29.9308654","cirogomes"
"x900196129677217792",2017-08-23 03:20:56,"x34123898","tythamonteiro","Nem PT e nem PSDB. Na presidência eu só quero você, BB. #Ciro2018 https://t.co/VvDI9rzEJe","Twitter for Android",,,,TRUE,FALSE,20,2,"Ciro2018",,"twitter.com/cirogomes/stat…","https://t.co/VvDI9rzEJe","https://twitter.com/cirogomes/status/900136930901413889",,,,,,,,,,,"pt","x900136930901413889","O Brasil não cabe nessa divisão odienta entre coxinhas e mortadelas. O Brasil é muito maior que essa disputa mesquinha de PSDB e PT.",,,,,,,,,,,,"cirogomes"
"x900154184569368576",2017-08-23 00:34:16,"x41760825","pretozeze","Certeza é muita descrença ! https://t.co/ma0BW1VnRd","Twitter for iPhone",,,,TRUE,FALSE,3,1,,,"twitter.com/cirogomes/stat…","https://t.co/ma0BW1VnRd","https://twitter.com/cirogomes/status/900154114079961089",,,,,,,,,,,"pt","x900154114079961089","A passividade do nosso povo neste momento não é despolitização. É depressão. Está machucado.  Precisamos recuperar a esperança na luta.",,,,,,,,,,,,"cirogomes"
"x900033131469832192",2017-08-22 16:33:15,"x180500907","PDT_Nacional","#JuventudeSocialista #Conjus Com William Rodrigues na direção, JS anuncia sede de mudanças e promete apoiar Ciro. https://t.co/sTE1EOBchV https://t.co/j3l1opx5Yj","Twitter Web Client",,,,FALSE,FALSE,9,3,"JuventudeSocialista Conjus",,"bit.ly/2wv3tPT","https://t.co/sTE1EOBchV","http://bit.ly/2wv3tPT","http://pbs.twimg.com/media/DH2PBXEXYAAZJDH.jpg","https://t.co/j3l1opx5Yj","https://twitter.com/PDT_Nacional/status/900033131469832192/photo/1","photo","http://pbs.twimg.com/media/DH2PBXEXYAAZJDH.jpg","https://t.co/j3l1opx5Yj","https://twitter.com/PDT_Nacional/status/900033131469832192/photo/1",,,,"pt",,,,,,,,,,,,,,"cirogomes"
"x899987360863137792",2017-08-22 13:31:22,"x37320286","PompeodeMattos","Seja bem vindo @cirogomes ao Sul do Brasil. Aki o povo tbem te acolhe. Quinta-feira será em POA na Carta Testamento e palestra na UNISINOS https://t.co/lTLNLJHf3v","Twitter for iPhone",,,,TRUE,FALSE,5,0,,,"twitter.com/cirogomes/stat…","https://t.co/lTLNLJHf3v","https://twitter.com/cirogomes/status/899952439364915204",,,,,,,,,"x33374761","cirogomes","pt","x899952439364915204","Vou hoje a Chapecó (SC). Entre as atividades participarei de um debate com professores e estudantes, 19h30, na Univ Fed Fronteira Sul (UFFS)",,,"https://api.twitter.com/1.1/geo/id/894146230dd1d42d.json","Porto Alegre","Porto Alegre, Brazil","city","Brazil","BR",,,"-51.3061478 -51.012471 -51.012471 -51.3061478 -30.2688069 -30.2688069 -29.9308654 -29.9308654","cirogomes"
"x896331328966324224",2017-08-12 11:23:36,"x179586756","RealBarone","@OldonMachado @cirogomes @programapanico Quem for  candidato à presidente e apresentar um projeto sério para a educação, ganhará meu apreço.","Twitter for iPhone","x896209658196766720","x45930182","OldonMachado",FALSE,FALSE,9,0,,,,,,,,,,,,,,"x45930182 33374761 35765232","OldonMachado cirogomes programapanico","pt",,,,,,,,,,,,,,"cirogomes"
"x896212408305426435",2017-08-12 03:31:03,"x134647381","MonicaWaldvogel","@mazocoelho Tem várias com ótima performance. Sobral é case porque o município todo se beneficiou da política. Me deixa esperançosa","Twitter for iPhone","x896211065985433600","x232834645","mazocoelho",FALSE,FALSE,10,3,,,,,,,,,,,,,,"x232834645","mazocoelho","pt",,,,,,,,,,,,,,"cirogomes"
"x896209124895055872",2017-08-12 03:18:00,"x134647381","MonicaWaldvogel","É mesmo o melhor caso brasileiro. Pena a experiência não ter sido replicada em todo o país. https://t.co/0vS94DoyTz","Twitter for iPhone",,,,TRUE,FALSE,169,29,,,"twitter.com/cirogomes/stat…","https://t.co/0vS94DoyTz","https://twitter.com/cirogomes/status/896208788600086528",,,,,,,,,,,"pt","x896208788600086528","O Globo Repórter mostrou hoje a melhor educação do Brasil. É a de Sobral, minha cidade, no sertão do Ceará (...)",,,,,,,,,,,,"cirogomes"
"x895096848192598017",2017-08-09 01:38:13,"x25577585","FlavioDino","Com alegria, participarei da Semana do Economista no Maranhao, com esse debate com o companheiro Ciro Gomes. https://t.co/1JZmjCRuqQ","Twitter for iPhone",,,,FALSE,FALSE,398,124,,,,,,"http://pbs.twimg.com/media/DGwF1q7WsAE2XZ2.jpg","https://t.co/1JZmjCRuqQ","https://twitter.com/FlavioDino/status/895096848192598017/photo/1","photo","http://pbs.twimg.com/media/DGwF1q7WsAE2XZ2.jpg","https://t.co/1JZmjCRuqQ","https://twitter.com/FlavioDino/status/895096848192598017/photo/1",,,,"pt",,,,,,,,,,,,,,"cirogomes"
"x877579783802048512",2017-06-21 17:31:39,"x180500907","PDT_Nacional","Treze anos sem Leonel Brizola – legado deixado pelo ícone Trabalhista ainda inspira o PDT na luta pela democracia. https://t.co/71ctlqCxeW https://t.co/1vYmvooUgA","Twitter Web Client",,,,FALSE,FALSE,145,50,,,"bit.ly/2sUyyuA","https://t.co/71ctlqCxeW","http://bit.ly/2sUyyuA","http://pbs.twimg.com/media/DC3J8aaWsAAz8is.jpg","https://t.co/1vYmvooUgA","https://twitter.com/PDT_Nacional/status/877579783802048512/photo/1","photo","http://pbs.twimg.com/media/DC3J8aaWsAAz8is.jpg","https://t.co/1vYmvooUgA","https://twitter.com/PDT_Nacional/status/877579783802048512/photo/1",,,,"pt",,,,,,,,,,,,,,"cirogomes"
"x869892528207802368",2017-05-31 12:25:15,"x249229452","betty_faria_","@cirogomes Bem vindo! Que vc tenha muita sabedoria pra não aceitar provocações.Qndo ficar pesado,dê block Boa Sorte Precisamos de vc","Twitter for Android","x869883936595484673","x33374761","cirogomes",FALSE,FALSE,149,6,,,,,,,,,,,,,,"x33374761","cirogomes","pt",,,,,,,,,,,,,,"cirogomes"
