"user_id","name","screen_name","location","description","url","protected","followers_count","friends_count","listed_count","statuses_count","favourites_count","account_created_at","verified","profile_url","profile_expanded_url","account_lang","profile_banner_url","profile_background_url","profile_image_url"
"x2862097384","Laurence Cohen","LaurenceCohen94","Gentilly","Sénatrice @PCF du Val-de-Marne, Vice-Présidente de la commission des affaires sociales et de la délégation aux droits des femmes.","https://t.co/6L9G5Y3VZ3",FALSE,2984,966,87,2767,1308,2014-11-05 07:47:41,TRUE,"https://t.co/6L9G5Y3VZ3","http://www.laurencecohen.fr/","fr","https://pbs.twimg.com/profile_banners/2862097384/1519720825","http://abs.twimg.com/images/themes/theme1/bg.png","http://pbs.twimg.com/profile_images/608943862170685440/Wh5_QYX8_normal.jpg"
"x381996181","Georges Patient","GeorgesPatient","","Sénateur de Guyane","http://t.co/UGqHfAHbFL",FALSE,2558,252,104,2682,39,2011-09-29 09:34:03,TRUE,"http://t.co/UGqHfAHbFL","http://www.georgespatient.fr","fr","https://pbs.twimg.com/profile_banners/381996181/1364308373","http://abs.twimg.com/images/themes/theme1/bg.png","http://pbs.twimg.com/profile_images/1565029375/770-068-XL1-300x238_normal.jpg"
"x716289824982958080","Frente Favela Brasil","FFavelaBrasil","","Twitter Oficial do Frente Favela Brasil","https://t.co/cRDLhahyh4",FALSE,629,11,9,1264,1,2016-04-02 15:42:57,FALSE,"https://t.co/cRDLhahyh4","http://ffavelabrasil.org.br/","pt","https://pbs.twimg.com/profile_banners/716289824982958080/1469150423",,"http://pbs.twimg.com/profile_images/756297843506311168/zDJ2Tx6O_normal.jpg"
"x14907774","Gilberto Gil","gilbertogil","Brasil","Twitter oficial do cantor e compositor Gilberto Gil atualizado pela sua equipe de comunicação","http://t.co/AVWNhBhghW",FALSE,2498356,504,2745,13004,14554,2008-05-26 10:52:48,TRUE,"http://t.co/AVWNhBhghW","http://www.gilbertogil.com.br/","en","https://pbs.twimg.com/profile_banners/14907774/1520611159","http://pbs.twimg.com/profile_background_images/623241819296559104/iJRXcXYk.jpg","http://pbs.twimg.com/profile_images/967081993019195392/NrxD-hF0_normal.jpg"
"x85859074","Weverton Rocha","wevertonrocha","Brasil","Presidente Estadual do PDT-MA e Deputado Federal","https://t.co/9DaZIYPsM4",FALSE,5129,1169,81,11154,3869,2009-10-28 16:53:47,TRUE,"https://t.co/9DaZIYPsM4","http://wevertonrocha.com.br/","pt","https://pbs.twimg.com/profile_banners/85859074/1522272263","http://pbs.twimg.com/profile_background_images/489883270134251520/l6Za-rFv.jpeg","http://pbs.twimg.com/profile_images/975803909355732993/O2Um8ySH_normal.jpg"
"x180500907","PDT Nacional","PDT_Nacional","Brasil","Twitter Oficial do Partido Democrático Trabalhista.","https://t.co/IlPWda9Y4X",FALSE,58664,63,130,2556,52,2010-08-19 19:55:53,TRUE,"https://t.co/IlPWda9Y4X","http://www.pdt.org.br","pt","https://pbs.twimg.com/profile_banners/180500907/1476724605","http://pbs.twimg.com/profile_background_images/600801891841220609/Y6XegQ3Y.jpg","http://pbs.twimg.com/profile_images/600750686737838081/DX-f8SNU_normal.png"
"x42890833","Mário Heringer","mario_heringer","Brasília","Médico, Deputado Federal por Minas Gerais e Presidente do PDT/MG https://t.co/O6TrxTFpoC","https://t.co/RfeKYgNSwk",FALSE,3849,2298,138,14875,2406,2009-05-27 14:18:17,FALSE,"https://t.co/RfeKYgNSwk","http://www.marioheringer.com.br","pt","https://pbs.twimg.com/profile_banners/42890833/1423574978","http://abs.twimg.com/images/themes/theme1/bg.png","http://pbs.twimg.com/profile_images/3298295332/390fe0d5b4ebb73995ecb4bd10f18b3c_normal.png"
"x41760825","PRETO ZEZÉ","pretozeze","Fortaleza, CE, Brasil","Filho das QUADRAS, Blogueiro, Pai do Malcom Jonas, Presidente da CUFA GLOBAL pretozezefortaleza@gmail.com https://t.co/j3ae1k8RDQ","https://t.co/Pwy0125Uyh",FALSE,9740,2721,82,91784,3556,2009-05-22 05:29:46,FALSE,"https://t.co/Pwy0125Uyh","http://www.cufa.org.br","en","https://pbs.twimg.com/profile_banners/41760825/1455219343","http://abs.twimg.com/images/themes/theme4/bg.gif","http://pbs.twimg.com/profile_images/750914216698253312/JYe10yj7_normal.jpg"
"x55668616","#MêsDasMulheres","tvebahia","Salvador, Bahia, Brasil","A TVE é a televisão pública da Bahia. Educação, Cultura, Esportes e Informação num único canal. Sintonize nossa programação também online, em tempo real.","https://t.co/qTrenIZEKT",FALSE,127711,234,238,19199,1497,2009-07-10 21:25:25,FALSE,"https://t.co/qTrenIZEKT","http://www.tve.ba.gov.br/tveonline","pt","https://pbs.twimg.com/profile_banners/55668616/1519911120","http://pbs.twimg.com/profile_background_images/444205174014234624/VsS-ZH1o.jpeg","http://pbs.twimg.com/profile_images/969203727755333639/lBqRewuS_normal.jpg"
"x215442843","Canal Brasil","canalbrasil","Brasil","A casa do cinema brasileiro. NET HD: 650, NET: 150, na Oi TV: canal 66; na Sky HD: canal 513 e SD 113; ClaroTV: no 150 e Vivo TV DTH: 806, Vivo IPTV: 656.","http://t.co/T1KV8IYDKb",FALSE,60122,1343,318,22194,4264,2010-11-13 23:29:32,TRUE,"http://t.co/T1KV8IYDKb","http://www.canalbrasil.com.br","pt","https://pbs.twimg.com/profile_banners/215442843/1521647087","http://pbs.twimg.com/profile_background_images/515192378391404544/NKK-CgqX.jpeg","http://pbs.twimg.com/profile_images/976831672611147776/QhKSkzos_normal.jpg"
"x69650953","Kennedy Alencar","KennedyAlencar","Brasília, DF, Brasil","Jornalista com foco na cobertura de política e economia em Brasília. É comentarista da rádio CBN e faz o https://t.co/QPWinETpM4","https://t.co/QPWinETpM4",FALSE,167681,279,1445,8830,9,2009-08-28 17:56:34,TRUE,"https://t.co/QPWinETpM4","http://blogdokennedy.com.br","pt","https://pbs.twimg.com/profile_banners/69650953/1461186413","http://abs.twimg.com/images/themes/theme1/bg.png","http://pbs.twimg.com/profile_images/774342045578199042/d8oHhlKT_normal.jpg"
"x52467382","Mariana Godoy","mariana_godoy","São Paulo, Brasil","alguém que não perde a esperança https://t.co/FThiTXGF4L",,FALSE,428236,514,2240,58972,4559,2009-06-30 18:02:12,TRUE,,,"en","https://pbs.twimg.com/profile_banners/52467382/1514062611","http://pbs.twimg.com/profile_background_images/656207562107408384/GwT8xpkT.jpg","http://pbs.twimg.com/profile_images/944673171948670977/sDaJjxc1_normal.jpg"
"x45447020","xico sá","xicosa","Rio de Janeiro","jornalista-escritor,autor de Os machões dançaram -crônicas de amor & sexo em tempos de homens vacilões","https://t.co/regEBbmdvX",FALSE,1423041,10302,2213,76433,141122,2009-06-07 23:12:22,TRUE,"https://t.co/regEBbmdvX","http://brasil.elpais.com","pt","https://pbs.twimg.com/profile_banners/45447020/1512588143","http://abs.twimg.com/images/themes/theme9/bg.gif","http://pbs.twimg.com/profile_images/875113716316082176/2IpRoLxj_normal.jpg"
"x171965007","Enio Bacci Deputado","EnioBacci","","Advogado Criminalista, Deputado Federal de Cinco Mandatos. Eleito Deputado Estadual. Secretário de Segurança do RS em 2007.","http://t.co/lYrIFQvcfZ",FALSE,1736,620,49,1424,4747,2010-07-28 16:02:37,FALSE,"http://t.co/lYrIFQvcfZ","http://www.eniobacci.com.br","pt","https://pbs.twimg.com/profile_banners/171965007/1519146990","http://abs.twimg.com/images/themes/theme1/bg.png","http://pbs.twimg.com/profile_images/936556485735272448/4C8eIgw8_normal.jpg"
"x34123898","the Spaz","tythamonteiro","Maringá - Pr","tirei a idade daqui porque o tempo passa, mas não se preocupem, eu sou legal.","https://t.co/OuATQVAnoV",FALSE,364,259,10,17513,76,2009-04-22 01:14:24,FALSE,"https://t.co/OuATQVAnoV","http://www.facebook.com/tythamonteiro","pt","https://pbs.twimg.com/profile_banners/34123898/1501546025","http://abs.twimg.com/images/themes/theme1/bg.png","http://pbs.twimg.com/profile_images/892174743645847553/UmlH8mOJ_normal.jpg"
"x37320286","Pompeo de Mattos","PompeodeMattos","","Advogado, Poeta, Bancário, do Banco do Brasil; foi Vereador, Prefeito e Deputado Estadual; atualmente é Deputado Federal e Presidente Estadual do PDT-RS.","https://t.co/7jXaFhS8Ej",FALSE,10994,585,192,10599,1178,2009-05-03 00:32:40,TRUE,"https://t.co/7jXaFhS8Ej","http://www.pompeo.com.br","pt","https://pbs.twimg.com/profile_banners/37320286/1423503253","http://pbs.twimg.com/profile_background_images/177242615/background.JPG","http://pbs.twimg.com/profile_images/931313770542006274/iFQGWh23_normal.jpg"
"x179586756","João Barone","RealBarone","Rio de Janeiro","Instagram oficial: joao.barone_oficial               fan page Facebook: @JbParalamas",,FALSE,24382,440,101,8810,4235,2010-08-17 17:15:27,TRUE,,,"en","https://pbs.twimg.com/profile_banners/179586756/1465226454","http://pbs.twimg.com/profile_background_images/776873467/65868b1f8151a93500dafc6d529a8f47.jpeg","http://pbs.twimg.com/profile_images/924355488610910214/B9VhQejI_normal.jpg"
"x134647381","Mônica Waldvogel","MonicaWaldvogel","São Paulo - SP","Jornalista / Globonews","https://t.co/OMZPVazLdb",FALSE,1104104,1094,1372,51589,18388,2010-04-19 02:08:36,TRUE,"https://t.co/OMZPVazLdb","http://g1.globo.com/globo-news/entre-aspas/videos/","pt","https://pbs.twimg.com/profile_banners/134647381/1510494820","http://pbs.twimg.com/profile_background_images/642712731473326080/KVo58BTJ.jpg","http://pbs.twimg.com/profile_images/929708766559432704/WyWfbvJy_normal.jpg"
"x25577585","Flávio Dino","FlavioDino","Maranhão","Governador do Maranhão. Advogado e professor da Universidade Federal do Maranhão. Foi juiz federal, deputado federal e presidente da EMBRATUR","http://t.co/YG2zI5rUtp",FALSE,186275,541,498,54211,27237,2009-03-20 21:14:30,TRUE,"http://t.co/YG2zI5rUtp","http://www.flaviodino.com.br","en","https://pbs.twimg.com/profile_banners/25577585/1502172921","http://pbs.twimg.com/profile_background_images/485631968294359040/FLhuSl9s.jpeg","http://pbs.twimg.com/profile_images/979883885277401088/U5h8QVTC_normal.jpg"
"x249229452","Betty Faria","betty_faria_","","",,FALSE,19411,286,29,5278,453,2011-02-08 16:45:08,FALSE,,,"pt","https://pbs.twimg.com/profile_banners/249229452/1448142698","http://abs.twimg.com/images/themes/theme1/bg.png","http://pbs.twimg.com/profile_images/733001408635654144/yP9TmQKe_normal.jpg"
