"user_id","name","screen_name","location","description","url","protected","followers_count","friends_count","listed_count","statuses_count","favourites_count","account_created_at","verified","profile_url","profile_expanded_url","account_lang","profile_banner_url","profile_background_url","profile_image_url"
"x30934529","Flavio Rocha","flaviogr","iPhone: 43.551384,7.017609","Lojas Riachuelo","https://t.co/0To56S5Dvr",FALSE,21559,591,96,3859,459,2009-04-13 19:17:40,FALSE,"https://t.co/0To56S5Dvr","http://www.lojasriachuelo.com.br","en","https://pbs.twimg.com/profile_banners/30934529/1461953782","http://pbs.twimg.com/profile_background_images/182223304/Teatro_Riachuelo_SeloR_Oficial_.jpg","http://pbs.twimg.com/profile_images/857573304391139328/pwR64ttt_normal.jpg"
"x152395893","Heyder Dantas","heyderdantas","Natal-RN","Administrador de Empresas - Presidente Sindicafé - Diretor Federacao das Industrias do RN.",,FALSE,489,687,5,6358,12570,2010-06-05 21:15:20,FALSE,,,"pt","https://pbs.twimg.com/profile_banners/152395893/1430002211","http://abs.twimg.com/images/themes/theme1/bg.png","http://pbs.twimg.com/profile_images/891426835116036096/WOpXDF8U_normal.jpg"
"x9317502","Estadão","Estadao","São Paulo","A versão on-line do jornal O Estado de S.Paulo. Acompanhe também as atualizações pelo Facebook: http://t.co/HTvjzavEtw","http://t.co/0egCJfYx8f",FALSE,6075440,64505,10979,276379,29,2007-10-08 22:08:22,TRUE,"http://t.co/0egCJfYx8f","http://www.estadao.com.br","pt","https://pbs.twimg.com/profile_banners/9317502/1522235566","http://pbs.twimg.com/profile_background_images/82901752/fundo_twitter_01.jpg","http://pbs.twimg.com/profile_images/930054894731579392/WGqwI8XJ_normal.jpg"
"x44915986","Gaudencio Torquato","GaudTorquato","Brasil","jornalista, analista político e consultor comunicação
http://t.co/gFZcN2u33s","http://t.co/png9VvZc9r",FALSE,25027,814,444,61767,158,2009-06-05 15:27:11,FALSE,"http://t.co/png9VvZc9r","http://www.gtmarketing.com.br","pt",,"http://abs.twimg.com/images/themes/theme1/bg.png","http://pbs.twimg.com/profile_images/251036680/080306_gaudenciotorquato51__A_TRIBUNA__normal.JPG"
"x8802752","G1","g1","Brasil","O portal de notícias da Globo","http://t.co/f4ZCAE4llQ",FALSE,9733636,210,17725,607577,5,2007-09-11 04:05:49,TRUE,"http://t.co/f4ZCAE4llQ","http://g1.com.br","pt","https://pbs.twimg.com/profile_banners/8802752/1516642092","http://pbs.twimg.com/profile_background_images/378800000030360744/cce1da5d2f091b9eb6a9eb9e37c28831.jpeg","http://pbs.twimg.com/profile_images/895772431457157121/n8bWszjh_normal.jpg"
"x946447611350913024","O Diário Nacional","ODNacional","","Facebook: https://t.co/PgiOHrReDI Youtube: https://t.co/F8unK4EnSS","https://t.co/o3lBAkxEqM",FALSE,890,69,9,621,2,2017-12-28 18:27:49,FALSE,"https://t.co/o3lBAkxEqM","http://odiarionacional.org/","pt","https://pbs.twimg.com/profile_banners/946447611350913024/1514486605","http://abs.twimg.com/images/themes/theme1/bg.png","http://pbs.twimg.com/profile_images/946450332841848832/OVIXFHlX_normal.jpg"
"x825241665405333504","Tiago","Tiagosouza43","São Gonçalo, Brasil","<f0><U+009F><U+0094><U+00B4><U+26AB><f0><U+009F><U+0091><U+008A>",,FALSE,106,122,1,3933,3401,2017-01-28 07:18:40,FALSE,,,"pt","https://pbs.twimg.com/profile_banners/825241665405333504/1522019263","http://abs.twimg.com/images/themes/theme1/bg.png","http://pbs.twimg.com/profile_images/978045110607851527/yRjXsOQS_normal.jpg"
"x448182237","É Notícia","_ENoticia","Brasil","Programa semanal de entrevistas da RedeTV!. Vai ao ar na madrugada de segunda para terça-feira, à 1h00.","https://t.co/z2flSjM3rw",FALSE,1111,224,8,1242,68,2011-12-27 18:21:06,FALSE,"https://t.co/z2flSjM3rw","http://www.redetv.uol.com.br/jornalismo/enoticia/","pt","https://pbs.twimg.com/profile_banners/448182237/1491856858","http://pbs.twimg.com/profile_background_images/378800000087439788/6328dec19c8d4367de4ecf6782c50fc6.jpeg","http://pbs.twimg.com/profile_images/851535401936457728/R1C-7DzT_normal.jpg"
"x18112874","José Fucs","josefucs","São Paulo, Brasil","Repórter especial do Estadão,é jornalista desde 1983.Foi repórter especial da Época,editor-executivo da Exame,editor-chefe da PEGN e repórter da Gazeta e Folha",,FALSE,4188,246,62,2952,5338,2008-12-14 06:28:38,TRUE,,,"pt",,"http://abs.twimg.com/images/themes/theme1/bg.png","http://pbs.twimg.com/profile_images/584214191558516736/8EvBqWEO_normal.jpg"
"x90963197","Folha Poder","folha_poder","São Paulo","Canal de diálogo com o leitor da editoria Poder do jornal Folha de S.Paulo","http://t.co/zlZZ9R2pwq",FALSE,348607,3555,2387,73007,0,2009-11-18 21:31:24,TRUE,"http://t.co/zlZZ9R2pwq","http://www.folha.com.br/poder","en",,"http://pbs.twimg.com/profile_background_images/341028477/fundo_poder.gif","http://pbs.twimg.com/profile_images/1932461376/nv_twiiter_poder_normal.jpg"
"x224073306","FocoBrasil","Focaremudar","São Paulo, Brasil","Jornalista. Graduado em Filosofia PUC-PR. Os bastidores da política nacional em primeira mão, tudo pautado pela isenção e credibilidade!","https://t.co/BGABm2rPlT",FALSE,107972,369,2856,294239,31395,2010-12-08 02:33:03,FALSE,"https://t.co/BGABm2rPlT","http://brasilemfoco.com.br","pt","https://pbs.twimg.com/profile_banners/224073306/1473978839","http://abs.twimg.com/images/themes/theme14/bg.gif","http://pbs.twimg.com/profile_images/776550414531563521/J3ctgI-M_normal.jpg"
"x21207962","Época","RevistaEpoca","Brasil","Site da Revista Época - Brasil, Sociedade, Mundo, Saúde, Ciência, Tecnologia, Negócios e Cultura.","http://t.co/BMs9RlxovL",FALSE,2553168,59976,6889,97440,44,2009-02-18 15:51:35,TRUE,"http://t.co/BMs9RlxovL","http://epoca.com.br","pt","https://pbs.twimg.com/profile_banners/21207962/1522363293","http://pbs.twimg.com/profile_background_images/662695449/3s1x7rbpjdsp6704xwa4.jpeg","http://pbs.twimg.com/profile_images/969323307500699651/gdcGtOVd_normal.jpg"
"x754521627535245312","Murilo Schultz","schultz_murilo","Ibirubá, Brasil","<f0><U+009F><U+008F><U+0082> <f0><U+009F><U+008C><U+00BF> 
Snap: muriloschultz  
Insta: murilo_schultz",,FALSE,351,164,0,3020,3759,2016-07-17 03:42:29,FALSE,,,"pt","https://pbs.twimg.com/profile_banners/754521627535245312/1514909080","http://abs.twimg.com/images/themes/theme1/bg.png","http://pbs.twimg.com/profile_images/948224108654981121/bQA0H7PB_normal.jpg"
"x63842012","Oséias","oseias200390","","","http://t.co/liIcDzN7BJ",FALSE,23,44,0,932,0,2009-08-07 22:26:06,FALSE,"http://t.co/liIcDzN7BJ","http://photoindesign.blogspot.com/","pt",,"http://pbs.twimg.com/profile_background_images/33229400/001.jpg","http://pbs.twimg.com/profile_images/1538415015/Imagem_016_normal.jpg"
"x42709180","Túlio Ratto","TulioRatto","Rio Grande do Norte, Brasil","Montador de desenhos | Contato comercial e para processos: tulioratto@gmail.com","https://t.co/sLC4v4iAzp",FALSE,51014,18531,160,100049,12610,2009-05-26 20:18:17,FALSE,"https://t.co/sLC4v4iAzp","http://www.blogdoratto.com.br","pt","https://pbs.twimg.com/profile_banners/42709180/1477907234","http://pbs.twimg.com/profile_background_images/137185993/caricato_natal_1.png","http://pbs.twimg.com/profile_images/937062820566401025/5Q0SQMMV_normal.jpg"
"x110858508","Vinicius Poit","ViniciusPoit","Sao Paulo - SP - Brazil","Formado em administração pela FGV e pós-graduado em coaching, sou empreendedor, entusiasta do terceiro setor e apaixonado pelo nosso Brasil!","https://t.co/6fISxgr1fh",FALSE,453,109,5,247,90,2010-02-03 00:41:55,FALSE,"https://t.co/6fISxgr1fh","https://www.facebook.com/ViniciusPoit","en","https://pbs.twimg.com/profile_banners/110858508/1492264630","http://abs.twimg.com/images/themes/theme1/bg.png","http://pbs.twimg.com/profile_images/853245808887681024/d2bw_ezR_normal.jpg"
"x14073052","Alexandre Borges","alex_borges","Brasil","Surfando a onda conservadora <f0><U+009F><U+008F><U+0084><f0><U+009F><U+008F><U+00BB>","https://t.co/dgyKpJjQjV",FALSE,53736,3047,271,45383,33239,2008-03-03 15:49:30,FALSE,"https://t.co/dgyKpJjQjV","http://www.facebook.com/AlexandreBorrges","pt","https://pbs.twimg.com/profile_banners/14073052/1508274756","http://pbs.twimg.com/profile_background_images/378800000079463126/9883f8669d90619dc3868c77f4ff8cc7.png","http://pbs.twimg.com/profile_images/907982583992119296/J9YskIec_normal.jpg"
"x934104755722424325","Money Report","MoneyReportBR","","","https://t.co/etrrnpDHZh",FALSE,111,112,3,220,68,2017-11-24 17:01:43,FALSE,"https://t.co/etrrnpDHZh","https://www.moneyreport.com.br","en",,,"http://pbs.twimg.com/profile_images/934105859042529281/_iro0EXc_normal.jpg"
"x14594813","Folha de S.Paulo","folha","São Paulo, Brazil","Perfil oficial do jornal Folha de S.Paulo.
No Facebook: http://t.co/HTDLgzHM.
Atendimento: @folha_atende","http://t.co/BND0uIKQGw",FALSE,6282234,186409,10101,319315,62,2008-04-30 02:33:39,TRUE,"http://t.co/BND0uIKQGw","http://www.folha.com.br","en","https://pbs.twimg.com/profile_banners/14594813/1519239866","http://pbs.twimg.com/profile_background_images/341066973/fundo_folha.gif","http://pbs.twimg.com/profile_images/2611288520/gfiw6lklhvm09f530wp4_normal.jpeg"
"x235559412","Antônio Baía","antoniobaiarn","Natal/RN - Brasil","Gestor imobiliário,especialista em financiamentos para imóveis comerciais,gestor de negócios.",,FALSE,2643,4997,8,23463,694,2011-01-08 14:16:41,FALSE,,,"pt","https://pbs.twimg.com/profile_banners/235559412/1516548979","http://abs.twimg.com/images/themes/theme6/bg.gif","http://pbs.twimg.com/profile_images/756196863309520898/H2lS4HW3_normal.jpg"
"x256730310","João Amoêdo","joaoamoedonovo","Rio de Janeiro, Brazil","Fundador do NOVO, o partido criado por cidadãos comuns. Por um Brasil mais seguro, simples e livre.","https://t.co/rsBBUmzzAe",FALSE,47021,182,146,1493,778,2011-02-23 23:46:17,TRUE,"https://t.co/rsBBUmzzAe","http://joaoamoedo.com.br","pt","https://pbs.twimg.com/profile_banners/256730310/1522353157","http://abs.twimg.com/images/themes/theme1/bg.png","http://pbs.twimg.com/profile_images/955814588162936832/Ik9NRGqM_normal.jpg"
"x17046356","Gustavo Rocha","gustavorocha","","Pai perdidamente apaixonado pela filha, enochato, analista da alma humana e brega","https://t.co/Jkm4z0B4HG",FALSE,8120,614,37,57364,146,2008-10-29 17:41:14,FALSE,"https://t.co/Jkm4z0B4HG","http://gustavoandraderocha.blogspot.com","pt",,"http://pbs.twimg.com/profile_background_images/3270701/DSC00095.JPG","http://pbs.twimg.com/profile_images/789315299845734400/xhMyrKir_normal.jpg"
"x967533435555405824","Wilson M Costa","Wilsonyokana","Blumenau, Brasil","A mim só interessa a verdade, seja ela qual for, verdade, não versões ou interpretações.
''Só que a verdade é relativa...vivemos na relatividade...''",,FALSE,31,78,0,823,275,2018-02-24 22:55:21,FALSE,,,"pt","https://pbs.twimg.com/profile_banners/967533435555405824/1521985442","http://abs.twimg.com/images/themes/theme1/bg.png","http://pbs.twimg.com/profile_images/967537385520156677/Bhnh413X_normal.jpg"
"x89282975","valeria rozen scher","valeriascher","","",,FALSE,124,270,0,802,2668,2009-11-11 21:11:06,FALSE,,,"en",,"http://abs.twimg.com/images/themes/theme1/bg.png","http://pbs.twimg.com/profile_images/975423395557969921/08bHbsPW_normal.jpg"
"x391606213","José Rodrigues","Jrodrigues1954","Curititiba/PR","gggggggggg","http://t.co/oU0uNqv4tE",FALSE,12141,9072,27,188312,67652,2011-10-15 20:49:22,FALSE,"http://t.co/oU0uNqv4tE","http://page.is/jose-rodrigues","pt",,"http://abs.twimg.com/images/themes/theme10/bg.gif","http://pbs.twimg.com/profile_images/479713820978712577/j7JKLwpn_normal.jpeg"
"x70987200","Roberto Jefferson","blogdojefferson","Brasil","Roberto Jefferson, 64 anos, advogado, presidente nacional do PTB, cantor amador e motociclista.","http://t.co/Z8pmuqFjpv",FALSE,240548,1114,923,46009,45436,2009-09-02 15:10:50,TRUE,"http://t.co/Z8pmuqFjpv","http://www.blogdojefferson.com","pt","https://pbs.twimg.com/profile_banners/70987200/1512510691","http://abs.twimg.com/images/themes/theme1/bg.png","http://pbs.twimg.com/profile_images/826135056263569408/Gil1QG7V_normal.jpg"
"x54678650","Jerônimo Goergen","jeronimogoergen","Rio Grande do Sul - Brasil","Dep. estadual por dois mandatos. Atualmente é deputado federal, reeleito em 2014 com 115.173 votos. Visite nosso site: https://t.co/XpjPIETq94","https://t.co/XpjPIETq94",FALSE,7792,3177,168,29140,1903,2009-07-07 21:13:32,FALSE,"https://t.co/XpjPIETq94","http://www.jeronimogoergen.com.br","pt","https://pbs.twimg.com/profile_banners/54678650/1512500861","http://pbs.twimg.com/profile_background_images/559677694/layout_twitter_2.jpg","http://pbs.twimg.com/profile_images/852147686065270784/jDTNw45d_normal.jpg"
"x3144845967","Expresso Epoca","ExpressoEpoca","","Acompanhe os bastidores da política","http://t.co/KDomvoagy3",FALSE,32226,79,341,12868,16,2015-04-07 17:53:32,FALSE,"http://t.co/KDomvoagy3","http://epoca.globo.com/tempo/expresso/index.html","pt","https://pbs.twimg.com/profile_banners/3144845967/1437528558","http://abs.twimg.com/images/themes/theme1/bg.png","http://pbs.twimg.com/profile_images/623666243883675648/WFicIXcX_normal.png"
"x38357543","Luciano Braz","lucianobraz","São Paulo - Brasil","Conservador-liberal, direita, reaça. E nas horas vagas: publicitário, fotógrafo e comentarista político (ainda não fui descoberto pela @gazetadopovo) <f0><U+009F><U+0087><U+00A7><f0><U+009F><U+0087><U+00B7>","https://t.co/4pc9wdU9qU",FALSE,1680,1452,10,17939,16021,2009-05-07 03:27:51,FALSE,"https://t.co/4pc9wdU9qU","http://www.lucianobraz.com","pt","https://pbs.twimg.com/profile_banners/38357543/1493090801","http://pbs.twimg.com/profile_background_images/269019175/bck.gif","http://pbs.twimg.com/profile_images/968702920538689537/SZ5kZSao_normal.jpg"
"x877159534430650369","Renato Battista","renato_battista","São Paulo, Brasil","23 anos. Internacionalista (ESPM-SP) e Pós-Graduando em Ciência Política (FESP-SP). Coordenador do Movimento Brasil Livre (MBL) e apresentador do MBL News.","https://t.co/YqZ6dnDKUC",FALSE,912,168,2,1125,1357,2017-06-20 13:41:44,FALSE,"https://t.co/YqZ6dnDKUC","https://www.facebook.com/renatobattista.mbl","pt","https://pbs.twimg.com/profile_banners/877159534430650369/1519761986",,"http://pbs.twimg.com/profile_images/968578081547055105/S-_ZiMu2_normal.jpg"
"x79821533","Raquel Gerde","RaquelGerde","Guarapari ES","Coordenadora Estadual MBL/ES. 
Coordenadora Nacional de Eventos do Movimento Brasil 200. 
Sou uma liberal Conservadora. Apaixonada por Jesus e minha família.","https://t.co/HspVvcwsf2",FALSE,568,517,6,13074,12182,2009-10-04 20:23:20,FALSE,"https://t.co/HspVvcwsf2","http://www.raquelgerde.com.br","pt","https://pbs.twimg.com/profile_banners/79821533/1520062953","http://abs.twimg.com/images/themes/theme1/bg.png","http://pbs.twimg.com/profile_images/969840439149940736/4OgckjwA_normal.jpg"
"x38108991","Daniel Censoni","censoni","Brazil","Advogado. Especialista em Gestão Pública e Direito Administrativo.","https://t.co/L507ZHMIMC",FALSE,807,782,12,1546,3527,2009-05-06 04:00:00,FALSE,"https://t.co/L507ZHMIMC","http://www.cortezemedeiros.com.br","pt","https://pbs.twimg.com/profile_banners/38108991/1483325414","http://abs.twimg.com/images/themes/theme7/bg.gif","http://pbs.twimg.com/profile_images/828625533831356416/Q8rVQ7uI_normal.jpg"
"x2880932962","O Antagonista","o_antagonista","","Diogo Mainardi, Mario Sabino, Claudio Dantas | Assine nossa newsletter: https://t.co/OGijihCK1G","https://t.co/QQoknEwW3m",FALSE,480632,514,1104,64357,355,2014-11-17 12:22:32,TRUE,"https://t.co/QQoknEwW3m","http://www.oantagonista.com/","pt","https://pbs.twimg.com/profile_banners/2880932962/1519071858","http://abs.twimg.com/images/themes/theme1/bg.png","http://pbs.twimg.com/profile_images/545680042630447104/0mw8fVFF_normal.png"
"x233898853","al<U+0454>x","alexlimareal","Caralholândia","o bom do twitter é q ao contrário do facebook, aqui ngm fica inventando q tem uma vida feliz e perfeita, aqui nois ta td na merda e ainda ri","https://t.co/1HLt8hbTEV",FALSE,14491,0,131,472868,171091,2011-01-04 11:15:02,FALSE,"https://t.co/1HLt8hbTEV","http://instagram.com/alexlimaoficial","pt","https://pbs.twimg.com/profile_banners/233898853/1503615336","http://pbs.twimg.com/profile_background_images/611900358349164544/VUjnH6S1.png","http://pbs.twimg.com/profile_images/971018924845301761/ewpIvER0_normal.jpg"
"x1523823530","Mov. Brasil Livre","MBLivre","","O Movimento Brasil Livre é uma entidade suprapartidária que visa a mobilizar cidadãos em favor de uma sociedade mais livre, justa e próspera","https://t.co/0SpJyFAKeR",FALSE,118751,571,406,14136,536,2013-06-17 03:26:04,TRUE,"https://t.co/0SpJyFAKeR","https://www.facebook.com/mblivre","pt","https://pbs.twimg.com/profile_banners/1523823530/1517874862","http://abs.twimg.com/images/themes/theme1/bg.png","http://pbs.twimg.com/profile_images/960663082333888512/8cTkvbK8_normal.jpg"
"x47334285","Rádio ABC","radio_abc","Santo André/Brasil","A Rádio ABC é a única emissora oficial do Brasil que leva ao ar informações sobre os sete municípios do ABC todos os dias.","http://t.co/D9034Be2l0",FALSE,1897,109,46,31024,2,2009-06-15 13:30:43,FALSE,"http://t.co/D9034Be2l0","http://www.radioabc.com.br","pt",,"http://pbs.twimg.com/profile_background_images/26651307/teste--twitter-4.jpg","http://pbs.twimg.com/profile_images/2146063635/LOGO-SITE_normal.JPG"
"x54538862","Robson Pires","blogrobsonpires","Caicó (RN)","Jornalista","http://t.co/m4oE6OQOeS",FALSE,16437,9303,122,188295,22,2009-07-07 13:03:36,FALSE,"http://t.co/m4oE6OQOeS","http://www.robsonpires.com","pt","https://pbs.twimg.com/profile_banners/54538862/1511389173","http://abs.twimg.com/images/themes/theme14/bg.gif","http://pbs.twimg.com/profile_images/917882931712053248/yiispeat_normal.jpg"
"x56689326","Garibaldi Filho","garibaldifilho","Rio Grande do Norte","Twitter pessoal do Senador Garibaldi Alves Filho (PMDB-RN)-reeleito com 1.042.272 votos","https://t.co/kdi2dPwY5s",FALSE,94172,1271,597,16296,263,2009-07-14 13:12:08,TRUE,"https://t.co/kdi2dPwY5s","http://www25.senado.leg.br/web/senadores/senador/-/perfil/87","pt","https://pbs.twimg.com/profile_banners/56689326/1462565595","http://pbs.twimg.com/profile_background_images/162938045/x63ff9562349bcce4a595aaa78a56e86.jpg","http://pbs.twimg.com/profile_images/502177926914527232/i2HL26ww_normal.jpeg"
"x19270391","Canindé Soares","canindesoares","-6.239434,-36.020475","Repórter-fotográfico - Natal, RN, Brasil. TIM / Whats App - 084 99994.2841 - fotografia@canindesoares.com","https://t.co/clmnlFROma",FALSE,65426,18941,208,71628,2533,2009-01-21 01:49:38,FALSE,"https://t.co/clmnlFROma","http://www.csfotojornalismo.net/","pt","https://pbs.twimg.com/profile_banners/19270391/1408206020","http://pbs.twimg.com/profile_background_images/23919526/pordosol1021x768_1086.jpg","http://pbs.twimg.com/profile_images/378800000102724075/0f8cae042cbf1b1f1bc3684ca429ae1e_normal.png"
"x2690511570","Félix Maier","fmaier50","Brasília, DF - desde 2014","Defesa do Liberalismo Clássico: liberdade individual, livre mercado, liberdade de imprensa, liberdade de ideias (exceto as totalitárias) e liberdade religiosa.","http://t.co/WKqX7ffNpq",FALSE,8921,7911,34,59836,34719,2014-07-29 16:46:35,FALSE,"http://t.co/WKqX7ffNpq","http://felixmaier1950.blogspot.com.br/","pt","https://pbs.twimg.com/profile_banners/2690511570/1522083272","http://abs.twimg.com/images/themes/theme1/bg.png","http://pbs.twimg.com/profile_images/555772012635770884/ZPloHw_f_normal.jpeg"
"x19235096","Tribuna do Norte","tribunadonorte","Natal/Brazil","A Tribuna do Norte trabalha para oferecer o melhor conteúdo jornalístico, com diversidade e credibilidade.","https://t.co/lam2FXIUdb",FALSE,247708,34,684,144127,83,2009-01-20 13:06:58,FALSE,"https://t.co/lam2FXIUdb","http://www.tribunadonorte.com.br","pt","https://pbs.twimg.com/profile_banners/19235096/1438134813","http://pbs.twimg.com/profile_background_images/821355828/6289edd50db6fccc447a938002226fbf.jpeg","http://pbs.twimg.com/profile_images/927904436135047168/YgE3VGMf_normal.jpg"
"x3662771592","Carmelo Neto","CarmeIoNeto","Ceará, Brasil","Eu sei que é difícil começar tudo de novo. Mas eu quero tentar. Coordenador regional do MBL.","https://t.co/KhHGxLorNV",FALSE,14004,675,64,9054,66245,2015-09-23 20:22:13,FALSE,"https://t.co/KhHGxLorNV","http://mbl.org.br","en","https://pbs.twimg.com/profile_banners/3662771592/1522089182","http://abs.twimg.com/images/themes/theme1/bg.png","http://pbs.twimg.com/profile_images/978829223673712645/rsEMMmKx_normal.jpg"
"x204368952","Lauro Jardim","laurojardim","","Colunista de O Globo","http://t.co/PVh3fYQpP9",FALSE,79865,335,574,13925,49,2010-10-18 15:02:12,TRUE,"http://t.co/PVh3fYQpP9","http://oglobo.globo.com/laurojardim/","pt","https://pbs.twimg.com/profile_banners/204368952/1444745846","http://abs.twimg.com/images/themes/theme15/bg.png","http://pbs.twimg.com/profile_images/651467900306501633/M-6M4Fgg_normal.jpg"
"x183669106","Gazeta MT","gazetamt","Mato Grosso","Titular em todas notícias - http://t.co/fNsCJAtM","http://t.co/BqcBehj8VP",FALSE,3487,2437,12,34381,1,2010-08-27 16:03:13,FALSE,"http://t.co/BqcBehj8VP","http://gazetamt.com.br","pt","https://pbs.twimg.com/profile_banners/183669106/1487298005","http://pbs.twimg.com/profile_background_images/365164084/background-twitter-gazetamt.png","http://pbs.twimg.com/profile_images/678792851526967296/1hV6nN4w_normal.png"
"x143529694","Carlos Fávaro","Carloshbfavaro","Lucas do Rio Verde MT","Perfil oficial do vice-governador Carlos Fávaro (PSD). Um agricultor que ama sua família e que acredita que dá pra fazer um estado com melhores oportunidades.","https://t.co/7bUgjduTS3",FALSE,1733,685,15,1200,331,2010-05-13 18:32:00,FALSE,"https://t.co/7bUgjduTS3","https://www.facebook.com/carloshbfavaro","pt","https://pbs.twimg.com/profile_banners/143529694/1505228100","http://pbs.twimg.com/profile_background_images/101185168/fazenda_paiol_mar_08_063.jpg","http://pbs.twimg.com/profile_images/892157824272355328/NrFDNa7I_normal.jpg"
"x511002586","Guilherme Marques","guimarques1985","","",,FALSE,249,45,29,31489,117474,2012-03-01 23:04:03,FALSE,,,"pt",,"http://abs.twimg.com/images/themes/theme1/bg.png","http://abs.twimg.com/sticky/default_profile_images/default_profile_normal.png"
"x90758023","Peste Negra","VemLucasMarques","Uberaba, Minas Gerais","Neguinho abusado.","http://t.co/B6X36tHruz",FALSE,2779,301,95,143274,17956,2009-11-18 00:22:30,FALSE,"http://t.co/B6X36tHruz","http://www.last.fm/pt/user/lucashaughton","pt","https://pbs.twimg.com/profile_banners/90758023/1520006782","http://pbs.twimg.com/profile_background_images/642362956592889856/ksLqr_v0.jpg","http://pbs.twimg.com/profile_images/958089498528833538/Ewdp0myT_normal.jpg"
"x58951368","Mônica Bergamo","monicabergamo","São Paulo","jornalista",,FALSE,1186240,549,2005,4379,30,2009-07-21 22:55:27,TRUE,,,"pt",,"http://abs.twimg.com/images/themes/theme1/bg.png","http://pbs.twimg.com/profile_images/1531849026/foto-monica-twitter_normal.jpg"
"x484806179","Marcos Freire.","MarcosFreirepp","Natal, Brasil","Político. Perfil atualizado pelo próprio e assessória.","https://t.co/477swQA9LG",FALSE,73,225,0,286,104,2012-02-06 14:21:15,FALSE,"https://t.co/477swQA9LG","http://www.facebook.com/profile.php?id=100003568913850","pt",,"http://pbs.twimg.com/profile_background_images/457193346/IMG_0229.jpg","http://pbs.twimg.com/profile_images/951113832008699905/QsgdOS6c_normal.jpg"
"x4330805303","Elizabeth Pacheco Al","bethpachecoalba","","",,FALSE,1,42,0,3205,1,2015-11-30 16:51:15,FALSE,,,"pt",,"http://abs.twimg.com/images/themes/theme1/bg.png","http://abs.twimg.com/sticky/default_profile_images/default_profile_normal.png"
"x59484556","vanil souza","Vanilsouza","Bauru, São Paulo, Brasil","Empresario do ramo financeiro. Estudou engenharia mecanica (Unesp) e direito (ITE). Porprietario da PV Brasieira com lojas em Bauru e S. J. Rio Preto.","http://t.co/xcVEm7Scg9",FALSE,142,525,0,6813,37,2009-07-23 14:49:52,FALSE,"http://t.co/xcVEm7Scg9","http://www.pvfbrasileira.com.br","pt","https://pbs.twimg.com/profile_banners/59484556/1437165945","http://pbs.twimg.com/profile_background_images/308213109/MSN_VANIL.jpg","http://pbs.twimg.com/profile_images/622145482316513284/tKmJ93y6_normal.jpg"
"x129628999","Isaias Andrade","i_f_an","Santos - Brasil ","gosto de Política, do @Flamengo ...O combate a corrupção começa dentro de casa. Deus e o caminho e salvação.",,FALSE,1225,1446,9,29660,14852,2010-04-04 23:15:31,FALSE,,,"pt","https://pbs.twimg.com/profile_banners/129628999/1460914994","http://pbs.twimg.com/profile_background_images/378800000019926767/09343d16ea4888d95790a36ec321d104.jpeg","http://pbs.twimg.com/profile_images/810994383352958976/hJcPwh3z_normal.jpg"
"x113029811","Juliana","ajulysantos","Nordeste","uma nordestina que acha fandangos o melhor salgadinho",,FALSE,39753,241,394,76668,9043,2010-02-10 13:31:18,FALSE,,,"en","https://pbs.twimg.com/profile_banners/113029811/1457061225","http://abs.twimg.com/images/themes/theme1/bg.png","http://pbs.twimg.com/profile_images/849519371663941632/IFDPk1k__normal.jpg"
"x35260027","Rodrigo Maia","RodrigoMaia","Rio de Janeiro","Presidente da Câmara dos Deputados e deputado federal pelo Rio de Janeiro.","https://t.co/VEk26fNYI6",FALSE,39718,341,755,2705,29,2009-04-25 17:18:30,TRUE,"https://t.co/VEk26fNYI6","http://www.rodrigomaia.com.br","pt","https://pbs.twimg.com/profile_banners/35260027/1521389860","http://abs.twimg.com/images/themes/theme16/bg.gif","http://pbs.twimg.com/profile_images/2759869448/19555defb7579770220caf898b5b545c_normal.png"
"x39623738","Ratinho SBT","ratinhodosbt","São Paulo","Perfil oficial do apresentador Ratinho","http://t.co/7Tifkp11ND",FALSE,1045487,5001,4377,6078,230,2009-05-12 23:13:30,TRUE,"http://t.co/7Tifkp11ND","http://www.sbt.com.br/ratinho","pt","https://pbs.twimg.com/profile_banners/39623738/1488394623","http://pbs.twimg.com/profile_background_images/601475754791079936/aBIUUWze.png","http://pbs.twimg.com/profile_images/837013636111564800/rB5Fvrrt_normal.jpg"
"x893197404601712642","Pelifi - Funcionário Riachuelo","Phill_Liep","Switzerland","",,FALSE,195,267,2,7728,7306,2017-08-03 19:50:30,FALSE,,,"en","https://pbs.twimg.com/profile_banners/893197404601712642/1501794566","http://abs.twimg.com/images/themes/theme1/bg.png","http://pbs.twimg.com/profile_images/909541448315523073/OhnIAAc__normal.jpg"
"x55656092","João José","JJLeite","Natal - RN","Servo de Cristo, casado desde 2000 com a Pra. Verônica Macedo, pai de Israel e Sarah, corintiano e apaixonado por Jesus, pela Igreja e pela vida!","https://t.co/8WxNx5YJyJ",FALSE,219,302,3,3590,137,2009-07-10 20:30:20,FALSE,"https://t.co/8WxNx5YJyJ","http://www.blogreflexoesdafe.com","pt","https://pbs.twimg.com/profile_banners/55656092/1470526689","http://pbs.twimg.com/profile_background_images/378800000012850485/699b6022aa141e7d9be042d8a700e1e5.jpeg","http://pbs.twimg.com/profile_images/956219662106230784/H2IacynZ_normal.jpg"
"x81023785","<f0><U+009F><U+0087><U+00A7><f0><U+009F><U+0087><U+00B7> Mark Senkd - VLB <f0><U+009F><U+0087><U+00A7><f0><U+009F><U+0087><U+00B7>","Mark_Senkd","","#VLB
<U+26FE>Direita Conservadora. 
<U+274E>Petistas não são benvindos.
#LulaNaCadeia",,FALSE,20539,12379,34,35361,70634,2009-10-09 04:11:12,FALSE,,,"en","https://pbs.twimg.com/profile_banners/81023785/1503755957","http://abs.twimg.com/images/themes/theme15/bg.png","http://pbs.twimg.com/profile_images/979904749301583873/gb3C3Z9D_normal.jpg"
"x21069302","Marcel van Hattem","marcelvanhattem","Dois Irmãos - RS","Bacharel em Relações Internacionais (UFRGS), Mestre em Ciência Política (Leiden) e Mestre em Jornalismo (Aarhus e Amsterdã). Deputado Estadual (PP/RS).","https://t.co/kg4gO7OTgT",FALSE,21082,1790,133,14373,98,2009-02-17 06:27:30,FALSE,"https://t.co/kg4gO7OTgT","http://www.facebook.com/marcelvh","en","https://pbs.twimg.com/profile_banners/21069302/1417685785","http://abs.twimg.com/images/themes/theme2/bg.gif","http://pbs.twimg.com/profile_images/540439476330582016/lRMIx5UA_normal.jpeg"
"x70850125","Fred Fontenelle","fredfontenelle","Juiz de Fora, Brasil","Um apaixonado por Jesus e pela familia.",,FALSE,108,109,1,17124,11,2009-09-02 01:46:32,FALSE,,,"pt","https://pbs.twimg.com/profile_banners/70850125/1459197474","http://pbs.twimg.com/profile_background_images/536371000/bg_twitter_jump.JPG","http://pbs.twimg.com/profile_images/837684741256138752/UYRjNE7t_normal.jpg"
"x2786316953","Ihamma Lins","Ihamma_1","","Ninguém tem o PODER de fazer uma NAÇÃO INFELIZ. #QueroLulaNaCadeia","https://t.co/DFX656ys5A",FALSE,10550,8024,61,225790,1206,2014-09-26 21:22:03,FALSE,"https://t.co/DFX656ys5A","http://page.is/ihamma-lins","pt","https://pbs.twimg.com/profile_banners/2786316953/1516737892","http://pbs.twimg.com/profile_background_images/706610065592205313/suSTbRPM.jpg","http://pbs.twimg.com/profile_images/730824541438611456/BAGeLS0a_normal.jpg"
"x65686440","graça garcia","gracagarcia","Brasil","Atriz, Modelo Fotográfico, Compositora, Cantora, Intérprete, Agitadora Cultural e Social, Diretora de Comunicação da AVCFN SR Porto Alegre, repres na LDN/RS.","http://t.co/FNzGJOh5go",FALSE,90,621,0,4747,647,2009-08-14 17:27:29,FALSE,"http://t.co/FNzGJOh5go","http://www.gracagarcia.blogspot.com","pt","https://pbs.twimg.com/profile_banners/65686440/1519826719","http://abs.twimg.com/images/themes/theme10/bg.gif","http://pbs.twimg.com/profile_images/955727239517233152/eBvyAIa6_normal.jpg"
"x3402669173","Nilo Peçanha Santos","pecanha_nilo","Uberaba, Minas Gerais","Médico ortopedista e cirurgião da coluna vertebral.",,FALSE,126,392,9,78760,7765,2015-08-04 13:04:28,FALSE,,,"pt","https://pbs.twimg.com/profile_banners/3402669173/1470414268","http://abs.twimg.com/images/themes/theme14/bg.gif","http://pbs.twimg.com/profile_images/761598747352719360/JLMj0l5I_normal.jpg"
"x58113236","Getúlio Santana","getuliosantana","Rio Grande do Sul, Brasil","Se você é parte da petezada,  nem perca seu tempo comigo...  Aproveitem as promoções da BrickShop: https://t.co/5mmMxe9ZEP","https://t.co/5mmMxe9ZEP",FALSE,11878,12358,86,238235,1783,2009-07-19 03:42:40,FALSE,"https://t.co/5mmMxe9ZEP","https://brickshop.lojaintegrada.com.br/","pt","https://pbs.twimg.com/profile_banners/58113236/1517228748","http://pbs.twimg.com/profile_background_images/657725408620711937/pMBA8AMi.png","http://pbs.twimg.com/profile_images/945631684090908672/MC8a9EXQ_normal.jpg"
"x219065709","Beto Chacon","chaconbeto","NATAL-RN","Radialista e empresário artístico
beto.chacon@hotmail.com
84-99819-8080","https://t.co/kgZa1VjXiE",FALSE,1074,375,27,11720,18,2010-11-23 20:54:38,FALSE,"https://t.co/kgZa1VjXiE","http://betochacon.com.br","pt","https://pbs.twimg.com/profile_banners/219065709/1486214310","http://pbs.twimg.com/profile_background_images/602215888/435osd9shj27hvjohf36.png","http://pbs.twimg.com/profile_images/827869068715753473/bt4hYp9y_normal.jpg"
"x260697844","Rádio Capital","capitalcomvoce","São Paulo","Uma rádio com música, entretenimento, prestação de serviço e informação. A rádio Capital te faz companhia diariamente, tornando o seu dia mais Feliz!","https://t.co/rfY0DlmBgl",FALSE,2817,46,21,5984,279,2011-03-04 12:05:00,FALSE,"https://t.co/rfY0DlmBgl","http://www.capitalcomvoce.com.br","pt","https://pbs.twimg.com/profile_banners/260697844/1521636590","http://pbs.twimg.com/profile_background_images/608278996023971840/UuEC2i5z.png","http://pbs.twimg.com/profile_images/950412316188774402/PkyNH_wO_normal.jpg"
"x852253471101378567","Alexis Fonteyne","AlexisFonteyne","Campinas, Brasil","Alexis é pai de família, engenheiro e filiado ao NOVO, Presidente da ANAPRE, Conselheiro SHC e do CIESP Campinas.","https://t.co/TssX5Fe05Z",FALSE,207,221,0,407,240,2017-04-12 20:13:56,FALSE,"https://t.co/TssX5Fe05Z","http://facebook.com/alexisfonteyne30","pt","https://pbs.twimg.com/profile_banners/852253471101378567/1500483285","http://abs.twimg.com/images/themes/theme1/bg.png","http://pbs.twimg.com/profile_images/921542264031150080/GHUJUD46_normal.jpg"
"x2365699398","Paulo - Cidadão de Bem","Paulox36","São Paulo, Brasil","Anticomunista e antiglobalista.<f0><U+009F><U+009A><U+0094>","http://t.co/p8QrzGWwme",FALSE,22376,16331,76,103648,35190,2014-02-28 14:40:25,FALSE,"http://t.co/p8QrzGWwme","http://www.cia.gov.us","pt","https://pbs.twimg.com/profile_banners/2365699398/1521860861","http://abs.twimg.com/images/themes/theme1/bg.png","http://pbs.twimg.com/profile_images/977370151506018304/kYtnGb1b_normal.jpg"
"x2713027332","Próspero Estratégia","ProsperoEFP","","",,FALSE,1,11,0,13750,0,2014-08-06 22:01:35,FALSE,,,"pt",,"http://abs.twimg.com/images/themes/theme1/bg.png","http://abs.twimg.com/sticky/default_profile_images/default_profile_normal.png"
"x197158794","Luan Silveira","Luan164","Foz do Iguaçu, Paraná","Nada a declarar!!!",,FALSE,17,80,0,67,1,2010-09-30 19:58:27,FALSE,,,"pt",,"http://abs.twimg.com/images/themes/theme1/bg.png","http://pbs.twimg.com/profile_images/1453718685/Zzxuogk_normal.jpg"
"x17752026","Roger Rocha Moreira","roxmo","SP, Brazil","Rock and roller","https://t.co/YdCgQFXBgP",FALSE,746580,954,2524,178243,301,2008-11-30 10:00:21,TRUE,"https://t.co/YdCgQFXBgP","http://about.me/rogermoreira","en","https://pbs.twimg.com/profile_banners/17752026/1401135237","http://pbs.twimg.com/profile_background_images/74952980/fendertilt.jpg","http://pbs.twimg.com/profile_images/442744104674660353/zGV7ZcFZ_normal.jpeg"
"x151458675","Denypsolon<f0><U+009F><U+0087><U+00A7><f0><U+009F><U+0087><U+00B7>","denypsolon","","Neoliberal,adepta da meritocracia, Fã das Privatizações e do Estado mínimo ""Deus só ajuda quem cedo madruga"" é a verdade que orienta minha vida.",,FALSE,236,247,11,27003,13705,2010-06-03 13:13:17,FALSE,,,"pt","https://pbs.twimg.com/profile_banners/151458675/1482877588","http://abs.twimg.com/images/themes/theme1/bg.png","http://pbs.twimg.com/profile_images/977384930941468674/a2MpDs1I_normal.jpg"
"x24619539","JO@OM@R!@","jms4","natal, brasil","potiguar, resid. natal/rn","http://t.co/TFgRMMkU7F",FALSE,56,355,3,4354,172,2009-03-16 00:49:06,FALSE,"http://t.co/TFgRMMkU7F","http://jmariasantos.zip.net/","pt","https://pbs.twimg.com/profile_banners/24619539/1398217322","http://pbs.twimg.com/profile_background_images/55615127/vitoriaABC.jpg","http://pbs.twimg.com/profile_images/522735851860553729/ggi_6xlc_normal.jpeg"
"x35893399","Leonardo Massutti","Massutti","","",,FALSE,8,31,0,1292,10,2009-04-27 22:55:32,FALSE,,,"en",,"http://abs.twimg.com/images/themes/theme1/bg.png","http://abs.twimg.com/sticky/default_profile_images/default_profile_normal.png"
"x57218351","Telma Esbaile","Esbaile","São Carlos / SP","""Só quem já se modificou pode modificar os outros.""
Soren Kierkegaard",,FALSE,334,524,1,3128,14495,2009-07-16 02:38:02,FALSE,,,"pt","https://pbs.twimg.com/profile_banners/57218351/1493409756","http://abs.twimg.com/images/themes/theme1/bg.png","http://pbs.twimg.com/profile_images/548579302854254593/RWsH8yNd_normal.jpeg"
"x18379036","Dr___Evil","Dr___Evil","Orlando-Fl-EUA","Dr Evil nao vota no Farao de Garanhuz, no partidinho, em terrorista, partido que tenha Social/Socialismo, Trabalho/trabalhador ou Nacional/Nacionalista no nome.","http://t.co/uYvsFke8jV",FALSE,10024,1018,66,128785,193,2008-12-25 20:44:34,FALSE,"http://t.co/uYvsFke8jV","http://page.is/dr---evil","en","https://pbs.twimg.com/profile_banners/18379036/1436743900","http://abs.twimg.com/images/themes/theme1/bg.png","http://pbs.twimg.com/profile_images/960490964413394944/rgVNjAcx_normal.jpg"
"x33520195","Rodrigo Constantino","Rconstantino","Weston, FL","Apenas um sujeito comum contra a corrente politicamente correta.","http://t.co/CQi2K2yY",FALSE,173702,226,590,11948,908,2009-04-20 14:00:16,FALSE,"http://t.co/CQi2K2yY","http://www.rodrigoconstantino.com","en","https://pbs.twimg.com/profile_banners/33520195/1354212510","http://abs.twimg.com/images/themes/theme1/bg.png","http://pbs.twimg.com/profile_images/2911557775/f8484da707de7dd36f9be70ad7e4359b_normal.jpeg"
"x769764024292614144","claudia tavares <f0><U+009F><U+0092><U+009F><f0><U+009F><U+0092><U+0096>","Claudia70245697","Paulicéia, Brasil","simplicidade e senso de humor é tudo<f0><U+009F><U+0098><U+0082>
o que me deixa triste a injustiça...",,FALSE,312,823,2,3715,8082,2016-08-28 05:10:20,FALSE,,,"pt",,,"http://pbs.twimg.com/profile_images/962494511078367233/uu9ZoUqg_normal.jpg"
"x97081119","Fernando Holiday","FernandoHoliday","São Paulo, Brasil","Coordenador Nacional do @MBLivre, estudante de direito e vereador eleito com 48.055 votos. https://t.co/J9A9IJ8iP1  https://t.co/jEVDnujlY4","https://t.co/cD5xj37QXH",FALSE,40083,478,96,3080,887,2009-12-15 22:58:17,TRUE,"https://t.co/cD5xj37QXH","https://www.facebook.com/fernandoholiday.mbl","pt","https://pbs.twimg.com/profile_banners/97081119/1519762420","http://abs.twimg.com/images/themes/theme1/bg.png","http://pbs.twimg.com/profile_images/864139172352798720/rLUeEVKu_normal.jpg"
"x989053890","Paula","paulacamara_","","<U+271D><U+FE0F> <f0><U+009F><U+0090><U+00B1>",,FALSE,18415,410,88,95211,41767,2012-12-04 16:09:01,FALSE,,,"pt","https://pbs.twimg.com/profile_banners/989053890/1513643773","http://abs.twimg.com/images/themes/theme1/bg.png","http://pbs.twimg.com/profile_images/945370659403763714/Mronc8SP_normal.jpg"
"x951984447112531969","VOTO EM BOLSONARO 2018","bugarin_eduardo","","VOTO EM BOLSONARO 2018",,FALSE,10,31,0,30,25,2018-01-13 01:09:13,FALSE,,,"en",,,"http://pbs.twimg.com/profile_images/952130287240171520/BjNon4FQ_normal.jpg"
"x14092664","Vicente","v1c3nt3","São Paulo, Brasil","<f0><U+009F><U+0095><U+0089>","https://t.co/omrcAnNwir",FALSE,1325,1514,58,53762,10011,2008-03-07 01:29:22,FALSE,"https://t.co/omrcAnNwir","http://www.combateacorrupcao.mpf.mp.br","pt","https://pbs.twimg.com/profile_banners/14092664/1510747232","http://pbs.twimg.com/profile_background_images/775583239/4362620c7c6f8b7d1edceb6bc87aed35.jpeg","http://pbs.twimg.com/profile_images/929447340397809664/UFH-_a4H_normal.jpg"
"x869218021","MARCAO ESMAGA SHOWS AND NEWS","mcas38","ESQUECA MUNDO-LEIA ROMANOS 1","LAMENTO Q NO BRASIL ESQUECERAM DO MARTÍRIO DE CRISTO E APÓSTOLOS,E OS QUEREM DE VOLTA PELOS CÉUS SALVANDO NOSSO POVO D COVARDIA EM NÃO TER SE UNIDO A GEN MOURÃO",,FALSE,2787,4992,32,74789,39571,2012-10-09 04:29:26,FALSE,,,"pt","https://pbs.twimg.com/profile_banners/869218021/1482503321","http://abs.twimg.com/images/themes/theme1/bg.png","http://pbs.twimg.com/profile_images/770345637632245760/GJlnwJwW_normal.jpg"
"x61487684","TonyTattoo","tonytattoo","BRASIL","SE FOR PTRALHA NÃO É BEM VINDO!!!",,FALSE,1299,1252,14,31750,16751,2009-07-30 13:32:04,FALSE,,,"pt","https://pbs.twimg.com/profile_banners/61487684/1463971663","http://abs.twimg.com/images/themes/theme5/bg.gif","http://pbs.twimg.com/profile_images/780517148082909184/Ktc8hNlM_normal.png"
"x35206168","HumbertoRod","humbor","São Paulo","TI/Inovação/BigData. Apoio total à Lava Jato! Partido NOVO é renovação política! Menos Estado=Menos corrupção! Corruptos na cadeia!Opiniões minhas.",,FALSE,565,1188,12,5605,20137,2009-04-25 13:02:49,FALSE,,,"en",,"http://abs.twimg.com/images/themes/theme1/bg.png","http://pbs.twimg.com/profile_images/941674747812896768/rip5pFJb_normal.jpg"
"x954546843953876992","Movimento Brasil 200","MovBrasil_200","","O Brasil 200 é composto de gente que resolveu tomar o lado do Brasil e não se omitir da construção de uma agenda política que ponha a nação em primeiro lugar.","https://t.co/xqiDcHgfGk",FALSE,3293,5,11,32,7,2018-01-20 02:51:16,FALSE,"https://t.co/xqiDcHgfGk","http://www.Brasil200.com.br","pt","https://pbs.twimg.com/profile_banners/954546843953876992/1516417399",,"http://pbs.twimg.com/profile_images/954548669595996160/Iqe0pxo1_normal.jpg"
"x1242369649","MCC","MCCNacional","","Movimento Contra Corrupção. Facebook: http://t.co/MpjzQ6rDis","http://t.co/gs03PbFvUx",FALSE,7388,303,52,158529,0,2013-03-04 22:34:43,FALSE,"http://t.co/gs03PbFvUx","http://www.contracorrupcao.org","pt","https://pbs.twimg.com/profile_banners/1242369649/1466430450","http://abs.twimg.com/images/themes/theme1/bg.png","http://pbs.twimg.com/profile_images/744889338169802752/30hdBTY-_normal.jpg"
"x836689729236185092","Aliança Brasil","Alianca2017","","",,FALSE,7,2,0,1763,0,2017-02-28 21:29:11,FALSE,,,"pt","https://pbs.twimg.com/profile_banners/836689729236185092/1488317594",,"http://pbs.twimg.com/profile_images/836690383551725568/as3L_jau_normal.jpg"
"x111554887","PERCIVAL PUGGINA","PERCIVALPUGGINA","Porto Alegre","Arquiteto, empresário e escritor. Articulista de ZH e dezenas de jornais e blogs em todo o país. Conservador, católico e autor de quatro livros sobre política.","https://t.co/aq44kl59oY",FALSE,16086,739,148,8713,801,2010-02-05 10:08:12,FALSE,"https://t.co/aq44kl59oY","http://www.puggina.org","en","https://pbs.twimg.com/profile_banners/111554887/1507413962","http://abs.twimg.com/images/themes/theme1/bg.png","http://pbs.twimg.com/profile_images/916787111981969408/vOc6U6Ds_normal.jpg"
"x32529120","Valor Econômico","valor_economico","Brasil","A mais completa e admirada cobertura de economia, negócios e finanças. Notícias que geram negócios.","http://t.co/X34jbVUMUY",FALSE,2012974,143,5594,112785,1,2009-04-17 19:16:16,TRUE,"http://t.co/X34jbVUMUY","http://www.valor.com.br","pt","https://pbs.twimg.com/profile_banners/32529120/1476886249","http://pbs.twimg.com/profile_background_images/452862373/valoreconomico_t.jpg","http://pbs.twimg.com/profile_images/808404276158545920/_IIpS4I2_normal.jpg"
"x712373441417121796","€ Dr. Reaça.","VieiraBazilio","<U+05D9><U+05E9><U+05E8><U+05D0><U+05DC>","Constituição Federal de 1988
IX - é livre a expressão da atividade intelectual, artística, científica e de comunicação, independentemente de censura ou licença;",,FALSE,7447,7363,29,51906,12590,2016-03-22 20:20:38,FALSE,,,"pt","https://pbs.twimg.com/profile_banners/712373441417121796/1458735123","http://abs.twimg.com/images/themes/theme1/bg.png","http://pbs.twimg.com/profile_images/974076973248143360/s8mSOa9p_normal.jpg"
"x310944676","Will Tapajero","willtapajero","São Paulo, Brasil","Músico, compositor e ombudsman geral da porra toda! <f0><U+009F><U+0087><U+00B5><f0><U+009F><U+0087><U+00B9><f0><U+009F><U+0087><U+00A7><f0><U+009F><U+0087><U+00B7><f0><U+009F><U+0087><U+00AE><f0><U+009F><U+0087><U+00B1> <f0><U+009F><U+0087><U+00BA><f0><U+009F><U+0087><U+00B8> Estado Mínimo e Eficiente. #Palmeiras 10-5-6-5<f0><U+009F><U+008D><U+00B7>","https://t.co/Oz5vOJQFNr",FALSE,808,625,15,29792,15848,2011-06-04 16:34:18,FALSE,"https://t.co/Oz5vOJQFNr","http://willtapajero.blogspot.jp/?m=1","pt","https://pbs.twimg.com/profile_banners/310944676/1487871662","http://abs.twimg.com/images/themes/theme18/bg.gif","http://pbs.twimg.com/profile_images/973589567063412736/zrrWPvk4_normal.jpg"
"x30727711","Alex Escodro","scodro","Brazil","Engenheiro de Software; Interesses: computação, fotografia, educação, games, música, política, café; Lang: en, pt; Social: https://t.co/08EevdgUR6, https://t.co/Bn1LdLrCie",,FALSE,31,36,2,1940,529,2009-04-12 21:38:17,FALSE,,,"en",,"http://abs.twimg.com/images/themes/theme14/bg.gif","http://pbs.twimg.com/profile_images/979767857591521283/_nXnd18q_normal.jpg"
"x195503270","syllas","syllassousa","Brazil","Liberal clássico, contra o politicamente correto e um apaixonado pelo @Flamengo.","https://t.co/AYoWrHLkla",FALSE,3426,316,150,271922,7599,2010-09-26 21:46:12,FALSE,"https://t.co/AYoWrHLkla","http://www.instagram.com/syllassousa","pt","https://pbs.twimg.com/profile_banners/195503270/1502729934","http://pbs.twimg.com/profile_background_images/624645494900412416/zXeNqNXV.jpg","http://pbs.twimg.com/profile_images/976319022248624128/-KVdb1yn_normal.jpg"
"x116748530","Adeildo Costa","JoseAdeildo","Brasil","Advogado",,FALSE,393,814,12,70242,13026,2010-02-23 13:14:29,FALSE,,,"pt",,"http://abs.twimg.com/images/themes/theme1/bg.png","http://pbs.twimg.com/profile_images/1137408368/P24-09-10_16.19_normal.jpg"
"x800819297161396225","Cidadão de Bem Tiago Rocha","Tiago_R_Valle","Salvador, Brasil","Eu sou eu e licuri é um coco de altura proporcional a minha.
Perfil de cunho mordaz, satírico, dicaz, corrosivo, maledicente, epigramático, ácido,...","https://t.co/akgUjsZZIa",FALSE,739,738,7,82546,73239,2016-11-21 21:52:53,FALSE,"https://t.co/akgUjsZZIa","https://gab.ai/Tiago","pt","https://pbs.twimg.com/profile_banners/800819297161396225/1517626094","http://abs.twimg.com/images/themes/theme1/bg.png","http://pbs.twimg.com/profile_images/959620848742256640/-aBfxZrk_normal.jpg"
"x359628747","Rodrigo Danilo","RodrigoDaniloRC","São Paulo","Alergia a Senso Comum",,FALSE,603,664,0,4291,1024,2011-08-21 22:35:03,FALSE,,,"pt",,"http://abs.twimg.com/images/themes/theme1/bg.png","http://pbs.twimg.com/profile_images/1672862158/100_3277_normal.JPG"
"x70032792","Carlos Newton Pinto","CarlosNewtonP","Natal, RN, Brasil","Desembargador Federal do Trabalho TRT21aRegião
Mestre PUCRJ/Mestre/Doutorando Direito-UPV-EHU-País Vasco,Prof Adj TGP UnP",,FALSE,342,224,2,2506,4,2009-08-30 03:01:56,FALSE,,,"pt",,"http://pbs.twimg.com/profile_background_images/184508974/GREMIO_CAMPE_O_GA_CHO_2010.jpg","http://pbs.twimg.com/profile_images/1166716833/CN_DESEMB_E_PROF_normal.jpg"
"x734186026000867328","adliz","MottaAdlizaton","","",,FALSE,55,181,1,4504,7773,2016-05-22 00:56:03,FALSE,,,"pt","https://pbs.twimg.com/profile_banners/734186026000867328/1517787582",,"http://pbs.twimg.com/profile_images/960296287479435265/z724u0QM_normal.jpg"
"x81479749","Snap:marinhogalvao","marinhogalvao","Brasil","Publicitário, Especialista em Marketing [ESPM] e Professor. Sempre de bem com a vida, gosto de fazer amigos e amigas que cultivo para sempre.","http://t.co/ETnBtQpiJd",FALSE,5698,4946,45,34987,5934,2009-10-11 00:53:29,FALSE,"http://t.co/ETnBtQpiJd","http://www.facebook.com/ProfMarioGalvao","pt","https://pbs.twimg.com/profile_banners/81479749/1398225095","http://pbs.twimg.com/profile_background_images/519298012720283648/-Ul9YTt9.png","http://pbs.twimg.com/profile_images/733821272984031232/siz5uY1C_normal.jpg"
"x49838773","Thaisa Galvao","thaisagalvao","Natal-RN","Jornalista do RN, editora do Blog https://t.co/Bb4DSCM6uk e apresentadora do Jornal da Noite na 95FM (Instagram: @blogthaisagalvao )","https://t.co/Bb4DSCM6uk",FALSE,91346,1825,265,92632,239,2009-06-23 01:21:12,FALSE,"https://t.co/Bb4DSCM6uk","http://www.thaisagalvao.com.br","pt","https://pbs.twimg.com/profile_banners/49838773/1411593972","http://pbs.twimg.com/profile_background_images/21947663/twiter.jpg","http://pbs.twimg.com/profile_images/856204434052968448/i3OPEjJB_normal.jpg"
"x2993438837","New Atom Ant","mvalenca3","Recife, Brasil","Filiado ao NOVO. Eleitor de João Amoedo. Ironia, sarcasmo e perguntas constrangedoras. Menos Estado, mais liberdade.",,FALSE,366,434,4,4305,22098,2015-01-23 02:21:37,FALSE,,,"pt","https://pbs.twimg.com/profile_banners/2993438837/1505512238","http://abs.twimg.com/images/themes/theme1/bg.png","http://pbs.twimg.com/profile_images/963965996460658688/gN4N-8eb_normal.jpg"
"x953403798436941826","Domênico Andreatta","DomnicoAndreat1","","Mineiro de Aimorés,
Engenheiro Químico,
Mestre em Engenharia e Gestão de Energias<f0><U+009F><U+0091><U+00B7><U+267B><f0><U+009F><U+009B><U+00A0><U+2607>",,FALSE,5,100,0,50,92,2018-01-16 23:09:13,FALSE,,,"pt","https://pbs.twimg.com/profile_banners/953403798436941826/1516308806",,"http://pbs.twimg.com/profile_images/953963553781964800/fVWV7Yuz_normal.jpg"
"x55976633","Rodnei Jorge","rodneijorge","São Paulo - Brasil","",,FALSE,289,1540,2,2911,322,2009-07-12 00:54:19,FALSE,,,"pt",,"http://pbs.twimg.com/profile_background_images/94893774/muscula__o.jpg","http://pbs.twimg.com/profile_images/945978448585125888/_SPsMs6U_normal.jpg"
"x66209306","Ronan Botelho","RonanBotelho","Londrina - Paraná","Coordenador do Movimento Reforma Brasil - 2006 | Filiado ao NOVO | Presidente do Conselho de Usuários da SERCOMTEL | Conselheiro Deliberativo do LONDRINA E.C.","https://t.co/O2cLdq6gOx",FALSE,1915,393,7,970,782,2009-08-16 22:34:27,FALSE,"https://t.co/O2cLdq6gOx","http://www.ronanbotelho.com.br","pt","https://pbs.twimg.com/profile_banners/66209306/1502242270","http://pbs.twimg.com/profile_background_images/337324637/ronan_2.jpg","http://pbs.twimg.com/profile_images/935317667988365312/DoT8VCc6_normal.jpg"
"x2347306717","Tânia Battista","BattistaTania","São Paulo, Brasil","",,FALSE,2465,1214,25,68452,64000,2014-02-16 18:58:58,FALSE,,,"pt","https://pbs.twimg.com/profile_banners/2347306717/1512511546","http://abs.twimg.com/images/themes/theme1/bg.png","http://pbs.twimg.com/profile_images/938220813085564928/JekFjWnT_normal.jpg"
"x50314639","Daniel Américo","DanielAmericoRN","Natal, Parnamirim e Vera Cruz","Diretor do @sistemacolegio,  17 anos de educação. Formação: Física (UFRN). 37, casado e pai de 2! Estou Sec. de Meio Ambiente de Vera Cruz e no @novo30RN","https://t.co/GHbY5OpnZY",FALSE,1138,598,0,57184,279,2009-06-24 14:11:22,FALSE,"https://t.co/GHbY5OpnZY","http://sistemacolegio.com","pt","https://pbs.twimg.com/profile_banners/50314639/1501198631","http://abs.twimg.com/images/themes/theme9/bg.gif","http://pbs.twimg.com/profile_images/934954143378272256/CqxFcVem_normal.jpg"
"x46233661","Eduardo","EduardoTreesp","São Caetano do Sul/SP","Voto Nulo/Branco é bom p/ os inimigos do Brasil! Tão importante como votar pra Presidente é votar para Deputado e Senador, pois eles criam e modificam Leis!",,FALSE,64,179,0,3101,1698,2009-06-10 21:39:58,FALSE,,,"pt","https://pbs.twimg.com/profile_banners/46233661/1514725048","http://abs.twimg.com/images/themes/theme1/bg.png","http://pbs.twimg.com/profile_images/1586830792/Cara_a_normal.jpg"
"x489451621","EudesAA","eudesaandrade","","",,FALSE,26,16,0,1478,921,2012-02-11 15:01:45,FALSE,,,"pt",,"http://abs.twimg.com/images/themes/theme1/bg.png","http://pbs.twimg.com/profile_images/594827647886225408/2Yb-XWsE_normal.jpg"
"x938468751858692101","trabalhador brasileiro","ThiagoJanch","Minas Gerais, Brasil","Brasileiro, filho, marido, pai, trabalhador e pagador de impostos.",,FALSE,17,180,0,181,439,2017-12-06 18:02:41,FALSE,,,"pt",,,"http://pbs.twimg.com/profile_images/970111251417313281/FJS-RD7a_normal.jpg"
"x136144852","salsichambl","salsichambl","","Apresentador do MBL News, Rei por imposição dos seguidores.","https://t.co/BL2eWZmYn9",FALSE,1431,134,2,757,779,2010-04-23 04:08:11,FALSE,"https://t.co/BL2eWZmYn9","http://facebook.com/salsichambl","en","https://pbs.twimg.com/profile_banners/136144852/1521594040","http://abs.twimg.com/images/themes/theme1/bg.png","http://pbs.twimg.com/profile_images/974470914057408513/Q5p6iMzz_normal.jpg"
"x889855430096289792","Fabio Neves Jr","fnj_libertario","Aracaju, Brasil","Futuro ADVOGADO criminalista por vocação. <U+2694>Soldado do Estado Constitucional de Direito<U+2694>","https://t.co/09IPRAcK7J",FALSE,44,898,1,80,6,2017-07-25 14:30:42,FALSE,"https://t.co/09IPRAcK7J","https://www.facebook.com/fabionevesjunior","pt","https://pbs.twimg.com/profile_banners/889855430096289792/1520733687",,"http://pbs.twimg.com/profile_images/972322485457899520/uckz6lTb_normal.jpg"
"x233151932","Mbl Campinas","MblCampinas","","Movimento Brasil Livre",,FALSE,157,80,2,4410,3764,2011-01-02 12:48:04,FALSE,,,"pt","https://pbs.twimg.com/profile_banners/233151932/1522009925","http://abs.twimg.com/images/themes/theme1/bg.png","http://pbs.twimg.com/profile_images/966067025805217792/hfGYQre0_normal.jpg"
"x150242761","José Victor Oliva","jvoliva","ÜT: -23.570685,-46.693448","better father,better husband,better friend","http://t.co/bs1OMQXtVd",FALSE,11219,105,53,14740,71,2010-05-31 12:57:05,FALSE,"http://t.co/bs1OMQXtVd","http://os12trabalhosdevictoroliva.com.br","en","https://pbs.twimg.com/profile_banners/150242761/1354400490","http://pbs.twimg.com/profile_background_images/691107487/c41c5484f4ac726e6c2b79ee0238c992.jpeg","http://pbs.twimg.com/profile_images/2920474597/89dc01e592462383067936d7cbdc541d_normal.jpeg"
"x949305403850010624","Douglas Mendes","Douglas14602974","Santana do Matos, Brasil","Seu gosto de <f0><U+009F><U+008E><U+00B6> gosto de festas e eventos meu trabalho é fotografo profissional, amo treinar na academia.",,FALSE,10,147,0,35,132,2018-01-05 15:43:40,FALSE,,,"pt","https://pbs.twimg.com/profile_banners/949305403850010624/1515280844",,"http://pbs.twimg.com/profile_images/950150320222588929/xt-8MZsD_normal.jpg"
"x4137804375","Jorge Grandson","netojorge_","Paraíba, Brazil","obviedades às vezes precisam ser ditas","https://t.co/Jr8cP9HJgL",FALSE,356,1262,7,22712,41459,2015-11-08 00:10:16,FALSE,"https://t.co/Jr8cP9HJgL","http://brasil200.com.br","pt","https://pbs.twimg.com/profile_banners/4137804375/1522183759","http://pbs.twimg.com/profile_background_images/668216225982451717/CYUk1wp5.jpg","http://pbs.twimg.com/profile_images/978738515168186371/UwBCK5v6_normal.jpg"
"x196581080","Ulisses Pincelli","upincelli","Vila Velha, Brasil","Brasileiro, Engenheiro, Administrador, Pagador de Impostos",,FALSE,176,535,1,1341,4581,2010-09-29 13:06:08,FALSE,,,"pt","https://pbs.twimg.com/profile_banners/196581080/1500557998","http://abs.twimg.com/images/themes/theme1/bg.png","http://pbs.twimg.com/profile_images/932061397935988736/wT5reIX6_normal.jpg"
"x85081705","JAIRO COQUEJO","BispoJairo","Brasil","a questão não é o quanto posso realizar mas sim contribuir influenciando e servindo à minha geração. Bispo Igreja Sara Nossa Terra BH","https://t.co/weYKryvlC4",FALSE,1801,143,11,2563,23,2009-10-25 13:37:46,FALSE,"https://t.co/weYKryvlC4","http://www.saranossaterra.com.br","en","https://pbs.twimg.com/profile_banners/85081705/1448113846","http://abs.twimg.com/images/themes/theme14/bg.gif","http://pbs.twimg.com/profile_images/500635203896102912/4E6GvP90_normal.jpeg"
"x108078731","Robson Rodovalho","BispoRodovalho","Brasília-DF","Fundador do minist. @sntoficial, casado com @bispalucia, pai de @bpapri, Samuel e Ana Lia, avô coruja! Físico, Escritor, Filósofo, Apresentador e Cantor.","https://t.co/ab0UotA3ds",FALSE,1083849,632,256,31780,440,2010-01-24 19:35:50,TRUE,"https://t.co/ab0UotA3ds","http://www.bisporodovalho.com.br","en","https://pbs.twimg.com/profile_banners/108078731/1518224347","http://pbs.twimg.com/profile_background_images/480068923140763649/fpVLxc8u.jpeg","http://pbs.twimg.com/profile_images/962128410448416768/xYYJ68O9_normal.jpg"
"x160910872","Ricardo Amorim","Ricamconsult","São Paulo","Economista sem economês e com bom humor. Apresentador do Manhattan e presidente da Ricam Consultoria. https://t.co/lmqTP55Tfq","http://t.co/DDzzQPhQqh",FALSE,1234668,1211,1450,21283,6212,2010-06-29 12:59:24,TRUE,"http://t.co/DDzzQPhQqh","http://about.me/ricardo_amorim","en","https://pbs.twimg.com/profile_banners/160910872/1516210639","http://pbs.twimg.com/profile_background_images/140923568/bg-ricam-twitter-sliced.gif","http://pbs.twimg.com/profile_images/738001627001524225/_6YnBNbr_normal.jpg"
"x2729800629","Fabio Macedo","fmacedo18","","Fábio Macêdo, médico Rep Humana BIOS formado e Professor UFRN. Tenho interesse: esporte, educação, saúde e pela ética na política.","https://t.co/6JsaouzDEx",FALSE,317,351,0,1387,3667,2014-07-31 11:37:03,FALSE,"https://t.co/6JsaouzDEx","http://biosgenetica.com.br","pt","https://pbs.twimg.com/profile_banners/2729800629/1406806938","http://abs.twimg.com/images/themes/theme1/bg.png","http://pbs.twimg.com/profile_images/494810275028430848/vCfLLcYE_normal.jpeg"
"x15635403","Lojas Riachuelo","riachuelo","Brasil","Curta a Fan Page: https://t.co/8DB4WKtgyo | Siga no Instagram: https://t.co/aLs7ecNA1g | Inscreva-se no YouTube: https://t.co/WGf0L6f2p4","http://t.co/MeVk1miIwJ",FALSE,143530,1783,1018,40291,4118,2008-07-28 18:14:44,FALSE,"http://t.co/MeVk1miIwJ","http://www.riachuelo.com.br","pt","https://pbs.twimg.com/profile_banners/15635403/1522336358","http://pbs.twimg.com/profile_background_images/656220279333634049/zBH4IKJK.jpg","http://pbs.twimg.com/profile_images/378800000828379085/3e9e6447c2421d6af4c8156800a527df_normal.jpeg"
"x902607889260531713","Felipe Camargo","Felipedibujante","","",,FALSE,14,49,0,811,54,2017-08-29 19:04:25,FALSE,,,"es","https://pbs.twimg.com/profile_banners/902607889260531713/1504104603",,"http://pbs.twimg.com/profile_images/902905897738833922/wbuewQy1_normal.jpg"
"x1568750594","RevistaBzzz","RevistaBzzz","","Revista mensal de conteúdo plural e o portal https://t.co/c0CzFUE3fg, com informações diárias, locais, do Brasil e do mundo,l.","https://t.co/PBfEyRyZIj",FALSE,2935,205,19,39159,129,2013-07-04 18:10:39,FALSE,"https://t.co/PBfEyRyZIj","http://www.portaldaabelhinha.com.br","pt","https://pbs.twimg.com/profile_banners/1568750594/1520018840","http://abs.twimg.com/images/themes/theme1/bg.png","http://pbs.twimg.com/profile_images/979836022698672129/DwkW-RPw_normal.jpg"
"x907293236657618944","CerâmicaTMelo","CeramicaTMelo","","",,FALSE,53,132,0,134,36,2017-09-11 17:22:19,FALSE,,,"pt","https://pbs.twimg.com/profile_banners/907293236657618944/1505152013",,"http://pbs.twimg.com/profile_images/907294986928099329/77s-tg-5_normal.jpg"
