"status_id","created_at","user_id","screen_name","text","source","reply_to_status_id","reply_to_user_id","reply_to_screen_name","is_quote","is_retweet","favorite_count","retweet_count","hashtags","symbols","urls_url","urls_t.co","urls_expanded_url","media_url","media_t.co","media_expanded_url","media_type","ext_media_url","ext_media_t.co","ext_media_expanded_url","ext_media_type","mentions_user_id","mentions_screen_name","lang","quoted_status_id","quoted_text","retweet_status_id","retweet_text","place_url","place_name","place_full_name","place_type","country","country_code","geo_coords","coords_coords","bbox_coords","favorited_by"
"x977169431410470918",2018-03-23 13:05:22,"x929689900819144705","RenovaPSDB","4<U+FE0F><U+20E3>5<U+FE0F><U+20E3><U+2705> https://t.co/GMNWh952ew","Twitter for iPhone",,,,TRUE,FALSE,29,1,,,"twitter.com/geraldoalckmin…","https://t.co/GMNWh952ew","https://twitter.com/geraldoalckmin/status/977168157919064064",,,,,,,,,,,"und","x977168157919064064","Neste ano, brasileiros terão de fazer uma importante decisão: voltaremos ao caminho da irresponsabilidade, do populismo, da recessão ou vamos optar pelo trabalho sério, em defesa das mudanças que o país precisa para crescer de maneira sustentável? https://t.co/7SOeZAYJz5",,,"https://api.twitter.com/1.1/geo/id/68e019afec7d0ba5.json","Sao Paulo","Sao Paulo, Brazil","city","Brazil","BR",,,"-46.826039 -46.365052 -46.365052 -46.826039 -24.008814 -24.008814 -23.356792 -23.356792","geraldoalckmin"
"x976562844803239938",2018-03-21 20:55:00,"x21101930","PSDB_SP","@geraldoalckmin acredita que o estado moderno tem papel de planejador, estimulador da atividade empreendedora, regulador e fiscalizador de serviços.","Twitter Web Client",,"x74215006","geraldoalckmin",FALSE,FALSE,3,0,,,,,,,,,,,,,,"x74215006","geraldoalckmin","pt",,,,,,,,,,,,,,"geraldoalckmin"
"x976561188451569665",2018-03-21 20:48:25,"x21101930","PSDB_SP","Para @geraldoalckmin o governo federal tem de liderar o trabalho da segurança pública. Ele propôs a criação de uma Agência de Inteligência formada por diversos órgãos, como PF, Polícia Rodoviária, Abin, Forças Armadas, entre outros.","Twitter Web Client",,,,FALSE,FALSE,19,1,,,,,,,,,,,,,,"x74215006","geraldoalckmin","pt",,,,,,,,,,,,,,"geraldoalckmin"
"x976208216219668481",2018-03-20 21:25:50,"x74500609","Anastasia","Estive hoje com o governador @geraldoalckmin, agora oficialmente nosso pré-candidato à Presidência da República. Vamos trabalhar e nos empenhar muito por sua vitória. https://t.co/Ui0Qk8XM4m","Twitter for iPhone",,,,FALSE,FALSE,234,30,,,,,,"http://pbs.twimg.com/media/DYwwMbjWkAYol8Y.jpg","https://t.co/Ui0Qk8XM4m","https://twitter.com/Anastasia/status/976208216219668481/photo/1","photo","http://pbs.twimg.com/media/DYwwMbjWkAYol8Y.jpg","https://t.co/Ui0Qk8XM4m","https://twitter.com/Anastasia/status/976208216219668481/photo/1",,"x74215006","geraldoalckmin","pt",,,,,"https://api.twitter.com/1.1/geo/id/5722ff20ba67083b.json","Brasília","Brasília, Brazil","city","Brazil","BR",,,"-48.285982 -47.307264 -47.307264 -48.285982 -16.0524045 -16.0524045 -15.5001029 -15.5001029","geraldoalckmin"
"x973593319153586177",2018-03-13 16:15:10,"x211710999","alvezthiago","@geraldoalckmin Já falo a anos que o senhor será o novo Presidente .... povo diz que sou doido , mas eu acredito nessa vitória <f0><U+009F><U+0091><U+008F><f0><U+009F><U+008F><U+00BB><f0><U+009F><U+0091><U+008F><f0><U+009F><U+008F><U+00BB>","Twitter for iPhone","x973589589246984192","x74215006","geraldoalckmin",FALSE,FALSE,1,0,,,,,,,,,,,,,,"x74215006","geraldoalckmin","pt",,,,,,,,,,,,,,"geraldoalckmin"
"x970590315412410368",2018-03-05 09:22:18,"x216646920","carmerezende","@geraldoalckmin Boa noite","Twitter for iPhone","x970493624889827328","x74215006","geraldoalckmin",FALSE,FALSE,1,0,,,,,,,,,,,,,,"x74215006","geraldoalckmin","pt",,,,,,,,,,,,,,"geraldoalckmin"
"x970522422356205568",2018-03-05 04:52:31,"x928380705289228290","tonyevandro","@geraldoalckmin Mais uma semana de labuta.","Twitter for Android","x970493624889827328","x74215006","geraldoalckmin",FALSE,FALSE,1,0,,,,,,,,,,,,,,"x74215006","geraldoalckmin","pt",,,,,,,,,,,,,,"geraldoalckmin"
"x970522085259956224",2018-03-05 04:51:11,"x223498270","alzira1910","@geraldoalckmin Boa noite ! Deus o abençoe !!!","Twitter for iPhone","x970493624889827328","x74215006","geraldoalckmin",FALSE,FALSE,1,0,,,,,,,,,,,,,,"x74215006","geraldoalckmin","pt",,,,,,,,,,,,,,"geraldoalckmin"
"x970515812984467456",2018-03-05 04:26:15,"x1894627658","marinesanacleto","@geraldoalckmin Boa Noite, Excelente semana!!!","Twitter for Android","x970493624889827328","x74215006","geraldoalckmin",FALSE,FALSE,1,0,,,,,,,,,,,,,,"x74215006","geraldoalckmin","pt",,,,,,,,,,,,,,"geraldoalckmin"
"x970504052105674752",2018-03-05 03:39:31,"x57819644","WandinhaKazak","@geraldoalckmin Amém e que assim seja para todos nós <f0><U+009F><U+0099><U+008F><f0><U+009F><U+0099><U+008F><f0><U+009F><U+0099><U+008F>","Twitter for Android","x970493624889827328","x74215006","geraldoalckmin",FALSE,FALSE,1,0,,,,,,,,,,,,,,"x74215006","geraldoalckmin","pt",,,,,,,,,,,,,,"geraldoalckmin"
"x970495720448028672",2018-03-05 03:06:25,"x2948493430","CotrimNestor","@geraldoalckmin A candidatura está encorpando...nada resiste a um trabalho bem feito....e bem divulgado!!","Twitter for Android","x970493624889827328","x74215006","geraldoalckmin",FALSE,FALSE,1,0,,,,,,,,,,,,,,"x74215006","geraldoalckmin","pt",,,,,,,,,,,,,,"geraldoalckmin"
"x970495224404500481",2018-03-05 03:04:27,"x1630756729","fabioconeglian_","@geraldoalckmin Boa noite governador.","Twitter for Android","x970493624889827328","x74215006","geraldoalckmin",FALSE,FALSE,1,0,,,,,,,,,,,,,,"x74215006","geraldoalckmin","pt",,,,,,,,,,,,,,"geraldoalckmin"
"x968880125881339905",2018-02-28 16:06:37,"x83512889","_miguelteixeira","@geraldoalckmin Parabéns, governador. Isso mesmo. Afasta-te da pauta esquerdista e siga avante. Pela sua ética, comprovada competência e serenidade no trato político, tens meu voto de confiança para a Presidência da República. Pedirei votos junto aos meus familiares e amigos (haters: block)","Twitter Web Client","x968879000901865474","x74215006","geraldoalckmin",FALSE,FALSE,2,0,,,,,,,,,,,,,,"x74215006","geraldoalckmin","pt",,,,,,,,,,,,,,"geraldoalckmin"
"x968880106608447488",2018-02-28 16:06:32,"x890254250743300097","Basilius_2hot4u","@geraldoalckmin Mandou SUPER bem na entrevista, Governador. És BY FAR o mais bem preparado candidato à Presidência da República...","Twitter for iPhone","x968879000901865474","x74215006","geraldoalckmin",FALSE,FALSE,3,0,,,,,,,,,,,,,,"x74215006","geraldoalckmin","pt",,,,,,,,,,,,,,"geraldoalckmin"
"x968867700238880768",2018-02-28 15:17:15,"x2697139233","Anisisterc","@geraldoalckmin Veradade Governador!!Com certeza o mais preparado para o Brasil,homem honrado,honesto e o mais importante que realmente trabalha em prol da população.Estamos juntos Geraldo Alckmin Presidente!!","Twitter Web Client","x968833291595010048","x74215006","geraldoalckmin",FALSE,FALSE,4,0,,,,,,,,,,,,,,"x74215006","geraldoalckmin","pt",,,,,,,,,,,,,,"geraldoalckmin"
"x968848050516094977",2018-02-28 13:59:10,"x1585737726","Ronaldo_Te_PSDB","@geraldoalckmin  https://t.co/7NceFTyKL0","Twitter for Android","x968833291595010048","x74215006","geraldoalckmin",FALSE,FALSE,2,0,,,,,,"http://pbs.twimg.com/media/DXIKKKrWsAcis7Z.jpg","https://t.co/7NceFTyKL0","https://twitter.com/Ronaldo_Te_PSDB/status/968848050516094977/photo/1","photo","http://pbs.twimg.com/media/DXIKKKrWsAcis7Z.jpg","https://t.co/7NceFTyKL0","https://twitter.com/Ronaldo_Te_PSDB/status/968848050516094977/photo/1",,"x74215006","geraldoalckmin","und",,,,,"https://api.twitter.com/1.1/geo/id/e4923a19ecd2d04f.json","Conchas","Conchas, Brasil","city","Brazil","BR",,,"-48.166327 -47.926957 -47.926957 -48.166327 -23.1046453 -23.1046453 -22.8203662 -22.8203662","geraldoalckmin"
"x968847874237837314",2018-02-28 13:58:28,"x1585737726","Ronaldo_Te_PSDB","@geraldoalckmin  https://t.co/Fl7BBt9PLk","Twitter for Android","x968833291595010048","x74215006","geraldoalckmin",FALSE,FALSE,2,0,,,,,,"http://pbs.twimg.com/media/DXIJ_ziX0AECco8.jpg","https://t.co/Fl7BBt9PLk","https://twitter.com/Ronaldo_Te_PSDB/status/968847874237837314/photo/1","photo","http://pbs.twimg.com/media/DXIJ_ziX0AECco8.jpg","https://t.co/Fl7BBt9PLk","https://twitter.com/Ronaldo_Te_PSDB/status/968847874237837314/photo/1",,"x74215006","geraldoalckmin","und",,,,,"https://api.twitter.com/1.1/geo/id/e4923a19ecd2d04f.json","Conchas","Conchas, Brasil","city","Brazil","BR",,,"-48.166327 -47.926957 -47.926957 -48.166327 -23.1046453 -23.1046453 -22.8203662 -22.8203662","geraldoalckmin"
"x968847317926281217",2018-02-28 13:56:15,"x1585737726","Ronaldo_Te_PSDB","@geraldoalckmin  https://t.co/CT9x7LgzOw","Twitter for Android","x968833291595010048","x74215006","geraldoalckmin",FALSE,FALSE,2,0,,,,,,"http://pbs.twimg.com/media/DXIJfdIWsAE8Y3m.jpg","https://t.co/CT9x7LgzOw","https://twitter.com/Ronaldo_Te_PSDB/status/968847317926281217/photo/1","photo","http://pbs.twimg.com/media/DXIJfdIWsAE8Y3m.jpg","https://t.co/CT9x7LgzOw","https://twitter.com/Ronaldo_Te_PSDB/status/968847317926281217/photo/1",,"x74215006","geraldoalckmin","und",,,,,"https://api.twitter.com/1.1/geo/id/e4923a19ecd2d04f.json","Conchas","Conchas, Brasil","city","Brazil","BR",,,"-48.166327 -47.926957 -47.926957 -48.166327 -23.1046453 -23.1046453 -22.8203662 -22.8203662","geraldoalckmin"
"x968847275551285249",2018-02-28 13:56:05,"x1585737726","Ronaldo_Te_PSDB","@geraldoalckmin  https://t.co/ECZSStaQdA","Twitter for Android","x968833291595010048","x74215006","geraldoalckmin",FALSE,FALSE,2,0,,,,,,"http://pbs.twimg.com/media/DXIJdB5W4AE18RA.jpg","https://t.co/ECZSStaQdA","https://twitter.com/Ronaldo_Te_PSDB/status/968847275551285249/photo/1","photo","http://pbs.twimg.com/media/DXIJdB5W4AE18RA.jpg","https://t.co/ECZSStaQdA","https://twitter.com/Ronaldo_Te_PSDB/status/968847275551285249/photo/1",,"x74215006","geraldoalckmin","und",,,,,"https://api.twitter.com/1.1/geo/id/e4923a19ecd2d04f.json","Conchas","Conchas, Brasil","city","Brazil","BR",,,"-48.166327 -47.926957 -47.926957 -48.166327 -23.1046453 -23.1046453 -22.8203662 -22.8203662","geraldoalckmin"
"x968834432009490432",2018-02-28 13:05:03,"x88445029","Paulateacher1","@geraldoalckmin Assisti, muito bom, vc é o candidato mais preparado de todos.","Twitter for Android","x968833291595010048","x74215006","geraldoalckmin",FALSE,FALSE,5,0,,,,,,,,,,,,,,"x74215006","geraldoalckmin","pt",,,,,,,,,,,,,,"geraldoalckmin"
"x968549633231392770",2018-02-27 18:13:22,"x57384528","leofelipesc","@silva_marina Bom saber. Mais vamos de @geraldoalckmin","Twitter Web Client","x968516582833041414","x105155795","silva_marina",FALSE,FALSE,1,0,,,,,,,,,,,,,,"x105155795 74215006","silva_marina geraldoalckmin","pt",,,,,,,,,,,,,,"geraldoalckmin"
"x968523318239420416",2018-02-27 16:28:48,"x871906247901163520","YamanaRicardo","@geraldoalckmin Tem meu voto Dr Geraldo","Twitter for Android","x967964132157902853","x74215006","geraldoalckmin",FALSE,FALSE,1,0,,,,,,,,,,,,,,"x74215006","geraldoalckmin","pt",,,,,,,,,,,,,,"geraldoalckmin"
"x968520922511626241",2018-02-27 16:19:16,"x83512889","_miguelteixeira","@edsonleal27 @geraldoalckmin É provável que tenha, amigo. Em um ou outro aspecto sempre tem. Mas já fiz minha escolha. Se @geraldoalckmin se confirmar como candidato - e espero que se confirme - terá meu voto de confiança. Abraço.","Twitter for Android","x968513991868809216","x2293065512","edsonleal27",FALSE,FALSE,3,0,,,,,,,,,,,,,,"x2293065512 74215006 74215006","edsonleal27 geraldoalckmin geraldoalckmin","pt",,,,,,,,,,,,,,"geraldoalckmin"
"x968214511789527042",2018-02-26 20:01:42,"x225763760","RICARDORANGEL45","@geraldoalckmin Espetacular #geraldoalckmin #45  @geraldoalckmin https://t.co/ttcqGsFFOG","Twitter for Android","x968213973169524737","x74215006","geraldoalckmin",TRUE,FALSE,3,1,"geraldoalckmin",,"twitter.com/geraldoalckmin…","https://t.co/ttcqGsFFOG","https://twitter.com/geraldoalckmin/status/968213973169524737",,,,,,,,,"x74215006 74215006","geraldoalckmin geraldoalckmin","es","x968213973169524737","O Instituto Butantan, um dos maiores centros de pesquisas biomédicas do mundo, completou 117 anos com grandes notícias: a produção de vacinas da dengue, de hemoderivados e também de medicamentos contra câncer e doenças autoimunes. Grandes conquistas! #PreparadoParaoBrasil https://t.co/6naj3WQ7Zn",,,,,,,,,,,,"geraldoalckmin"
"x968200529842245632",2018-02-26 19:06:09,"x937894211239731207","WegdonP","@geraldoalckmin  https://t.co/vnVPthsV7w","Twitter for Android","x968185174390398977","x74215006","geraldoalckmin",FALSE,FALSE,5,0,,,,,,"http://pbs.twimg.com/media/DW-9P7HXcAEwrd6.jpg","https://t.co/vnVPthsV7w","https://twitter.com/WegdonP/status/968200529842245632/photo/1","photo","http://pbs.twimg.com/media/DW-9P7HXcAEwrd6.jpg","https://t.co/vnVPthsV7w","https://twitter.com/WegdonP/status/968200529842245632/photo/1",,"x74215006","geraldoalckmin","und",,,,,,,,,,,,,,"geraldoalckmin"
"x968046938829545472",2018-02-26 08:55:50,"x57026858","jonasajr","@geraldoalckmin Não sou eleitor do PSDB, pois sou conservador, mas essa afirmação é totalmente verdadeira. É a solução para muitos problemas: representatividade. Mandato do partido, partido dos filiados","Twitter for Android","x967958527384997890","x74215006","geraldoalckmin",FALSE,FALSE,1,0,,,,,,,,,,,,,,"x74215006","geraldoalckmin","pt",,,,,,,,,,,,,,"geraldoalckmin"
"x967997600229199872",2018-02-26 05:39:47,"x46666392","in_saio","@geraldoalckmin Nunca pensei que fosse curtir um Twitte do senhor. <f0><U+009F><U+00A4><U+0094>","Twitter for iPhone","x967958527384997890","x74215006","geraldoalckmin",FALSE,FALSE,1,0,,,,,,,,,,,,,,"x74215006","geraldoalckmin","pt",,,,,,,,,,,,,,"geraldoalckmin"
"x967980268391976960",2018-02-26 04:30:54,"x857752384675737600","ReinaldosomosBR","@geraldoalckmin @canallivre Parabéns Sr. Governador. O Estado de SP é sim, um grande exemplo de administração pública no Brasil. Até as #eleicoes2018 espero que tenha mais debates com o Sr. e desejo sucesso nessa caminhada. @Rede45","Twitter Web Client","x967958527384997890","x74215006","geraldoalckmin",FALSE,FALSE,1,0,"eleicoes2018",,,,,,,,,,,,,"x74215006 1260500904 39931528","geraldoalckmin canallivre Rede45","pt",,,,,,,,,,,,,,"geraldoalckmin"
"x967977301878149126",2018-02-26 04:19:07,"x813246364989718528","FarinaAllmax","@geraldoalckmin Tá certo.","Twitter for iPhone","x967971615609933824","x74215006","geraldoalckmin",FALSE,FALSE,1,0,,,,,,,,,,,,,,"x74215006","geraldoalckmin","pt",,,,,,,,,,,,,,"geraldoalckmin"
"x967976889376747520",2018-02-26 04:17:29,"x932002674719035394","Amorim_Qrv","@jluqueiroz @geraldoalckmin https://t.co/wzDQZuEkuo","Twitter Web Client","x967975734789668864","x893955247244288000","jluqueiroz",FALSE,FALSE,2,0,,,"saopaulo.sp.gov.br","https://t.co/wzDQZuEkuo","http://www.saopaulo.sp.gov.br/",,,,,,,,,"x893955247244288000 74215006","jluqueiroz geraldoalckmin","und",,,,,,,,,,,,,,"geraldoalckmin"
"x967976080111030273",2018-02-26 04:14:16,"x288657026","rinaldodejesus","@geraldoalckmin Demonstração de competência e ser imbatível em conhecimento das necessidades do Brasil.
Excelente entrevista.
Sucesso futuro Presidente!","Twitter for Android","x967972071950241792","x74215006","geraldoalckmin",FALSE,FALSE,2,0,,,,,,,,,,,,,,"x74215006","geraldoalckmin","pt",,,,,,,,,,,,,,"geraldoalckmin"
"x967975028343169024",2018-02-26 04:10:05,"x47748051","prudencioneto","@geraldoalckmin Boa noite Governador... Sou um desses filiados... Acredito que prévias amplas trariam mais legitimidade interna para a definição do candidato... Não tenho dúvidas de sua competência... mas outras pre-candidaturas poderiam somar... não teremos essa oportunidade...","Twitter for iPhone","x967973761369673728","x74215006","geraldoalckmin",FALSE,FALSE,3,0,,,,,,,,,,,,,,"x74215006","geraldoalckmin","pt",,,,,"https://api.twitter.com/1.1/geo/id/f3587bc643e7d7b8.json","Belém","Belém, Brazil","city","Brazil","BR",,,"-48.623684 -48.295911 -48.295911 -48.623684 -1.526453 -1.526453 -1.019406 -1.019406","geraldoalckmin"
"x967975000065134592",2018-02-26 04:09:58,"x73028030","fcjffcjf","@geraldoalckmin Governador, sou seu eleitor e gostaria que fosse o próximo presidente! Espero que o povo veja a sua capacidade e honestidade! Parabéns pela entrevista! <f0><U+009F><U+0091><U+008F>","Twitter Web Client","x967972761648984064","x74215006","geraldoalckmin",FALSE,FALSE,1,0,,,,,,,,,,,,,,"x74215006","geraldoalckmin","pt",,,,,,,,,,,,,,"geraldoalckmin"
"x967974707290165248",2018-02-26 04:08:48,"x536424927","MmVmn","@geraldoalckmin Parabens pela entrevista na Band, sucesso.","Twitter for Android","x967964132157902853","x74215006","geraldoalckmin",FALSE,FALSE,4,0,,,,,,,,,,,,,,"x74215006","geraldoalckmin","pt",,,,,,,,,,,,,,"geraldoalckmin"
"x967974294314717184",2018-02-26 04:07:10,"x857752384675737600","ReinaldosomosBR","@geraldoalckmin @canallivre Podem falar o que quiserem, mas o Estado de São Paulo é referência em Saúde, Segurança e Educação. Se for levar para o Brasil inteiro, ele têm a experiência que a população precisa.","Twitter Web Client","x967963138732720128","x74215006","geraldoalckmin",FALSE,FALSE,4,0,,,,,,,,,,,,,,"x74215006 1260500904","geraldoalckmin canallivre","pt",,,,,,,,,,,,,,"geraldoalckmin"
"x967973912129736704",2018-02-26 04:05:39,"x792018164","ghisimoes","@geraldoalckmin Excelente participação no Canal Livre. Geraldo Alckmin , lucidez , coerência e experiência. É disso que precisamos #Alckim Presidente","Twitter for Android","x967962518860771329","x74215006","geraldoalckmin",FALSE,FALSE,1,0,"Alckim",,,,,,,,,,,,,"x74215006","geraldoalckmin","pt",,,,,"https://api.twitter.com/1.1/geo/id/68e019afec7d0ba5.json","Sao Paulo","Sao Paulo, Brazil","city","Brazil","BR",,,"-46.826039 -46.365052 -46.365052 -46.826039 -24.008814 -24.008814 -23.356792 -23.356792","geraldoalckmin"
"x967973884392890368",2018-02-26 04:05:32,"x288657026","rinaldodejesus","@geraldoalckmin Excelente entrevista com o futuro Presidente. Sucesso Governador!","Twitter for Android","x967972761648984064","x74215006","geraldoalckmin",FALSE,FALSE,1,0,,,,,,,,,,,,,,"x74215006","geraldoalckmin","pt",,,,,,,,,,,,,,"geraldoalckmin"
"x967973120400388096",2018-02-26 04:02:30,"x844577954868932609","RafaelSardeiro","@geraldoalckmin Acompanho de perto a política e, por exceção (preciso ser sincero), tenho avaliado suas propostas e me inclinado a confiar a você o meu voto. Mas sabemos que não só com boas idéias tocamos um país, e por isso é importante termos certeza  sobre sua governabilidade.","Twitter for Android","x967969000583024645","x844577954868932609","RafaelSardeiro",FALSE,FALSE,2,0,,,,,,,,,,,,,,"x74215006","geraldoalckmin","pt",,,,,,,,,,,,,,"geraldoalckmin"
"x967973065614295040",2018-02-26 04:02:17,"x24818341","auricio","@geraldoalckmin <f0><U+009F><U+0091><U+008F><f0><U+009F><U+0091><U+008F><f0><U+009F><U+0091><U+008F><f0><U+009F><U+0091><U+008F><f0><U+009F><U+0091><U+008F><f0><U+009F><U+0091><U+008F><f0><U+009F><U+0091><U+008F><f0><U+009F><U+0091><U+008F><f0><U+009F><U+0091><U+008F>","Twitter for Android","x967972761648984064","x74215006","geraldoalckmin",FALSE,FALSE,1,0,,,,,,,,,,,,,,"x74215006","geraldoalckmin","und",,,,,,,,,,,,,,"geraldoalckmin"
"x967972486573944832",2018-02-26 03:59:59,"x225763760","RICARDORANGEL45","@geraldoalckmin O Brasil precisa ser passado a limpo, chega de corrupção, o BRASIL precisa urgentemente de #geraldoalckmin #45 Presidente do Brasil !!! @geraldoalckmin @governosp https://t.co/bjhVLtyGCU$","Twitter for Android","x967972071950241792","x74215006","geraldoalckmin",TRUE,FALSE,2,1,"geraldoalckmin",,"twitter.com/geraldoalckmin…","https://t.co/bjhVLtyGCU","https://twitter.com/geraldoalckmin/status/967965866615889925",,,,,,,,,"x74215006 74215006 24746057","geraldoalckmin geraldoalckmin governosp","pt","x967965866615889925","No programa Canal Livre, transmitido agora pela Band, falei sobre corrupção. Política não é lugar para quem quer enriquecer. Acompanhe. #CanalLivre https://t.co/YFdEu7ojvo",,,,,,,,,,,,"geraldoalckmin"
"x967972426788327424",2018-02-26 03:59:45,"x291804096","luizvarellaator","@geraldoalckmin Sim é nosso dever tb escolher bem nossos representantes. Foi Fernando Henrique Cardoso  do PSDB que criou o plano real e assim a economia do Brasil se estabilizou !!! São Paulo tem os melhores estudantes  de matemática graças ao governo @geraldoalckmin","Twitter Web Client","x967970278205788160","x74215006","geraldoalckmin",FALSE,FALSE,2,0,,,,,,,,,,,,,,"x74215006 74215006","geraldoalckmin geraldoalckmin","pt",,,,,,,,,,,,,,"geraldoalckmin"
"x967972417057558533",2018-02-26 03:59:42,"x792018164","ghisimoes","@geraldoalckmin Exatamente. Ninguém está acima da lei. Somos afrontados diariamente com ameaças do PT dizendo que não se submetem à justiça","Twitter for Android","x967962518860771329","x74215006","geraldoalckmin",FALSE,FALSE,1,0,,,,,,,,,,,,,,"x74215006","geraldoalckmin","pt",,,,,,,,,,,,,,"geraldoalckmin"
"x967972008129638400",2018-02-26 03:58:05,"x792018164","ghisimoes","@juliopaeslim1 @LavaJatoNews @geraldoalckmin @Rede45 O PT disse que expulsaria quem fosse condenado 
José Dirceu  e Lula já condenados estão lá. Aecio não tem condenação. Regra não cumprida","Twitter for Android","x967967090765389824","x777156188635004928","juliopaeslim1",FALSE,FALSE,1,0,,,,,,,,,,,,,,"x777156188635004928 789662754617585668 74215006 39931528","juliopaeslim1 LavaJatoNews geraldoalckmin Rede45","pt",,,,,,,,,,,,,,"geraldoalckmin"
"x967971712598990848",2018-02-26 03:56:54,"x2515990576","NanciPerri","@geraldoalckmin Bela entrevista, vc tá muito seguro e com mais personalidade!! Mostre tudo que foi feito em SP .","Twitter for iPhone","x967965866615889925","x74215006","geraldoalckmin",FALSE,FALSE,2,0,,,,,,,,,,,,,,"x74215006","geraldoalckmin","pt",,,,,,,,,,,,,,"geraldoalckmin"
"x967969930447552513",2018-02-26 03:49:50,"x3903528703","joaooalvarenga","@geraldoalckmin Boa noite governador. Se passar aqui por Limeira, passa aqui em casa pra tomar um café e me dar um entrevista. Abraço.","TweetDeck","x967968935500009472","x74215006","geraldoalckmin",FALSE,FALSE,4,0,,,,,,,,,,,,,,"x74215006","geraldoalckmin","pt",,,,,,,,,,,,,,"geraldoalckmin"
"x967969668655968257",2018-02-26 03:48:47,"x2515990576","NanciPerri","@geraldoalckmin Parabéns pela entrevista !! Todos deveriam assistir o Programa Livre com Alckminn , lúcido , tranquilo, inteligente, competente e tem muito o que mostrar !! Nosso futuro Presidente !","Twitter for iPhone","x967962518860771329","x74215006","geraldoalckmin",FALSE,FALSE,3,0,,,,,,,,,,,,,,"x74215006","geraldoalckmin","pt",,,,,,,,,,,,,,"geraldoalckmin"
"x967969347682623493",2018-02-26 03:47:31,"x4788486461","SAMPAulistaNA","@geraldoalckmin **
**
<U+2935>
TÔ ASSiSTiNDO <f0><U+009F><U+0091><U+0080>
#GATOdaDonaLÚ<f0><U+009F><U+008C><U+00B9>
********************
@BandTV 
@RBandeirantes 
@radiobandnewsfm","Twitter for Android","x967965866615889925","x74215006","geraldoalckmin",FALSE,FALSE,1,0,"GATOdaDonaLÚ",,,,,,,,,,,,,"x74215006 246471130 40261159 26573303","geraldoalckmin BandTV RBandeirantes radiobandnewsfm","pt",,,,,,,,,,,,,,"geraldoalckmin"
"x967966767644643329",2018-02-26 03:37:16,"x932002674719035394","Amorim_Qrv","@geraldoalckmin Estadista! https://t.co/2PWWjXevdU","Twitter Web Client","x967962518860771329","x74215006","geraldoalckmin",FALSE,FALSE,1,0,,,,,,"http://pbs.twimg.com/media/DW7ojogW0AAY0QI.jpg","https://t.co/2PWWjXevdU","https://twitter.com/Amorim_Qrv/status/967966767644643329/photo/1","photo","http://pbs.twimg.com/media/DW7ojogW0AAY0QI.jpg","https://t.co/2PWWjXevdU","https://twitter.com/Amorim_Qrv/status/967966767644643329/photo/1",,"x74215006","geraldoalckmin","es",,,,,,,,,,,,,,"geraldoalckmin"
"x967966728905949184",2018-02-26 03:37:06,"x965967426386055169","rpermagnani","@geraldoalckmin O senhor defende aposentadoria igualitária, mas como fazer? E o direito adquirido de quem já é servidor?","Twitter for iPhone","x967965928041385984","x74215006","geraldoalckmin",FALSE,FALSE,1,0,,,,,,,,,,,,,,"x74215006","geraldoalckmin","pt",,,,,,,,,,,,,,"geraldoalckmin"
"x967965754632081408",2018-02-26 03:33:14,"x184415542","KellzBruno","@geraldoalckmin O sr. Deveria ser fixo no governo de São Paulo, vai fazer falta","Twitter for Android","x967964132157902853","x74215006","geraldoalckmin",FALSE,FALSE,2,0,,,,,,,,,,,,,,"x74215006","geraldoalckmin","pt",,,,,,,,,,,,,,"geraldoalckmin"
"x967965712659644418",2018-02-26 03:33:04,"x935664601596821511","ReyGaboni","@geraldoalckmin Se fizer ETECs e FATECs em nível Federal, já é um grande passo para a Educação.","Twitter for Android","x967964132157902853","x74215006","geraldoalckmin",FALSE,FALSE,2,0,,,,,,,,,,,,,,"x74215006","geraldoalckmin","pt",,,,,,,,,,,,,,"geraldoalckmin"
"x967965200380059650",2018-02-26 03:31:02,"x78777176","polyptica","@geraldoalckmin #OrgulhodeSP","Twitter for iPad","x967964132157902853","x74215006","geraldoalckmin",FALSE,FALSE,2,0,"OrgulhodeSP",,,,,,,,,,,,,"x74215006","geraldoalckmin","und",,,,,,,,,,,,,,"geraldoalckmin"
"x967964573197307904",2018-02-26 03:28:32,"x24818341","auricio","@geraldoalckmin #presidente2018","Twitter for Android","x967964132157902853","x74215006","geraldoalckmin",FALSE,FALSE,2,0,"presidente2018",,,,,,,,,,,,,"x74215006","geraldoalckmin","und",,,,,,,,,,,,,,"geraldoalckmin"
"x967964412345769984",2018-02-26 03:27:54,"x56214441","rodrigoaqueiroz","@geraldoalckmin Como Paulo Preto também atuou no seu governo e talvez haja uma possível delação espero que o Sr., mantenha-se firme em seu posicionamento, pois, as expectativas de desvio e sujeiras diante das lacunas que serão fechadas com essa denúncia perturbará muita gente.","Twitter for iPhone","x967962884696367104","x74215006","geraldoalckmin",FALSE,FALSE,2,0,,,,,,,,,,,,,,"x74215006","geraldoalckmin","pt",,,,,"https://api.twitter.com/1.1/geo/id/81184bffde6b6099.json","Caruaru","Caruaru, Brasil","city","Brazil","BR",,,"-36.1793394 -35.850949 -35.850949 -36.1793394 -8.394674 -8.394674 -7.9751788 -7.9751788","geraldoalckmin"
"x967964314610094082",2018-02-26 03:27:31,"x884442554611236864","allandias96","@geraldoalckmin Meu voto é pra vc <f0><U+009F><U+0091><U+008F><f0><U+009F><U+0091><U+008F><f0><U+009F><U+0091><U+008F>","Twitter for Android","x967964132157902853","x74215006","geraldoalckmin",FALSE,FALSE,5,0,,,,,,,,,,,,,,"x74215006","geraldoalckmin","pt",,,,,,,,,,,,,,"geraldoalckmin"
"x967963594133590016",2018-02-26 03:24:39,"x225763760","RICARDORANGEL45","@geraldoalckmin É isso mesmo Super Governador #geraldoalckmin #45 @geraldoalckmin @governosp https://t.co/46NhJehvv1","Twitter for Android","x967963138732720128","x74215006","geraldoalckmin",TRUE,FALSE,2,1,"geraldoalckmin",,"twitter.com/geraldoalckmin…","https://t.co/46NhJehvv1","https://twitter.com/geraldoalckmin/status/967963138732720128",,,,,,,,,"x74215006 74215006 24746057","geraldoalckmin geraldoalckmin governosp","pt","x967963138732720128","Se quiser enriquecer, vá para a iniciativa privada. Quem enriquecer na política é ladrão. Política é prestar serviço à população.",,,,,,,,,,,,"geraldoalckmin"
"x967963242982191104",2018-02-26 03:23:15,"x184415542","KellzBruno","@geraldoalckmin Futuro melhor presidente da história do Brasil","Twitter for Android","x967962825028198401","x74215006","geraldoalckmin",FALSE,FALSE,1,0,,,,,,,,,,,,,,"x74215006","geraldoalckmin","pt",,,,,,,,,,,,,,"geraldoalckmin"
"x967963141484306434",2018-02-26 03:22:51,"x225763760","RICARDORANGEL45","@geraldoalckmin Voto eternamente no Gestor e Governador mais Honesto e Ético do BRASIL, #geraldoalckmin #45 @geraldoalckmin @governosp @Rede45 https://t.co/PswvkkaoOA","Twitter for Android","x967962518860771329","x74215006","geraldoalckmin",TRUE,FALSE,4,3,"geraldoalckmin",,"twitter.com/geraldoalckmin…","https://t.co/PswvkkaoOA","https://twitter.com/geraldoalckmin/status/967962518860771329",,,,,,,,,"x74215006 74215006 24746057 39931528","geraldoalckmin geraldoalckmin governosp Rede45","pt","x967962518860771329","Acho um absurdo o PT querer desmoralizar instituições. Não é possível querer desacreditar a justiça. Ninguém está acima da lei.",,,,,,,,,,,,"geraldoalckmin"
"x967961215573090304",2018-02-26 03:15:12,"x225763760","RICARDORANGEL45","@geraldoalckmin O Brasil precisa urgentemente de #geraldoalckmin #45 Presidente do BRASIL !!! @geraldoalckmin @governosp","Twitter for Android","x967958527384997890","x74215006","geraldoalckmin",FALSE,FALSE,1,0,"geraldoalckmin",,,,,,,,,,,,,"x74215006 74215006 24746057","geraldoalckmin geraldoalckmin governosp","pt",,,,,,,,,,,,,,"geraldoalckmin"
"x967961074103353344",2018-02-26 03:14:38,"x963576334579568640","Fabio2018jr","@geraldoalckmin Ah, se o senhor me permitir mais uma colocação: aquela coisa de proibir pessoas de comer carne na segunda é horrível! Boa semana, Governador!","Twitter Web Client","x967959838801170433","x74215006","geraldoalckmin",FALSE,FALSE,4,0,,,,,,,,,,,,,,"x74215006","geraldoalckmin","pt",,,,,,,,,,,,,,"geraldoalckmin"
"x967960883040276482",2018-02-26 03:13:53,"x225763760","RICARDORANGEL45","@geraldoalckmin O Brasil precisa urgentemente de #geraldoalckmin #45 Presidente do BRASIL !!! @geraldoalckmin @governosp","Twitter for Android","x967959838801170433","x74215006","geraldoalckmin",FALSE,FALSE,3,1,"geraldoalckmin",,,,,,,,,,,,,"x74215006 74215006 24746057","geraldoalckmin geraldoalckmin governosp","pt",,,,,,,,,,,,,,"geraldoalckmin"
"x967960097807831040",2018-02-26 03:10:45,"x621504925","jeanpatricio3","@geraldoalckmin Não tenho dúvidas, que será um bom presidente!!","Twitter for Android","x967959838801170433","x74215006","geraldoalckmin",FALSE,FALSE,1,0,,,,,,,,,,,,,,"x74215006","geraldoalckmin","pt",,,,,,,,,,,,,,"geraldoalckmin"
"x967960087569584128",2018-02-26 03:10:43,"x24818341","auricio","@geraldoalckmin #presidente2018","Twitter for Android","x967959838801170433","x74215006","geraldoalckmin",FALSE,FALSE,3,0,"presidente2018",,,,,,,,,,,,,"x74215006","geraldoalckmin","und",,,,,,,,,,,,,,"geraldoalckmin"
"x967959345538486272",2018-02-26 03:07:46,"x621504925","jeanpatricio3","@geraldoalckmin Boa noite, meu futuro presidente!!!","Twitter for Android","x967959089023201280","x74215006","geraldoalckmin",FALSE,FALSE,1,0,,,,,,,,,,,,,,"x74215006","geraldoalckmin","pt",,,,,,,,,,,,,,"geraldoalckmin"
"x965005881036431361",2018-02-17 23:31:45,"x24781968","Zaga_Silos","Os seguidos governos do PSDB no estado de SP deram uma aula no combate à violência.
 
Os resultados são inquestionáveis, e colocam o estado de SP como referencia nacional no combate à violência.

Parabéns Governador @geraldoalckmin 

#PreparadoParaoBrasil https://t.co/wacVWQ2L50","Twitter for iPhone",,,,FALSE,FALSE,40,25,"PreparadoParaoBrasil",,,,,"http://pbs.twimg.com/media/DWRjudoXkAAAf9M.jpg","https://t.co/wacVWQ2L50","https://twitter.com/Zaga_Silos/status/965005881036431361/photo/1","photo","http://pbs.twimg.com/media/DWRjudoXkAAAf9M.jpg http://pbs.twimg.com/media/DWRjueAX4Ao-R5k.jpg http://pbs.twimg.com/media/DWRjud3X0AEtm-R.jpg http://pbs.twimg.com/media/DWRjudnX0AATKqp.jpg","https://t.co/wacVWQ2L50 https://t.co/wacVWQ2L50 https://t.co/wacVWQ2L50 https://t.co/wacVWQ2L50","https://twitter.com/Zaga_Silos/status/965005881036431361/photo/1 https://twitter.com/Zaga_Silos/status/965005881036431361/photo/1 https://twitter.com/Zaga_Silos/status/965005881036431361/photo/1 https://twitter.com/Zaga_Silos/status/965005881036431361/photo/1",,"x74215006","geraldoalckmin","pt",,,,,,,,,,,,,,"geraldoalckmin"
"x962012350143320064",2018-02-09 17:16:32,"x891024858259353601","Edilson43194517","@geraldoalckmin Bom descanso governador, não se renda aos oportunistas o sr tem experiência administrativa comprovada em vencer crises . Estado de SP tem status de uma nação desemvolvida.","Twitter for Android","x961904027775709184","x74215006","geraldoalckmin",FALSE,FALSE,1,0,,,,,,,,,,,,,,"x74215006","geraldoalckmin","pt",,,,,,,,,,,,,,"geraldoalckmin"
"x961977665120079873",2018-02-09 14:58:42,"x180949053","MarcioRemedio","@geraldoalckmin Para o ilustre também.","Twitter for Android","x961904027775709184","x74215006","geraldoalckmin",FALSE,FALSE,1,0,,,,,,,,,,,,,,"x74215006","geraldoalckmin","pt",,,,,,,,,,,,,,"geraldoalckmin"
"x961956041310265344",2018-02-09 13:32:47,"x898188534695297025","vinicrios","@geraldoalckmin Um ótimo dia para você também. Tenha um ótimo final de semana em paz e com a benção de Deus.","Twitter for Android","x961904027775709184","x74215006","geraldoalckmin",FALSE,FALSE,1,0,,,,,,,,,,,,,,"x74215006","geraldoalckmin","pt",,,,,,,,,,,,,,"geraldoalckmin"
"x961935897548804098",2018-02-09 12:12:44,"x954559754441027586","MorcegoDo","@geraldoalckmin Igualmente","Twitter for Android","x961904027775709184","x74215006","geraldoalckmin",FALSE,FALSE,2,0,,,,,,,,,,,,,,"x74215006","geraldoalckmin","es",,,,,,,,,,,,,,"geraldoalckmin"
"x961923279022936064",2018-02-09 11:22:36,"x822422903169941504","lebazimom","@geraldoalckmin Igualmente","Twitter for iPhone","x961904027775709184","x74215006","geraldoalckmin",FALSE,FALSE,1,0,,,,,,,,,,,,,,"x74215006","geraldoalckmin","es",,,,,,,,,,,,,,"geraldoalckmin"
"x961921918390632448",2018-02-09 11:17:11,"x1630756729","fabioconeglian_","@geraldoalckmin Com certeza governador!!!","Twitter for Android","x961904027775709184","x74215006","geraldoalckmin",FALSE,FALSE,2,0,,,,,,,,,,,,,,"x74215006","geraldoalckmin","pt",,,,,,,,,,,,,,"geraldoalckmin"
"x961920561197838336",2018-02-09 11:11:48,"x1894627658","marinesanacleto","@geraldoalckmin Ótimo Dia!","Twitter for Android","x961904027775709184","x74215006","geraldoalckmin",FALSE,FALSE,2,0,,,,,,,,,,,,,,"x74215006","geraldoalckmin","pt",,,,,,,,,,,,,,"geraldoalckmin"
"x961919117191237632",2018-02-09 11:06:03,"x168490622","fabiosamucurici","@geraldoalckmin Bom dia meu futuro presidente <U+270C><U+270C><U+270C>","Twitter for Android","x961904027775709184","x74215006","geraldoalckmin",FALSE,FALSE,2,0,,,,,,,,,,,,,,"x74215006","geraldoalckmin","pt",,,,,,,,,,,,,,"geraldoalckmin"
"x961917687122231296",2018-02-09 11:00:22,"x953612813687312384","DrAndre_PSD","@geraldoalckmin Boa sexta-feira, Governador.","Twitter for iPhone","x961904027775709184","x74215006","geraldoalckmin",FALSE,FALSE,1,0,,,,,,,,,,,,,,"x74215006","geraldoalckmin","pt",,,,,,,,,,,,,,"geraldoalckmin"
"x961917310964502528",2018-02-09 10:58:53,"x63261908","vitoriomelo","@geraldoalckmin #GK2018! Bom dia, futuro Presidente!","Twitter for iPhone","x961904027775709184","x74215006","geraldoalckmin",FALSE,FALSE,1,0,"GK2018",,,,,,,,,,,,,"x74215006","geraldoalckmin","pt",,,,,,,,,,,,,,"geraldoalckmin"
"x961911222999437312",2018-02-09 10:34:41,"x234808356","_andrepacheco","@geraldoalckmin Boa ! <f0><U+009F><U+0091><U+008F><f0><U+009F><U+008F><U+00BC><f0><U+009F><U+0091><U+008F><f0><U+009F><U+008F><U+00BC>","Twitter for iPhone","x961904027775709184","x74215006","geraldoalckmin",FALSE,FALSE,1,0,,,,,,,,,,,,,,"x74215006","geraldoalckmin","und",,,,,,,,,,,,,,"geraldoalckmin"
"x961906948961722368",2018-02-09 10:17:42,"x960860006055890944","Rodrigu01692877","@geraldoalckmin Igualmente","Twitter for Android","x961904027775709184","x74215006","geraldoalckmin",FALSE,FALSE,1,0,,,,,,,,,,,,,,"x74215006","geraldoalckmin","es",,,,,,,,,,,,,,"geraldoalckmin"
"x961905121671237632",2018-02-09 10:10:26,"x961396933163134977","LuizAlb58342005","@geraldoalckmin Bom dia !!!","Twitter for Android","x961904027775709184","x74215006","geraldoalckmin",FALSE,FALSE,1,0,,,,,,,,,,,,,,"x74215006","geraldoalckmin","pt",,,,,,,,,,,,,,"geraldoalckmin"
"x961904832251682816",2018-02-09 10:09:17,"x630627116","rosanamcalixto","@geraldoalckmin Obrigada e igualmente governador","Twitter for Android","x961904027775709184","x74215006","geraldoalckmin",FALSE,FALSE,1,0,,,,,,,,,,,,,,"x74215006","geraldoalckmin","pt",,,,,,,,,,,,,,"geraldoalckmin"
"x961904485827215361",2018-02-09 10:07:55,"x191068627","sf79","@geraldoalckmin Contamos com o seu empenho e sua habilidade para ajudar a aprovar a Reforma da Previdência. #todospelareforma","Twitter for Windows","x961904027775709184","x74215006","geraldoalckmin",FALSE,FALSE,2,0,"todospelareforma",,,,,,,,,,,,,"x74215006","geraldoalckmin","pt",,,,,,,,,,,,,,"geraldoalckmin"
"x961904339655839744",2018-02-09 10:07:20,"x773867551965212673","karllos_Afonsu","@geraldoalckmin Boa sexta e bom final de semana","Twitter for Android","x961904027775709184","x74215006","geraldoalckmin",FALSE,FALSE,1,0,,,,,,,,,,,,,,"x74215006","geraldoalckmin","pt",,,,,,,,,,,,,,"geraldoalckmin"
"x961717055572586499",2018-02-08 21:43:08,"x840914098464387072","Paulo_E_Menezes","@geraldoalckmin Espero vê-lo na presidência desse imenso país","Twitter for Android","x961713786620178433","x74215006","geraldoalckmin",FALSE,FALSE,3,0,,,,,,,,,,,,,,"x74215006","geraldoalckmin","pt",,,,,,,,,,,,,,"geraldoalckmin"
"x961715181125500929",2018-02-08 21:35:41,"x225236575","brunamariaeuz","@geraldoalckmin Rumo a 1 milhão","Twitter for Android","x961713786620178433","x74215006","geraldoalckmin",FALSE,FALSE,4,0,,,,,,,,,,,,,,"x74215006","geraldoalckmin","pt",,,,,,,,,,,,,,"geraldoalckmin"
"x958115206500114432",2018-01-29 23:10:40,"x122449640","rosangela_bolze","@Gutbyra @Viniciusouza2 Guara querido!
Sou paulista, politizada e crítica!

O ESTADO DE SÃO AULO RESISTIU 14 ANOS À SABOTAGEM DO @ptbrasil 

SEGUIMOS SENDO O ÚNICO ESTADO VIÁVEL GRAÇAS À ADMINISTRAÇÃO E COMPETÊNCIA DE @geraldoalckmin 

Sou #AlckminPresidente e RECOMENDO!

Beijos, sempre fui sua fã!","Twitter Web Client","x957998848844226560","x462652602","Gutbyra",FALSE,FALSE,11,4,"AlckminPresidente",,,,,,,,,,,,,"x462652602 602714906 39522911 74215006","Gutbyra Viniciusouza2 ptbrasil geraldoalckmin","pt",,,,,,,,,,,,,,"geraldoalckmin"
"x957988810998124545",2018-01-29 14:48:25,"x462652602","Gutbyra","Se não surgir candidato melhor, meu voto vai pra Geraldo Alckmin. O único que já dirige um país. Se SP  fosse independente, seria hoje a nação mais avançada do Continente. Portanto, estou votando em currículo. Votar em discurso nesse momento considero uma grande estupidez. Falei.","Twitter for Android",,,,FALSE,FALSE,671,161,,,,,,,,,,,,,,,,"pt",,,,,,,,,,,,,,"geraldoalckmin"
"x956141218525741057",2018-01-24 12:26:45,"x767341320587345920","Antoniasato1","@geraldoalckmin espero ...virar a página e voltarmos a crescer","Twitter Web Client","x956135088282132481","x74215006","geraldoalckmin",FALSE,FALSE,2,0,,,,,,,,,,,,,,"x74215006","geraldoalckmin","pt",,,,,,,,,,,,,,"geraldoalckmin"
"x956140896990433280",2018-01-24 12:25:28,"x2389458864","Sernitto","@geraldoalckmin Sábias palavras governador, confio em você para livrar nosso país dessa corja que só soube afundar nosso país e causar a crise atual. Alckmin 2018!","Twitter Web Client","x956135088282132481","x74215006","geraldoalckmin",FALSE,FALSE,1,0,,,,,,,,,,,,,,"x74215006","geraldoalckmin","pt",,,,,,,,,,,,,,"geraldoalckmin"
"x956137901133324289",2018-01-24 12:13:34,"x947876272809574400","Duraesfabio2018","@geraldoalckmin Aí estamos de acordo, Governador! A justiça julga, depois nas urnas é outro papo. abraço!","Twitter Web Client","x956135088282132481","x74215006","geraldoalckmin",FALSE,FALSE,1,0,,,,,,,,,,,,,,"x74215006","geraldoalckmin","pt",,,,,,,,,,,,,,"geraldoalckmin"
"x950737724667023360",2018-01-09 14:35:12,"x24781968","Zaga_Silos","Muita gente critica sem saber, mas com 335 km a região metropolitana de São Paulo tem uma das maiores redes de transportes sobre trilhos do mundo, e que dobrou de tamanho após seguidos governos do PSDB com #MarioCovas @geraldoalckmin @joseserra_ @alberto_goldman @geraldoalckmin https://t.co/JWBHCEq3NA","Twitter for iPhone",,,,FALSE,FALSE,24,3,"MarioCovas",,,,,"http://pbs.twimg.com/media/DTGy6V0X0AAfK3r.jpg","https://t.co/JWBHCEq3NA","https://twitter.com/Zaga_Silos/status/950737724667023360/photo/1","photo","http://pbs.twimg.com/media/DTGy6V0X0AAfK3r.jpg http://pbs.twimg.com/media/DTGy6VtWAAAe0id.jpg","https://t.co/JWBHCEq3NA https://t.co/JWBHCEq3NA","https://twitter.com/Zaga_Silos/status/950737724667023360/photo/1 https://twitter.com/Zaga_Silos/status/950737724667023360/photo/1",,"x74215006 34996429 583332621 74215006","geraldoalckmin joseserra_ alberto_goldman geraldoalckmin","pt",,,,,,,,,,,,,,"geraldoalckmin"
"x943456411643674624",2017-12-20 12:21:51,"x2389458864","Sernitto","@geraldoalckmin Agradeço ao nosso governador por sempre se preocupar em trazer novos projetos na área da saúde! Alckmin 2018!","Twitter Web Client","x943451704208580608","x74215006","geraldoalckmin",FALSE,FALSE,1,0,,,,,,,,,,,,,,"x74215006","geraldoalckmin","pt",,,,,,,,,,,,,,"geraldoalckmin"
"x943452402476347392",2017-12-20 12:05:55,"x362437895","cave_med","@geraldoalckmin As 10 melhores rodovias do Brasil estão aqui em São Paulo.  Fruto de trabalho feito com responsabilidade e competência.  Parabéns Governador. Alkmin presidente.","Twitter for Android","x943225463249481730","x74215006","geraldoalckmin",FALSE,FALSE,1,1,,,,,,,,,,,,,,"x74215006","geraldoalckmin","pt",,,,,,,,,,,,,,"geraldoalckmin"
"x940561703028297729",2017-12-12 12:39:19,"x2862263271","IrlEmbBrazil","With São Paulo State Governor discussing Ireland SP business links https://t.co/s6ZahX3nGV","Twitter for iPhone",,,,FALSE,FALSE,40,4,,,,,,"http://pbs.twimg.com/media/DQ2L379XcAEgryW.jpg","https://t.co/s6ZahX3nGV","https://twitter.com/IrlEmbBrazil/status/940561703028297729/photo/1","photo","http://pbs.twimg.com/media/DQ2L379XcAEgryW.jpg","https://t.co/s6ZahX3nGV","https://twitter.com/IrlEmbBrazil/status/940561703028297729/photo/1",,,,"pt",,,,,,,,,,,,,,"geraldoalckmin"
"x940561328841854976",2017-12-12 12:37:50,"x2862263271","IrlEmbBrazil","Com @governosp @geraldoalckmin Irlanda e São Paulo fazendo negócios juntos https://t.co/SSDrXVrNwR","Twitter for iPhone",,,,FALSE,FALSE,23,5,,,,,,"http://pbs.twimg.com/media/DQ2LigAXcAIFAO_.jpg","https://t.co/SSDrXVrNwR","https://twitter.com/IrlEmbBrazil/status/940561328841854976/photo/1","photo","http://pbs.twimg.com/media/DQ2LigAXcAIFAO_.jpg","https://t.co/SSDrXVrNwR","https://twitter.com/IrlEmbBrazil/status/940561328841854976/photo/1",,"x24746057 74215006","governosp geraldoalckmin","pt",,,,,,,,,,,,,,"geraldoalckmin"
"x939520431589076992",2017-12-09 15:41:40,"x50400579","PSDBnaCamara","Convenção é encerrada com o Hino Nacional! https://t.co/grBh1gkuTA","Twitter for Android",,,,FALSE,FALSE,33,5,,,,,,"http://pbs.twimg.com/media/DQnY1PzW0AAPWKz.jpg","https://t.co/grBh1gkuTA","https://twitter.com/PSDBnaCamara/status/939520431589076992/photo/1","photo","http://pbs.twimg.com/media/DQnY1PzW0AAPWKz.jpg","https://t.co/grBh1gkuTA","https://twitter.com/PSDBnaCamara/status/939520431589076992/photo/1",,,,"pt",,,,,,,,,,,,,,"geraldoalckmin"
"x939520168224526336",2017-12-09 15:40:38,"x39931528","Rede45","@geraldoalckmin Nossa indignação e nossa coragem juntas vão mudar o Brasil!!! https://t.co/JKxlxJD7Qz","Twitter Web Client",,"x74215006","geraldoalckmin",FALSE,FALSE,100,21,,,,,,"http://pbs.twimg.com/media/DQnYhv9W0AASYoh.jpg","https://t.co/JKxlxJD7Qz","https://twitter.com/Rede45/status/939520168224526336/photo/1","photo","http://pbs.twimg.com/media/DQnYhv9W0AASYoh.jpg","https://t.co/JKxlxJD7Qz","https://twitter.com/Rede45/status/939520168224526336/photo/1",,"x74215006","geraldoalckmin","pt",,,,,,,,,,,,,,"geraldoalckmin"
"x939517915543502848",2017-12-09 15:31:41,"x39931528","Rede45","“As urnas condenarão o PT por ter sequestrado a esperança da nossa juventude; por atirar pela janela a nossa autoestima” https://t.co/MtfiERlgpt","Twitter for iPhone",,,,FALSE,FALSE,154,35,,,,,,"http://pbs.twimg.com/media/DQnWjMAWkAA678Q.jpg","https://t.co/MtfiERlgpt","https://twitter.com/Rede45/status/939517915543502848/photo/1","photo","http://pbs.twimg.com/media/DQnWjMAWkAA678Q.jpg","https://t.co/MtfiERlgpt","https://twitter.com/Rede45/status/939517915543502848/photo/1",,,,"pt",,,,,,,,,,,,,,"geraldoalckmin"
"x939507568195653632",2017-12-09 14:50:34,"x50400579","PSDBnaCamara","PSDB conta com história, quadros e propostas em favor da transformação, afirma @marcus_pestana 
https://t.co/lJj27qX6TQ https://t.co/88Y0wzqZXU","Twitter Web Client",,,,FALSE,FALSE,16,2,,,"psdbnacamara.com.br/2017/12/09/psd…","https://t.co/lJj27qX6TQ","http://psdbnacamara.com.br/2017/12/09/psdb-conta-com-historia-quadros-e-propostas-em-favor-da-transformacao-afirma-pestana/","http://pbs.twimg.com/media/DQnNH4lWAAE662z.jpg","https://t.co/88Y0wzqZXU","https://twitter.com/PSDBnaCamara/status/939507568195653632/photo/1","photo","http://pbs.twimg.com/media/DQnNH4lWAAE662z.jpg","https://t.co/88Y0wzqZXU","https://twitter.com/PSDBnaCamara/status/939507568195653632/photo/1",,"x143072413","marcus_pestana","pt",,,,,,,,,,,,,,"geraldoalckmin"
"x939505767786442753",2017-12-09 14:43:24,"x50400579","PSDBnaCamara","União marca Convenção Nacional do PSDB, avalia @DepVecci45 https://t.co/dTbrOHlFOe https://t.co/KRBmy09bPW","Twitter Web Client",,,,FALSE,FALSE,10,2,,,"psdbnacamara.com.br/2017/12/09/uni…","https://t.co/dTbrOHlFOe","http://psdbnacamara.com.br/2017/12/09/uniao-marca-convencao-nacional-do-psdb-avalia-giuseppe-vecci/","http://pbs.twimg.com/media/DQnLWRgW4AAaifw.jpg","https://t.co/KRBmy09bPW","https://twitter.com/PSDBnaCamara/status/939505767786442753/photo/1","photo","http://pbs.twimg.com/media/DQnLWRgW4AAaifw.jpg","https://t.co/KRBmy09bPW","https://twitter.com/PSDBnaCamara/status/939505767786442753/photo/1",,"x306209822","DepVecci45","pt",,,,,,,,,,,,,,"geraldoalckmin"
"x936650684220485632",2017-12-01 17:38:19,"x53493125","ArnaldoJardim","Meus amigos, estou agora com o nosso governador @geraldoalckmin para assinar o convênio com 11 municípios destinando recursos do Projeto #MicrobaciasII para readequação de de estradas rurais que facilitarão o escoamento da produção agrícola. <f0><U+009F><U+008C><U+00B3>","Twitter Web Client",,,,FALSE,FALSE,25,4,"MicrobaciasII",,,,,,,,,,,,,"x74215006","geraldoalckmin","pt",,,,,,,,,,,,,,"geraldoalckmin"
"x936346865062371331",2017-11-30 21:31:03,"x74215006","geraldoalckmin","Liberei R$ 66,7 milhões para incentivar o turismo no Estado. Com a verba, as prefeituras poderão fazer uma série de investimentos que vão beneficiar população local e visitantes. O turismo é uma importante atividade do Brasil, temos que aproveitar esse grande potencial econômico. https://t.co/nT4rycAkph","Twitter Web Client",,,,FALSE,FALSE,165,24,,,,,,"http://pbs.twimg.com/ext_tw_video_thumb/936346374370557952/pu/img/PL6LlC4HxXblM0ir.jpg","https://t.co/nT4rycAkph","https://twitter.com/geraldoalckmin/status/936346865062371331/video/1","photo","http://pbs.twimg.com/ext_tw_video_thumb/936346374370557952/pu/img/PL6LlC4HxXblM0ir.jpg","https://t.co/nT4rycAkph","https://twitter.com/geraldoalckmin/status/936346865062371331/video/1",,,,"pt",,,,,,,,,,,,,,"geraldoalckmin"
"x935953736551272448",2017-11-29 19:28:54,"x158096992","lualckmin_","https://t.co/iZbQ6lkzHN https://t.co/LuBDUkzan7","Twitter for iPhone",,,,FALSE,FALSE,47,4,,,"instagram.com/p/BcF0DaIhJ8U/","https://t.co/iZbQ6lkzHN","https://instagram.com/p/BcF0DaIhJ8U/","http://pbs.twimg.com/ext_tw_video_thumb/935953523241619456/pu/img/D1zViczvuuVLl_Eq.jpg","https://t.co/LuBDUkzan7","https://twitter.com/lualckmin_/status/935953736551272448/video/1","photo","http://pbs.twimg.com/ext_tw_video_thumb/935953523241619456/pu/img/D1zViczvuuVLl_Eq.jpg","https://t.co/LuBDUkzan7","https://twitter.com/lualckmin_/status/935953736551272448/video/1",,,,"und",,,,,,,,,,,,,,"geraldoalckmin"
"x935850102371037184",2017-11-29 12:37:06,"x100030125","ChinaBasquete","@geraldoalckmin Parabéns Governador Alckimim O Esporte e a cultura são ferramentas importantes para o desenvolvimento das crianças e adolescentes pois você trabalha com à parte física e mental contribuindo muito para a formação do caráter destes jovens Abraços fraternos do China","Twitter for iPhone","x935847231130873856","x74215006","geraldoalckmin",FALSE,FALSE,2,0,,,,,,,,,,,,,,"x74215006","geraldoalckmin","pt",,,,,,,,,,,,,,"geraldoalckmin"
"x930616647811035137",2017-11-15 02:01:13,"x223498270","alzira1910","@geraldoalckmin Boa noite !","Twitter for iPhone","x930603118827655169","x74215006","geraldoalckmin",FALSE,FALSE,1,0,,,,,,,,,,,,,,"x74215006","geraldoalckmin","pt",,,,,"https://api.twitter.com/1.1/geo/id/da9c6146b85b2a63.json","Peruíbe","Peruíbe, Brasil","city","Brazil","BR",,,"-47.1271495 -46.9001025 -46.9001025 -47.1271495 -24.4440651 -24.4440651 -24.1224992 -24.1224992","geraldoalckmin"
"x930608226256728064",2017-11-15 01:27:45,"x602154382","KeillaBoucas","@geraldoalckmin Boa noite,  querido!! Ótimo feriado para nós e feliz aniversário para mim!!","Twitter for Android","x930603118827655169","x74215006","geraldoalckmin",FALSE,FALSE,1,0,,,,,,,,,,,,,,"x74215006","geraldoalckmin","pt",,,,,,,,,,,,,,"geraldoalckmin"
"x930605956257460225",2017-11-15 01:18:44,"x181016716","LealGWallan","@geraldoalckmin Boa Noite Presidenciável dos sonhos  dos Brasileiros que querem um País  
avançando no Processo e Na Justiça Social #Alckmin2018","Twitter for Android","x930603118827655169","x74215006","geraldoalckmin",FALSE,FALSE,5,1,"Alckmin2018",,,,,,,,,,,,,"x74215006","geraldoalckmin","pt",,,,,"https://api.twitter.com/1.1/geo/id/f3587bc643e7d7b8.json","Belém","Belém, Brazil","city","Brazil","BR",,,"-48.623684 -48.295911 -48.295911 -48.623684 -1.526453 -1.526453 -1.019406 -1.019406","geraldoalckmin"
"x930603883541430272",2017-11-15 01:10:30,"x225763760","RICARDORANGEL45","@geraldoalckmin Boa noite melhor gestor e governador do BRASIL #geraldoalckmin #45 @geraldoalckmin @governosp https://t.co/bJZxPI98C3","Twitter for Android","x930603118827655169","x74215006","geraldoalckmin",TRUE,FALSE,4,2,"geraldoalckmin",,"twitter.com/geraldoalckmin…","https://t.co/bJZxPI98C3","https://twitter.com/geraldoalckmin/status/930603118827655169",,,,,,,,,"x74215006 74215006 24746057","geraldoalckmin geraldoalckmin governosp","pt","x930603118827655169","Boa noite a todos.",,,,,,,,,,,,"geraldoalckmin"
"x925343238793449474",2017-10-31 12:46:34,"x225763760","RICARDORANGEL45","@geraldoalckmin Eu acredito em um BRASIL melhor para nossos Filhos e Netos com #GeraldoAlckmin #45 Presidente do Brasil !!! @geraldoalckmin @governosp","Twitter for Android","x925332342532722688","x74215006","geraldoalckmin",FALSE,FALSE,2,1,"GeraldoAlckmin",,,,,,,,,,,,,"x74215006 74215006 24746057","geraldoalckmin geraldoalckmin governosp","pt",,,,,,,,,,,,,,"geraldoalckmin"
"x923996220862840832",2017-10-27 19:34:00,"x39931528","Rede45","Em artigo, @geraldoalckmin analisa a integração dos serviços de inteligência como caminho para o combate ao crime:  https://t.co/dYzQIXlbHR https://t.co/yxfiom5kxF","TweetDeck",,,,FALSE,FALSE,34,7,,,"psdb.vc/OeW97","https://t.co/dYzQIXlbHR","http://psdb.vc/OeW97","http://pbs.twimg.com/media/DNKR07_WkAYSDG8.jpg","https://t.co/yxfiom5kxF","https://twitter.com/Rede45/status/923996220862840832/photo/1","photo","http://pbs.twimg.com/media/DNKR07_WkAYSDG8.jpg","https://t.co/yxfiom5kxF","https://twitter.com/Rede45/status/923996220862840832/photo/1",,"x74215006","geraldoalckmin","pt",,,,,,,,,,,,,,"geraldoalckmin"
