"user_id","name","screen_name","location","description","url","protected","followers_count","friends_count","listed_count","statuses_count","favourites_count","account_created_at","verified","profile_url","profile_expanded_url","account_lang","profile_banner_url","profile_background_url","profile_image_url"
"x929689900819144705","Renova PSDB","RenovaPSDB","Brazil","Pela renovação do PSDB. Contato: renovapsdb@gmail.com",,FALSE,504,1820,4,931,613,2017-11-12 12:38:39,FALSE,,,"en","https://pbs.twimg.com/profile_banners/929689900819144705/1510490643",,"http://pbs.twimg.com/profile_images/929690885494894592/TxNp8G5__normal.jpg"
"x21101930","PSDB SP - Estadual","PSDB_SP","São Paulo","Twitter Oficial - Diretório Estadual do PSDB São Paulo","https://t.co/ubiQrlkX2R",FALSE,17373,1268,146,47316,606,2009-02-17 16:18:59,FALSE,"https://t.co/ubiQrlkX2R","http://www.tucano.org.br","pt","https://pbs.twimg.com/profile_banners/21101930/1478197214","http://pbs.twimg.com/profile_background_images/662121220/kk17o75ubdg6kqyf9ae2.jpeg","http://pbs.twimg.com/profile_images/794242888150450176/nb1mfLvG_normal.jpg"
"x74500609","Antonio Anastasia","Anastasia","Minas Gerais, Brasil","Senador da República. Ex-governador de Minas Gerais, Professor da UFMG e Mestre em Direito Administrativo.","https://t.co/7tBPb9Ko5i",FALSE,47653,115,684,3911,1614,2009-09-15 17:22:45,TRUE,"https://t.co/7tBPb9Ko5i","http://www.antonioanastasia.com.br","pt","https://pbs.twimg.com/profile_banners/74500609/1463094635","http://pbs.twimg.com/profile_background_images/618760206550499328/LrTf95F1.png","http://pbs.twimg.com/profile_images/709179718373920768/vGOhwCL6_normal.jpg"
"x211710999","thiago alvez","alvezthiago","Rio Branco-AC","Melhor que dinheiro achado!!! Bacharel em Direito.",,FALSE,480,2130,0,2303,2040,2010-11-04 01:07:01,FALSE,,,"es","https://pbs.twimg.com/profile_banners/211710999/1489267332","http://pbs.twimg.com/profile_background_images/174062997/DSC04227.JPG","http://pbs.twimg.com/profile_images/948813834986409984/yuNTbZVX_normal.jpg"
"x216646920","Carmelita Rezende","carmerezende","","",,FALSE,76,133,0,5026,34625,2010-11-17 10:23:12,FALSE,,,"en",,"http://abs.twimg.com/images/themes/theme1/bg.png","http://pbs.twimg.com/profile_images/939532737911848960/Vf9dYzJ2_normal.jpg"
"x928380705289228290","Evandro","tonyevandro","Minas Gerais","",,FALSE,1208,1116,1,350,520,2017-11-08 21:56:23,FALSE,,,"pt","https://pbs.twimg.com/profile_banners/928380705289228290/1520866219",,"http://pbs.twimg.com/profile_images/961348641385566208/LVJXK32s_normal.jpg"
"x223498270","Alzira Vasconcelos","alzira1910","","Deus no comando da minha vida e me ajudando  a ser melhor todos os dias !",,FALSE,39,182,0,2887,1806,2010-12-06 15:21:51,FALSE,,,"en",,"http://abs.twimg.com/images/themes/theme1/bg.png","http://pbs.twimg.com/profile_images/2348910733/image_normal.jpg"
"x1894627658","Marines Ap. Anacleto","marinesanacleto","","",,FALSE,859,423,66,111008,92207,2013-09-22 18:17:15,FALSE,,,"pt","https://pbs.twimg.com/profile_banners/1894627658/1483313855","http://abs.twimg.com/images/themes/theme4/bg.gif","http://pbs.twimg.com/profile_images/965973715744903168/s6PxyD4q_normal.jpg"
"x57819644","Wanda Kazak","WandinhaKazak","Brasil","SOU.... iluminada por todos os Santos...protegida por todos os Anjos...guiada por todos os Deuses...e Abençoada por todas as Crenças...",,FALSE,196,442,4,3352,4861,2009-07-18 01:45:06,FALSE,,,"pt","https://pbs.twimg.com/profile_banners/57819644/1487047886","http://pbs.twimg.com/profile_background_images/466940237965307904/21poSOiQ.jpeg","http://pbs.twimg.com/profile_images/888913065995120640/x8uHB_4j_normal.jpg"
"x2948493430","N Cotrim","CotrimNestor","São Paulo","O Brasil e seu povo são muito maiores do que partidos políticos. Repudiamos a corrupção e desejamos ver estes ladrões presos, independente de seu partido.",,FALSE,168,93,5,18348,213,2014-12-29 04:34:14,FALSE,,,"pt","https://pbs.twimg.com/profile_banners/2948493430/1425780204","http://abs.twimg.com/images/themes/theme1/bg.png","http://pbs.twimg.com/profile_images/574385274840555521/L91Lxn_1_normal.jpeg"
"x1630756729","Fabio Coneglian","fabioconeglian_","São Paulo, Brasil","Whatsapp: (11) 99991-4687
Skype: fabioconeglian10
Email: coneglian@uol.com.br","https://t.co/xMvm48mkiu",FALSE,375,90,2,11009,57435,2013-07-29 16:28:27,FALSE,"https://t.co/xMvm48mkiu","http://www.uol.com.br","pt","https://pbs.twimg.com/profile_banners/1630756729/1402947846","http://abs.twimg.com/images/themes/theme1/bg.png","http://pbs.twimg.com/profile_images/969869661805432832/R8DUe3_S_normal.jpg"
"x83512889","Miguel Teixeira Filho","_miguelteixeira","Joinville, SC, Brasil","Marido, pai,  conservador | advogado, governança corporativa, compliance, lei anticorrupção |  #Corinthians #clarinete | #Brasil   <f0><U+009F><U+0087><U+00A7><f0><U+009F><U+0087><U+00B7>","https://t.co/KJM0RWwcCu",FALSE,1488,997,17,12600,8219,2009-10-19 03:26:48,FALSE,"https://t.co/KJM0RWwcCu","http://www.teixeirafilho.adv.br","pt","https://pbs.twimg.com/profile_banners/83512889/1519218450","http://pbs.twimg.com/profile_background_images/93524561/BANCO.JPG","http://pbs.twimg.com/profile_images/977255103966130176/LRjttHtu_normal.jpg"
"x890254250743300097","Fabius Basílius","Basilius_2hot4u","Espírito Santo, Brazil","<f0><U+009F><U+0098><U+008E> Enófilo, de bem com a vida, engraçado, Pai, amo cachorro. Anti-PTRALHAS!",,FALSE,35,218,0,339,3749,2017-07-26 16:55:28,FALSE,,,"en",,,"http://pbs.twimg.com/profile_images/890317347667488769/9O86mtXe_normal.jpg"
"x2697139233","Cláudia","Anisisterc","","<f0><U+009F><U+0098><U+008A>",,FALSE,5,27,0,279,260,2014-07-11 01:48:31,FALSE,,,"pt","https://pbs.twimg.com/profile_banners/2697139233/1517493632","http://abs.twimg.com/images/themes/theme1/bg.png","http://pbs.twimg.com/profile_images/972178226054418432/yoU_jOC8_normal.jpg"
"x1585737726","Ronaldo Té (PSDB)","Ronaldo_Te_PSDB"," conchas .sp","sou jovem politico candidato a vereador do psdb produtor rural tecnico em agronegocios  coordernador de agricultura sou amigo do meio ambiente.",,FALSE,193,1045,4,4395,2825,2013-07-11 12:38:50,FALSE,,,"pt","https://pbs.twimg.com/profile_banners/1585737726/1429144516","http://pbs.twimg.com/profile_background_images/378800000032177625/970d68100b555ff578bc9b2e96248e65.jpeg","http://pbs.twimg.com/profile_images/526942328800292864/tuZ7I3Z9_normal.jpeg"
"x88445029","Paula Loureiro","Paulateacher1","Bauruland Brazil","",,FALSE,59,298,0,1966,5406,2009-11-08 15:52:21,FALSE,,,"pt","https://pbs.twimg.com/profile_banners/88445029/1418952550","http://abs.twimg.com/images/themes/theme1/bg.png","http://pbs.twimg.com/profile_images/545752659970777089/1VG8hoea_normal.jpeg"
"x57384528","Leonardo Felipe","leofelipesc","Florianópolis SC/Brazil","Projeto de economista, canceriano com ascendente em escorpião, logo um amorzinho, porém rancoroso. Admirador de uma boa música e filmes/séries/afins.",,FALSE,18,35,0,136,54,2009-07-16 17:06:09,FALSE,,,"en",,"http://abs.twimg.com/images/themes/theme1/bg.png","http://pbs.twimg.com/profile_images/3235485494/3c39fc4732c232d2277d854e13f099ed_normal.jpeg"
"x871906247901163520","Ricardo Yamana","YamanaRicardo","Santos, Brasil","Engenheiro Civil e Docente Universitário",,FALSE,14,150,0,114,355,2017-06-06 01:47:03,FALSE,,,"pt","https://pbs.twimg.com/profile_banners/871906247901163520/1496842255",,"http://pbs.twimg.com/profile_images/872445773723705345/KQ1ZrJ-C_normal.jpg"
"x225763760","RICARDO RANGEL","RICARDORANGEL45","Brasil","",,FALSE,700,3202,2,14932,19512,2010-12-12 11:31:59,FALSE,,,"pt","https://pbs.twimg.com/profile_banners/225763760/1464195753","http://abs.twimg.com/images/themes/theme19/bg.gif","http://pbs.twimg.com/profile_images/735515963005784065/Jf4aAMxP_normal.jpg"
"x937894211239731207","Wegdon Paulo<f0><U+009F><U+0087><U+00AE><f0><U+009F><U+0087><U+00B1>","WegdonP","","Bolsonaristas avante SDV",,FALSE,407,383,2,5917,26520,2017-12-05 03:59:40,FALSE,,,"pt",,,"http://pbs.twimg.com/profile_images/943955982773780483/oNMeFq4O_normal.jpg"
"x57026858","Jonas Jr TIMBETA SDV","jonasajr","Fortaleza","",,FALSE,520,963,1,1167,1039,2009-07-15 14:13:43,FALSE,,,"pt",,"http://abs.twimg.com/images/themes/theme5/bg.gif","http://pbs.twimg.com/profile_images/389707001/DSC00435_normal.JPG"
"x46666392","Vasconcelos","in_saio","","",,FALSE,83,502,0,1762,228,2009-06-12 14:49:20,FALSE,,,"pt","https://pbs.twimg.com/profile_banners/46666392/1506369329","http://pbs.twimg.com/profile_background_images/442556021/sorvete.jpg","http://pbs.twimg.com/profile_images/3211090465/97a2b7877be6fc86059dc3e6acf44cf5_normal.jpeg"
"x857752384675737600","Reinaldo #SomostodosBrasil","ReinaldosomosBR","Brasil","""se vc quer a verdade, deve buscá-la por si mesmo"" https://t.co/28PBLSAiBO
https://t.co/pBh5RoXhoo   https://t.co/3An5YhmzEp",,FALSE,106,477,0,3491,5128,2017-04-28 00:24:39,FALSE,,,"pt","https://pbs.twimg.com/profile_banners/857752384675737600/1522356151","http://abs.twimg.com/images/themes/theme1/bg.png","http://pbs.twimg.com/profile_images/977659755073298432/HWc6bEy2_normal.jpg"
"x813246364989718528","Carlos Augusto","FarinaAllmax","Humaitá, Bento Gonçalves","Brasil Brasil Porto Alegre Tempo Últimas notícias Notícias",,FALSE,54,219,0,584,3862,2016-12-26 04:53:37,FALSE,,,"pt","https://pbs.twimg.com/profile_banners/813246364989718528/1511059983",,"http://pbs.twimg.com/profile_images/813256163626098689/2oAXaXHM_normal.jpg"
"x932002674719035394","Cláudio Amorim","Amorim_Qrv","Santos, Brasil","Sou um primata do gênero HOMO SAPIENS, masculino, orientação sexual hetero, com baixo nível de melanina. Anti-Moralistas Anti-Bolsolixo! Sigo quem segue<f0><U+009F><U+009A><U+0094><f0><U+009F><U+0087><U+00A7><f0><U+009F><U+0087><U+00B7><f0><U+009F><U+0095><U+00B5><U+FE0F><U+200D><U+2642><U+FE0F>","https://t.co/YypFGzGDiY",FALSE,1888,1889,1,23951,6892,2017-11-18 21:48:48,FALSE,"https://t.co/YypFGzGDiY","https://www.facebook.com/claudio.alvesdeamorim.73","pt","https://pbs.twimg.com/profile_banners/932002674719035394/1512791346","http://abs.twimg.com/images/themes/theme1/bg.png","http://pbs.twimg.com/profile_images/961455432249282560/8vdneUCA_normal.jpg"
"x288657026","Rinaldo de Jesus","rinaldodejesus","Brasil: São Paulo - SP","O Advogado é imprescindível para o exercício da defesa e realização da Justiça!","http://t.co/39JujWR9os",FALSE,554,1463,0,2484,2629,2011-04-27 07:23:03,FALSE,"http://t.co/39JujWR9os","http://www.facebook.com/rinaldodejesusfc","pt","https://pbs.twimg.com/profile_banners/288657026/1369899195","http://abs.twimg.com/images/themes/theme14/bg.gif","http://pbs.twimg.com/profile_images/2473849089/foto_normal.jpg"
"x47748051","Prudêncio Neto","prudencioneto","","",,FALSE,198,300,2,3218,180,2009-06-16 21:59:38,FALSE,,,"pt","https://pbs.twimg.com/profile_banners/47748051/1349292526","http://abs.twimg.com/images/themes/theme14/bg.gif","http://pbs.twimg.com/profile_images/1234257169/lyk09_normal.jpg"
"x73028030","<f0><U+009F><U+0087><U+00A7><f0><U+009F><U+0087><U+00B7>CerqueiraJF<f0><U+009F><U+0087><U+00AC><f0><U+009F><U+0087><U+00A7>","fcjffcjf","Itanhaém, Brasil","Eu vejo humanos, mas pouca humanidade. Suhanov.",,FALSE,134,594,0,4443,12344,2009-09-10 03:12:40,FALSE,,,"pt","https://pbs.twimg.com/profile_banners/73028030/1519780923","http://abs.twimg.com/images/themes/theme7/bg.gif","http://pbs.twimg.com/profile_images/882405746239033346/mBz4e6Bz_normal.jpg"
"x536424927","Van Ma","MmVmn","São Paulo","",,FALSE,10,206,0,256,368,2012-03-25 14:14:10,FALSE,,,"pt","https://pbs.twimg.com/profile_banners/536424927/1373468476","http://abs.twimg.com/images/themes/theme1/bg.png","http://pbs.twimg.com/profile_images/378800000114710624/e932dd4c02bb35514851d4340530f905_normal.jpeg"
"x792018164","@ghisimoes","ghisimoes","São Paulo, Brasil","Deus é nosso refúgio e fortaleza",,FALSE,215,410,2,18520,8802,2012-08-30 17:15:12,FALSE,,,"pt",,"http://abs.twimg.com/images/themes/theme1/bg.png","http://pbs.twimg.com/profile_images/720393297806639105/yAMeuF3P_normal.jpg"
"x844577954868932609","Rafael Sardeiro","RafaelSardeiro","","Enjoying the life, improving myself with love and focus!","https://t.co/0l2ui9p9Lp",FALSE,4,61,0,151,48,2017-03-22 15:54:10,FALSE,"https://t.co/0l2ui9p9Lp","https://www.linkedin.com/in/rafael-cezar-sardeiro-91bb84a2","pt",,,"http://pbs.twimg.com/profile_images/870049566883815424/sF-98H3H_normal.jpg"
"x24818341","Aurício Araújo","auricio","São Paulo - Brasil","Liberdade é pouco. O que eu desejo ainda não tem nome.","http://t.co/EOfiavagZT",FALSE,2257,4816,26,12286,388,2009-03-17 01:56:31,FALSE,"http://t.co/EOfiavagZT","http://bit.ly/9Af1RV","pt","https://pbs.twimg.com/profile_banners/24818341/1426970769","http://pbs.twimg.com/profile_background_images/260863295/green-butterfly-vector-design-1366x768.jpg","http://pbs.twimg.com/profile_images/2692336517/62e2d34111d84882a121d6feb6d5f685_normal.jpeg"
"x291804096","José Luiz Varella","luizvarellaator","São Paulo, Brasil","Professor de artes e ator <f0><U+009F><U+008D><U+008E>",,FALSE,401,81,2,20973,5,2011-05-02 16:55:36,FALSE,,,"pt","https://pbs.twimg.com/profile_banners/291804096/1521206727","http://abs.twimg.com/images/themes/theme19/bg.gif","http://pbs.twimg.com/profile_images/973572196806389760/CNl0ZTpU_normal.jpg"
"x2515990576","Nanperri","NanciPerri","São Paulo, Brasil","100% Corinthians!<U+2764><U+FE0F><U+2764><U+FE0F> 100% Anti PT !! 100% Brasil <f0><U+009F><U+0087><U+00A7><f0><U+009F><U+0087><U+00B7> sem privilégios! Paulistana .",,FALSE,1326,1241,12,36878,68296,2014-04-29 02:35:16,FALSE,,,"pt","https://pbs.twimg.com/profile_banners/2515990576/1476137674","http://abs.twimg.com/images/themes/theme1/bg.png","http://pbs.twimg.com/profile_images/848004496437456898/Dj0njJET_normal.jpg"
"x3903528703","João Alvarenga","joaooalvarenga","SP, Brasil","23, mineiro, uber driver, vendedor de hinode, quase jornalista. Interessado em Judiciário, política e polícia. Ex-gerente da #Rio2016 e editor do @ultimasbrasil","https://t.co/XTPy5FruTH",FALSE,538,1561,11,12394,1397,2015-10-15 14:14:13,FALSE,"https://t.co/XTPy5FruTH","https://osdivergentes.com.br/author/joaogabriel/","pt","https://pbs.twimg.com/profile_banners/3903528703/1444919492","http://abs.twimg.com/images/themes/theme1/bg.png","http://pbs.twimg.com/profile_images/852658192324722689/0Jjo25C1_normal.jpg"
"x4788486461","SAMPAulistaNA","SAMPAulistaNA","","#BichUrbanUconfiável
#SAMPAéPOESiAéAFETOnoCONCRETO
<U+2764><U+26AA><U+26AB>#SoberanoSPFClubeAMADO<f0><U+009F><U+0092><U+0096><f0><U+009F><U+008C><U+009F><U+2B50><f0><U+009F><U+008C><U+009F><f0><U+009F><U+008E><U+00BC>ROMPi com o MUNDO
QUEiMEi meus NAViOS
ME diz pra ONDE é que
inda posso ir<f0><U+009F><U+008E><U+00B6>",,FALSE,243,241,20,13996,13710,2016-01-12 22:55:54,FALSE,,,"pt","https://pbs.twimg.com/profile_banners/4788486461/1520187801",,"http://pbs.twimg.com/profile_images/885225308189798400/CCVw-QN3_normal.jpg"
"x965967426386055169","Ricardo Permagnani dos Santos","rpermagnani","","",,FALSE,4,34,0,298,237,2018-02-20 15:12:36,FALSE,,,"en",,,"http://pbs.twimg.com/profile_images/968278414678478848/3E90-x5I_normal.jpg"
"x184415542","Bruno Pereira<f0><U+009F><U+0087><U+00A7><f0><U+009F><U+0087><U+00B7><f0><U+009F><U+0087><U+00A7><f0><U+009F><U+0087><U+00AA><f0><U+009F><U+0087><U+00A6><f0><U+009F><U+0087><U+00B7>","KellzBruno","São Paulo, Brasil","Opinions change but you cannot change facts. #GoSpursGO",,FALSE,46,173,1,1419,127,2010-08-29 14:07:05,FALSE,,,"pt","https://pbs.twimg.com/profile_banners/184415542/1521223155","http://pbs.twimg.com/profile_background_images/563542157/Lamborghini-Aventador-Wallpaper_1_.jpg","http://pbs.twimg.com/profile_images/960549305596678145/-fTznAIK_normal.jpg"
"x935664601596821511","Reynaldo","ReyGaboni","São Paulo - SP","Fanático pelo @SantosFC e pelo Brasil (o País e não o time)!",,FALSE,8,38,0,275,27,2017-11-29 00:19:59,FALSE,,,"pt","https://pbs.twimg.com/profile_banners/935664601596821511/1516667184",,"http://pbs.twimg.com/profile_images/955598095722663936/9yt3qRIe_normal.jpg"
"x78777176","Polyptica","polyptica","Brasil","Ideologia é vida, política é caminho, partidos são cafetões e políticos são meretrizes. Nem direita, nem esquerda - cada cabeça uma sentença.","https://t.co/GX8IEnWAHf",FALSE,186,411,0,2233,1465,2009-10-01 02:24:34,FALSE,"https://t.co/GX8IEnWAHf","http://polyptica.wordpress.com/","pt","https://pbs.twimg.com/profile_banners/78777176/1503044315","http://abs.twimg.com/images/themes/theme1/bg.png","http://pbs.twimg.com/profile_images/954719358693101568/rW-gxzzE_normal.jpg"
"x56214441","Rodrigo Queiroz","rodrigoaqueiroz","Caruaru/PE","Contador",,FALSE,281,1328,0,2036,2466,2009-07-12 22:48:44,FALSE,,,"pt","https://pbs.twimg.com/profile_banners/56214441/1381227193","http://abs.twimg.com/images/themes/theme1/bg.png","http://pbs.twimg.com/profile_images/608065669586927616/4gJ05dzk_normal.jpg"
"x884442554611236864","Allan Dias","allandias96","Liberdade, São Paulo","Estudante de direito <f0><U+009F><U+0099><U+008F> <f0><U+009F><U+0093><U+0096><f0><U+009F><U+0093><U+009A><U+2696><U+FE0F>
Santista fanático<U+2764><U+FE0F><f0><U+009F><U+0098><U+00B7><f0><U+009F><U+0090><U+008B>
amo música eletrônica<U+2764><U+FE0F>",,FALSE,11,230,0,36,190,2017-07-10 16:01:51,FALSE,,,"pt","https://pbs.twimg.com/profile_banners/884442554611236864/1520208116",,"http://pbs.twimg.com/profile_images/967811612613758976/-CXI25Zp_normal.jpg"
"x963576334579568640","Fabio Jr","Fabio2018jr","São Paulo, Brasil","Pitadas de psicopatia<f0><U+009F><U+00A4><U+00AA>",,FALSE,118,979,1,3051,1768,2018-02-14 00:51:15,FALSE,,,"pt","https://pbs.twimg.com/profile_banners/963576334579568640/1518918847",,"http://pbs.twimg.com/profile_images/976975360989548546/CI4_V2VT_normal.jpg"
"x621504925","jean patricio","jeanpatricio3","serra talhada. pernambuco","JEAN CAR.
EU VOU COM FÉ!",,FALSE,24,183,0,115,271,2012-06-29 02:37:08,FALSE,,,"pt",,"http://abs.twimg.com/images/themes/theme1/bg.png","http://pbs.twimg.com/profile_images/824290427847188483/DHcBRQGd_normal.jpg"
"x24781968","Zaga Silos <f0><U+009F><U+0087><U+00A7><f0><U+009F><U+0087><U+00B7>","Zaga_Silos","Sao Paulo / Brasil","Quero acordar neste mundo, depois das surras do vento, terra, chuva, neve e mares revoltos, que gritam para nos chamar por uma vida mais calma e simples!",,FALSE,6588,4457,75,220483,463,2009-03-16 22:15:27,FALSE,,,"pt","https://pbs.twimg.com/profile_banners/24781968/1358032142","http://pbs.twimg.com/profile_background_images/762347767/e8cfc0e210d25ec2a5fce45920bf72ad.jpeg","http://pbs.twimg.com/profile_images/918667141267820545/DVEBpMDb_normal.jpg"
"x891024858259353601","Edilson","Edilson43194517","","",,FALSE,3,95,0,195,21,2017-07-28 19:57:35,FALSE,,,"pt",,,"http://abs.twimg.com/sticky/default_profile_images/default_profile_normal.png"
"x180949053","Marcio Remédio","MarcioRemedio","","Geólogo",,FALSE,30,98,1,185,2587,2010-08-20 22:33:32,FALSE,,,"pt","https://pbs.twimg.com/profile_banners/180949053/1496784020","http://abs.twimg.com/images/themes/theme1/bg.png","http://pbs.twimg.com/profile_images/872200432772370432/g82H6yk5_normal.jpg"
"x898188534695297025","Vinícius Rios","vinicrios","São Paulo, Brasil","",,FALSE,19,114,0,82,250,2017-08-17 14:23:29,FALSE,,,"pt","https://pbs.twimg.com/profile_banners/898188534695297025/1517834488",,"http://pbs.twimg.com/profile_images/960334923017195521/_C1ROkTS_normal.jpg"
"x954559754441027586","<f0><U+009F><U+0098><U+0098>gatinho Do Shopping","MorcegoDo","Carapicuíba, Brasil","querem me ver triste . entao toma meu sorriso......",,FALSE,65,270,0,1222,3022,2018-01-20 03:42:35,FALSE,,,"en",,,"http://pbs.twimg.com/profile_images/975571566569443328/_x-cUvkj_normal.jpg"
"x822422903169941504","Maria Izabel","lebazimom","Guarulhos, Brasil","O que é de um, e pra todos",,FALSE,0,38,0,62,24,2017-01-20 12:37:54,FALSE,,,"pt","https://pbs.twimg.com/profile_banners/822422903169941504/1484916569",,"http://pbs.twimg.com/profile_images/822425672811421696/CVbl87dE_normal.jpg"
"x168490622","Fábio Sá","fabiosamucurici","BRASIL","“Faça aos outros tudo o que você quer que façam com você"". 
Mt 7.12",,FALSE,325,1200,0,5009,4509,2010-07-19 13:38:57,FALSE,,,"pt","https://pbs.twimg.com/profile_banners/168490622/1495743672","http://abs.twimg.com/images/themes/theme14/bg.gif","http://pbs.twimg.com/profile_images/965540335786037248/_NCO66o__normal.jpg"
"x953612813687312384","Dr André Luís","DrAndre_PSD","Curitiba, Brasil","Médico cristão, preocupado com a politica local e nacional. Filiado ao PSD",,FALSE,21,191,0,348,20,2018-01-17 12:59:46,FALSE,,,"pt","https://pbs.twimg.com/profile_banners/953612813687312384/1516986428",,"http://pbs.twimg.com/profile_images/967496424337395713/5A-Iormm_normal.jpg"
"x63261908","vitorio melo","vitoriomelo","Brasilia-DF Brazil","",,FALSE,82,904,2,2410,4815,2009-08-05 21:26:04,FALSE,,,"en",,"http://abs.twimg.com/images/themes/theme1/bg.png","http://pbs.twimg.com/profile_images/2433655596/IMG-20120301-00177_normal.jpg"
"x234808356","André Luis","_andrepacheco","Brasil","Amor pela minha família",,FALSE,366,1245,2,3457,10614,2011-01-06 16:33:20,FALSE,,,"pt",,"http://pbs.twimg.com/profile_background_images/200533846/nvbasmentglow_twitter.br.jpg","http://pbs.twimg.com/profile_images/922609415479586817/nlEBTp3h_normal.jpg"
"x960860006055890944","Rodrigues","Rodrigu01692877","Bahia, Brasil","Sou contra a esquerda e contra Bolsonaro. Apoio o estado mínimo e o livre pensar. Detesto esse povo que fala de intervenção",,FALSE,169,292,0,7008,5267,2018-02-06 12:57:32,FALSE,,,"pt","https://pbs.twimg.com/profile_banners/960860006055890944/1519389608",,"http://pbs.twimg.com/profile_images/966646747626967041/o-EyOBk2_normal.jpg"
"x961396933163134977","Luiz Alberto","LuizAlb58342005","","Pai, marido e amo minha família !!!",,FALSE,5,236,0,97,1038,2018-02-08 00:31:05,FALSE,,,"en",,,"http://pbs.twimg.com/profile_images/976773840356413440/Vo2rsW5j_normal.jpg"
"x630627116","Rosana Maria Calixto","rosanamcalixto","Lins, São Paulo","Amo a vida, amo meus netos, passear.
Professora.",,FALSE,105,224,0,918,1371,2012-07-09 00:05:13,FALSE,,,"pt","https://pbs.twimg.com/profile_banners/630627116/1519950797","http://pbs.twimg.com/profile_background_images/775691749/be9b2e3165fc5228a907c5e6b8b7930c.jpeg","http://pbs.twimg.com/profile_images/975066869114851329/F0AHv-4p_normal.jpg"
"x191068627","Carlos Eduardo S.F.","sf79","","Se está ruim pra mim, imagina pra classe média !",,FALSE,438,260,7,33400,44047,2010-09-15 14:51:00,FALSE,,,"pt","https://pbs.twimg.com/profile_banners/191068627/1465237097","http://abs.twimg.com/images/themes/theme1/bg.png","http://pbs.twimg.com/profile_images/875798338280534016/D2Gz98su_normal.jpg"
"x773867551965212673","Carlos Afonso","karllos_Afonsu","Araras, Brasil","O segredo para ser feliz é aceitar onde você está hoje na vida, e dar o melhor de si todos os dias.",,FALSE,31,184,0,721,545,2016-09-08 12:56:17,FALSE,,,"pt","https://pbs.twimg.com/profile_banners/773867551965212673/1473341143",,"http://pbs.twimg.com/profile_images/963581750889910272/laMTonZ-_normal.jpg"
"x840914098464387072","paulo elias menezes","Paulo_E_Menezes","Araraquara, Brasil","Crente em Cristo, salvo justificado em processo de santificação, preservado e brevemente habitante do céu, somente pela Graça.",,FALSE,342,1023,0,11826,14805,2017-03-12 13:15:19,FALSE,,,"pt","https://pbs.twimg.com/profile_banners/840914098464387072/1489941029","http://abs.twimg.com/images/themes/theme1/bg.png","http://pbs.twimg.com/profile_images/966027950813564928/UVfIjBYZ_normal.jpg"
"x225236575","Bruna Maria Euzébio","brunamariaeuz","Atibaia-SP","trabalho na Floricultura Jasmim...tenho
cursos de Auxiliar de RH , Auxiliar de Contabilidade e Marketing 
estudo na ETEC-Tecnico de Informática,em 2019 FATEC",,FALSE,434,1000,6,17973,988,2010-12-11 02:10:32,FALSE,,,"pt","https://pbs.twimg.com/profile_banners/225236575/1519149278","http://abs.twimg.com/images/themes/theme11/bg.gif","http://pbs.twimg.com/profile_images/978997837135601666/pzU9fyo5_normal.jpg"
"x122449640","Rosangela Bolze","rosangela_bolze","São Paulo - Brasil","Psicóloga e Pesquisadora de Marketing e Comunicação Ser Político Do Bem Anti Petralha #ForaPT #LulaNaCadeia #SomosTodosMoro #LavaJato #10Medidas #RenanNaCadeia",,FALSE,34987,15690,117,365425,392254,2010-03-12 19:07:56,FALSE,,,"pt","https://pbs.twimg.com/profile_banners/122449640/1490804507","http://pbs.twimg.com/profile_background_images/574126724/lykgyigua3afn6p2gja0.jpeg","http://pbs.twimg.com/profile_images/977570844787593217/tscEIUGz_normal.jpg"
"x462652602","Guarabyra","Gutbyra","","Vago mas empolgante","http://t.co/vAF4qIuvoA",FALSE,20850,451,42,7484,1185,2012-01-13 05:50:01,FALSE,"http://t.co/vAF4qIuvoA","http://www.germinaliteratura.com.br/gutbyra.htm","pt",,"http://abs.twimg.com/images/themes/theme1/bg.png","http://pbs.twimg.com/profile_images/1773982182/Guarabyra_-_normal.jpg"
"x767341320587345920","Antonia Sato","Antoniasato1","São Paulo, Brasil","",,FALSE,193,2100,1,722,448,2016-08-21 12:43:22,FALSE,,,"pt","https://pbs.twimg.com/profile_banners/767341320587345920/1516363347",,"http://pbs.twimg.com/profile_images/978406746015268864/YD52xVEQ_normal.jpg"
"x2389458864","Lucas Serni","Sernitto","","",,FALSE,7,1,0,150,153,2014-03-14 16:49:58,FALSE,,,"pt",,"http://abs.twimg.com/images/themes/theme1/bg.png","http://pbs.twimg.com/profile_images/661179005509509120/HYCgxCH1_normal.jpg"
"x947876272809574400","Fabio Durães","Duraesfabio2018","","",,FALSE,100,1375,0,3475,1671,2018-01-01 17:04:48,FALSE,,,"pt","https://pbs.twimg.com/profile_banners/947876272809574400/1517786893",,"http://pbs.twimg.com/profile_images/959920012596252672/2W3a1ufw_normal.jpg"
"x362437895","alessandro jpg","cave_med","","",,FALSE,17,89,0,129,588,2011-08-26 11:56:41,FALSE,,,"pt","https://pbs.twimg.com/profile_banners/362437895/1514373682","http://abs.twimg.com/images/themes/theme1/bg.png","http://pbs.twimg.com/profile_images/948190138663874560/PvRzwh9r_normal.jpg"
"x2862263271","Irish Embassy Brazil","IrlEmbBrazil","Brasilia, Brazil","News about Ireland from the Irish Embassy team in Brasilia. 
Twitter Policy: http://t.co/682DbKuo6G","http://t.co/AaUzwSGaLy",FALSE,1545,212,60,2591,6831,2014-11-05 11:31:53,TRUE,"http://t.co/AaUzwSGaLy","http://web.dfa.ie/home/index.aspx?id=71136","en","https://pbs.twimg.com/profile_banners/2862263271/1415187785","http://abs.twimg.com/images/themes/theme1/bg.png","http://pbs.twimg.com/profile_images/529961626221285376/s8XhLKOL_normal.jpeg"
"x50400579","PSDB na Câmara","PSDBnaCamara","Brasília","Perfil oficial da Liderança do PSDB na Câmara dos Deputados","http://t.co/Vfo3E57dIK",FALSE,29605,7297,274,40853,21,2009-06-24 19:07:01,TRUE,"http://t.co/Vfo3E57dIK","http://www.psdbnacamara.com.br","pt","https://pbs.twimg.com/profile_banners/50400579/1486080522","http://pbs.twimg.com/profile_background_images/371907670/2012background.jpg","http://pbs.twimg.com/profile_images/703229516106354688/csKjkm_K_normal.jpg"
"x39931528","PSDB","Rede45","Brasil","","http://t.co/r8C2B7KKyY",FALSE,608500,716,908,59858,658,2009-05-14 04:59:04,TRUE,"http://t.co/r8C2B7KKyY","http://www.psdb.org.br/","pt","https://pbs.twimg.com/profile_banners/39931528/1519319560","http://pbs.twimg.com/profile_background_images/591885548/eyb1a0gt2gpexks8fpfv.jpeg","http://pbs.twimg.com/profile_images/924942976450813952/PcEIosBK_normal.jpg"
"x53493125","Arnaldo Jardim","ArnaldoJardim","São Paulo - SP","Arnaldo Jardim é Secretário de Agricultura e Abastecimento do Estado de São Paulo","http://t.co/fffbFCqy8P",FALSE,5174,388,207,13897,5118,2009-07-03 20:42:42,FALSE,"http://t.co/fffbFCqy8P","http://www.arnaldojardim.com.br","pt","https://pbs.twimg.com/profile_banners/53493125/1510594856","http://abs.twimg.com/images/themes/theme13/bg.gif","http://pbs.twimg.com/profile_images/976475369372049408/_bPMQPq0_normal.jpg"
"x74215006","Geraldo Alckmin","geraldoalckmin","São Paulo, Brasil","Governador do Estado de São Paulo reeleito, pelo PSDB, com 12.230.807 votos.","https://t.co/uoG8UKMCLL",FALSE,972676,415,2751,32521,109,2009-09-14 17:49:29,TRUE,"https://t.co/uoG8UKMCLL","http://www.geraldoalckmin.com.br","pt","https://pbs.twimg.com/profile_banners/74215006/1515498462","http://pbs.twimg.com/profile_background_images/194564561/twitter-geraldoalckmin_v06.jpg","http://pbs.twimg.com/profile_images/950690907673767936/57Ujdqvr_normal.jpg"
"x158096992","Lu Alckmin","lualckmin_","São Paulo","Nasci em São Paulo em uma família numerosa e unida, casei com meu grande amor e tivemos três filhos e seis netos, juntos eles são a razão da minha vida!","https://t.co/z9eeo0FPeX",FALSE,24161,24,199,8555,55,2010-06-21 19:36:15,TRUE,"https://t.co/z9eeo0FPeX","http://www.fundosocial.sp.gov.br","en","https://pbs.twimg.com/profile_banners/158096992/1506521356","http://pbs.twimg.com/profile_background_images/115629640/TWITTER_LU_PAGINA_DE_FUNDO.jpg","http://pbs.twimg.com/profile_images/501514140880756737/Nv8OFTEf_normal.jpeg"
"x100030125","Antonio Netto(China)","ChinaBasquete","Brasil","Jogador de Basquete Senior e Empreendedor","https://t.co/puIwHJJPvu",FALSE,307,749,2,2116,5832,2009-12-28 19:41:22,FALSE,"https://t.co/puIwHJJPvu","http://www.chinabasquete.com","pt","https://pbs.twimg.com/profile_banners/100030125/1475153888","http://abs.twimg.com/images/themes/theme1/bg.png","http://pbs.twimg.com/profile_images/781477978542931968/-N80zas7_normal.jpg"
"x602154382","Keilla Bouças","KeillaBoucas","Jardim Do Ingá, Luziânia","",,FALSE,40,370,0,770,1673,2012-06-07 19:52:40,FALSE,,,"pt","https://pbs.twimg.com/profile_banners/602154382/1505691234","http://abs.twimg.com/images/themes/theme1/bg.png","http://pbs.twimg.com/profile_images/937154757952753664/lzeDSeBv_normal.jpg"
"x181016716","Leal G.Wallan","LealGWallan","Brasil/Amazônia/Pará ","<U+25E3><U+2605><U+25E5> Rede Sociais Avança Pará  <U+25E3><U+2605><U+25E5>  consultor de redes Sociais e Markentig Político (GuruDaWEB) - Publicitário kabbalysta Hebraico - Embaixador do Mashiach <f0><U+009F><U+0094><U+00AF><f0><U+009F><U+0091><U+0091><U+303D>","https://t.co/2aYJQItSfs",FALSE,1476,2550,17,20060,316,2010-08-21 02:10:29,FALSE,"https://t.co/2aYJQItSfs","https://www.facebook.com/walan.lealwgomez","pt","https://pbs.twimg.com/profile_banners/181016716/1463920845","http://pbs.twimg.com/profile_background_images/533365801592434688/EGGde-aK.jpeg","http://pbs.twimg.com/profile_images/920759083250192385/VTFFnE6f_normal.jpg"
