"user_id","name","screen_name","location","description","url","protected","followers_count","friends_count","listed_count","statuses_count","favourites_count","account_created_at","verified","profile_url","profile_expanded_url","account_lang","profile_banner_url","profile_background_url","profile_image_url"
"x4400597716","Laura Carvalho","lauraabcarvalho","Sao Paulo, Brazil","Economist, Professor at University of São Paulo, PhD from @TheNewSchool, weekly columnist at @folha.","https://t.co/j3nn9lQ5si",FALSE,18644,273,165,1414,1955,2015-12-07 03:11:44,TRUE,"https://t.co/j3nn9lQ5si","http://www1.folha.uol.com.br/colunas/laura-carvalho/","pt","https://pbs.twimg.com/profile_banners/4400597716/1521122102","http://abs.twimg.com/images/themes/theme1/bg.png","http://pbs.twimg.com/profile_images/974283186715938816/FPY0pP-s_normal.jpg"
"x70799317","UOL","UOL","Brasil","Perfil oficial do UOL. Acompanhe em tempo real as manchetes do maior provedor de conteúdo em língua portuguesa do mundo.","http://t.co/w6eEBBFJKp",FALSE,1003269,133,2525,251280,488,2009-09-01 22:02:44,TRUE,"http://t.co/w6eEBBFJKp","http://www.uol.com.br/","pt","https://pbs.twimg.com/profile_banners/70799317/1491430900","http://pbs.twimg.com/profile_background_images/764291299/5a9975f4133497ab76435251d7838f6a.jpeg","http://pbs.twimg.com/profile_images/848939001419628544/fhuqbWxL_normal.jpg"
"x58921943","Fred Melo Paiva","fredmelopaiva","","Jornalista das séries Cidade Ocupada (Gazeta) e O Infiltrado (History). Colunista do Estado de Minas. Autor de 'Bandido Raça Pura', entre outros.",,FALSE,45694,598,168,13712,7695,2009-07-21 21:08:01,TRUE,,,"en","https://pbs.twimg.com/profile_banners/58921943/1508833277","http://abs.twimg.com/images/themes/theme1/bg.png","http://pbs.twimg.com/profile_images/922739752138362881/iUrMMNne_normal.jpg"
"x695417461634502656","Angela Boldrini","angelaboldrini_","Brasília, Brasil","repórter da @folha na capital federal, ex-@folha_poder e @folhailustrada. Tem muito sotaque paulistano e três gatos: o mia, a morgana e o atum // RT não é apoio","https://t.co/Z1pHIqCWTl",FALSE,1583,1042,31,1821,1909,2016-02-05 01:23:37,FALSE,"https://t.co/Z1pHIqCWTl","http://www.folha.uol.com.br/","pt","https://pbs.twimg.com/profile_banners/695417461634502656/1499460776","http://abs.twimg.com/images/themes/theme1/bg.png","http://pbs.twimg.com/profile_images/931278315410817024/ffK54Ueo_normal.jpg"
"x13653812","Pablo Villaça","pablovillaca","Belo Horizonte","Escritor, crítico de cinema desde 1994 e diretor do @cinemaemcena. Quer saber mais sobre mim? Sério?!  Então…https://t.co/5HME28u1Q6","https://t.co/hSTmJ6LFo8",FALSE,229838,144,1005,149190,2906,2008-02-19 02:44:33,TRUE,"https://t.co/hSTmJ6LFo8","http://www.cinemaemcena.com.br","pt","https://pbs.twimg.com/profile_banners/13653812/1510949351","http://pbs.twimg.com/profile_background_images/88604659/pablocec.jpg","http://pbs.twimg.com/profile_images/841100686062452736/A82b4kF4_normal.jpg"
"x311601642","Eric Coquerel","ericcoquerel","paris","Député de la 1ère circo du 93 (St Ouen / Epinay / Ile st Denis / Plaine st Denis) - commission finance - #FranceInsoumise - Coordinateur du @LePG av @simonnet2.",,FALSE,28340,2066,464,20394,241,2011-06-05 18:41:54,TRUE,,,"fr","https://pbs.twimg.com/profile_banners/311601642/1506327410","http://abs.twimg.com/images/themes/theme9/bg.gif","http://pbs.twimg.com/profile_images/911118770755833856/HlG9Ozah_normal.jpg"
"x1202130601","PSOL 50","PSOLOficial","Brasília-DF","Perfil oficial do Partido Socialismo e Liberdade.","https://t.co/h48MiLFx5F",FALSE,199272,545,305,17967,579,2013-02-20 20:49:04,TRUE,"https://t.co/h48MiLFx5F","http://www.psol50.org.br","pt","https://pbs.twimg.com/profile_banners/1202130601/1521119197","http://pbs.twimg.com/profile_background_images/796062852/321c91089c56497c6621e48cffd67aae.jpeg","http://pbs.twimg.com/profile_images/974269999933198336/pukkpeUF_normal.jpg"
"x937683426882326529","Juliano Medeiros","julianomedpsol","","Historiador e presidente nacional do @PSOLOficial","https://t.co/h48MiLFx5F",FALSE,667,135,1,194,115,2017-12-04 14:02:05,TRUE,"https://t.co/h48MiLFx5F","http://www.psol50.org.br","pt","https://pbs.twimg.com/profile_banners/937683426882326529/1512398107","http://abs.twimg.com/images/themes/theme1/bg.png","http://pbs.twimg.com/profile_images/937691355740073984/1Zve5vK4_normal.jpg"
"x183634894","Edmilson Rodrigues","EdmilsonPSOL","Belém, Pará, Brasil","Deputado Federal (PSOL/PA)","https://t.co/yD9QwzTabb",FALSE,22724,4033,129,17389,2998,2010-08-27 14:09:46,TRUE,"https://t.co/yD9QwzTabb","http://www.edmilsonbritorodrigues.com.br","pt","https://pbs.twimg.com/profile_banners/183634894/1519238632","http://pbs.twimg.com/profile_background_images/626761231/6isbvzcyl2niey5lh7ok.jpeg","http://pbs.twimg.com/profile_images/811311184540528644/0Msljl3B_normal.jpg"
"x111123176","Jean Wyllys","jeanwyllys_real","Rio de Janeiro","Jornalista, professor universitário e escritor baiano. Deputado Federal eleito pelo PSOL-RJ ||| <U+2709>dep.jeanwyllys@camara.leg.br ||| <f0><U+009F><U+0093><U+009E>(61) 3215-5646","https://t.co/B9ldYu3XNE",FALSE,696429,709,2346,64660,810,2010-02-03 21:58:06,TRUE,"https://t.co/B9ldYu3XNE","http://jeanwyllys.com.br/","pt","https://pbs.twimg.com/profile_banners/111123176/1510695078","http://pbs.twimg.com/profile_background_images/661286159/r7a0l0q6gn79n9wf4fo9.jpeg","http://pbs.twimg.com/profile_images/974363284295077890/DRBkhPqv_normal.jpg"
"x822095519824707587","Duardo Andrade","duardismo","Maranhão, Brasil","Racistas aqui não passam e cairão em massa.

Maranhense!","https://t.co/qgxQ6QzrTF",FALSE,99,361,0,4008,7814,2017-01-19 14:57:00,FALSE,"https://t.co/qgxQ6QzrTF","http://instagram.com/duardismo","pt","https://pbs.twimg.com/profile_banners/822095519824707587/1520728190","http://abs.twimg.com/images/themes/theme1/bg.png","http://pbs.twimg.com/profile_images/979001493708836864/7F8_PWYM_normal.jpg"
"x282672482","Wander Braga","Vidal53","Brasília, Brasil","Natural do Rio de Janeiro, residente em Brasília. Sociólogo e Economista.",,FALSE,266,271,14,27609,25298,2011-04-15 17:32:17,FALSE,,,"pt","https://pbs.twimg.com/profile_banners/282672482/1473628034","http://abs.twimg.com/images/themes/theme1/bg.png","http://pbs.twimg.com/profile_images/948669595669364736/qdUXZYAJ_normal.jpg"
"x112498734","Ivan Valente","IvanValente","São Paulo/SP","Deputado Federal pelo PSOL-SP, engenheiro e professor.","http://t.co/XRjkg1c7x9",FALSE,82561,1758,746,12477,76,2010-02-08 18:34:16,TRUE,"http://t.co/XRjkg1c7x9","http://www.ivanvalente.com.br","pt","https://pbs.twimg.com/profile_banners/112498734/1521148037","http://pbs.twimg.com/profile_background_images/514936680/bgTwitter.jpg","http://pbs.twimg.com/profile_images/521737935616753664/Gtd9EwhZ_normal.jpeg"
"x16632084","CartaCapital","cartacapital","São Paulo, Brasil","Política, economia e cultura","http://t.co/DSpktLIR3A",FALSE,1859522,500,6474,89865,802,2008-10-07 16:27:01,TRUE,"http://t.co/DSpktLIR3A","http://www.cartacapital.com.br","pt","https://pbs.twimg.com/profile_banners/16632084/1489610698","http://pbs.twimg.com/profile_background_images/859417069/2047e95282aaf2b490edfb76d1c53aff.jpeg","http://pbs.twimg.com/profile_images/914860152335077378/jOiCPKQ1_normal.jpg"
"x31139434","Gleisi Hoffmann","gleisi","Curitiba - Brasil","Gleisi é senadora pelo Estado do Paraná e presidenta nacional do Partido dos Trabalhadores (PT).","https://t.co/trIx39STRL",FALSE,354749,738,1212,10252,206,2009-04-14 14:55:57,TRUE,"https://t.co/trIx39STRL","https://www.facebook.com/gleisi.hoffmann","pt","https://pbs.twimg.com/profile_banners/31139434/1522405083","http://pbs.twimg.com/profile_background_images/581076720930836481/df22dl1e.png","http://pbs.twimg.com/profile_images/978404190769819648/CMy0uRV-_normal.jpg"
"x62804559","Henrique Fontana","HenriqueFontana","Porto Alegre, RS, Brasil","Médico, deputado federal pelo PT-RS","https://t.co/S4URturIji",FALSE,25233,2712,355,6433,450,2009-08-04 12:31:50,TRUE,"https://t.co/S4URturIji","https://www.facebook.com/deputadohenriquefontana","pt","https://pbs.twimg.com/profile_banners/62804559/1519666147","http://pbs.twimg.com/profile_background_images/272062411/novo.jpg","http://pbs.twimg.com/profile_images/939118995759878144/ZfPXxUtY_normal.jpg"
"x71310152","Lindbergh Farias","lindberghfarias","Rio de Janeiro (RJ)","Líder estudantil, deputado federal, prefeito e atualmente Senador, Lindbergh é uma das principais lideranças políticas do país.",,FALSE,190469,561,863,7591,241,2009-09-03 17:34:19,TRUE,,,"pt","https://pbs.twimg.com/profile_banners/71310152/1471976728","http://pbs.twimg.com/profile_background_images/378800000181656030/ibnpb3N2.png","http://pbs.twimg.com/profile_images/910854447227719680/m74qpk4k_normal.jpg"
"x2474471474","Nacho Lemus","LemusteleSUR","Sao Paulo, Brasil","Corresponsal de @teleSURtv en São Paulo","https://t.co/0p2yzqqbBz",FALSE,6671,1053,92,9160,2173,2014-05-02 19:51:21,FALSE,"https://t.co/0p2yzqqbBz","http://www.telesurtv.net","es","https://pbs.twimg.com/profile_banners/2474471474/1510238101","http://abs.twimg.com/images/themes/theme1/bg.png","http://pbs.twimg.com/profile_images/915308352825171969/OzAjldd3_normal.jpg"
"x1540034828","Mídia NINJA","MidiaNINJA","Brasil","Narrativas Independentes, Jornalismo e Ação. Faça parte do mutirão de NINJAS que constroem com as próprias mãos uma outra história da comunicação!","https://t.co/VvMdMshRLd",FALSE,359864,1795,1401,30949,3764,2013-06-23 03:26:00,TRUE,"https://t.co/VvMdMshRLd","https://www.catarse.me/midianinja","pt","https://pbs.twimg.com/profile_banners/1540034828/1507481619","http://pbs.twimg.com/profile_background_images/378800000006113701/e585542f72524fd13585006a0cebbd2c.png","http://pbs.twimg.com/profile_images/742757449845899264/1JACLqsi_normal.jpg"
"x47984479","Kallil Oliveira","kallilolv","Vitória da Conquista, BA, BR. ","Criador, editor e colunista do blog Voz do Sertão.",,FALSE,20935,7462,138,66045,17571,2009-06-17 14:52:05,FALSE,,,"pt","https://pbs.twimg.com/profile_banners/47984479/1520735958","http://abs.twimg.com/images/themes/theme1/bg.png","http://pbs.twimg.com/profile_images/968305019450781698/tWY_3w0r_normal.jpg"
"x78694840","Ricardo Mendonça","RMendonca09","Brasil","Repórter do @valor_economico. Falo aqui de #política #justiça #direitoshumanos #jornalismo #meioambiente. Às vezes, alguma ironia. Retuite, vc sabe, ñ é endosso",,FALSE,4212,111,105,7256,151,2009-09-30 20:02:30,TRUE,,,"pt",,"http://abs.twimg.com/images/themes/theme1/bg.png","http://pbs.twimg.com/profile_images/525354710736191488/jjAw3yr5_normal.jpeg"
"x17477363","migueldorosario","ocafezinho","Rio de Janeiro","Blogueiro.","https://t.co/4KCtbHY0iu",FALSE,24439,1202,281,78986,960,2008-11-19 01:57:04,FALSE,"https://t.co/4KCtbHY0iu","http://ocafezinho.com","pt","https://pbs.twimg.com/profile_banners/17477363/1475775256","http://pbs.twimg.com/profile_background_images/452746487/sloveniagirlcartaz.jpg","http://pbs.twimg.com/profile_images/974105837454217218/tSsFu95x_normal.jpg"
"x446246330","Laerte Coutinho","LaerteCoutinho1","São Paulo","lógica nunca foi o meu forte","https://t.co/4WgxJhKNID",FALSE,113246,645,604,5127,1409,2011-12-25 13:35:25,FALSE,"https://t.co/4WgxJhKNID","http://manualdominotauro.blogspot.com","pt","https://pbs.twimg.com/profile_banners/446246330/1520899530","http://pbs.twimg.com/profile_background_images/399695617/fundo.jpg","http://pbs.twimg.com/profile_images/887726307559309313/p1kdZd22_normal.jpg"
"x45447020","xico sá","xicosa","Rio de Janeiro","jornalista-escritor,autor de Os machões dançaram -crônicas de amor & sexo em tempos de homens vacilões","https://t.co/regEBbmdvX",FALSE,1423042,10302,2213,76433,141122,2009-06-07 23:12:22,TRUE,"https://t.co/regEBbmdvX","http://brasil.elpais.com","pt","https://pbs.twimg.com/profile_banners/45447020/1512588143","http://abs.twimg.com/images/themes/theme9/bg.gif","http://pbs.twimg.com/profile_images/875113716316082176/2IpRoLxj_normal.jpg"
"x95740548","José Simão","jose_simao","","Acuerda macacada! Sou eu! Da rádio BandNews FM, da Folha de S. Paulo, e do UOL! Direto do País da Piada Pronta!","http://t.co/YKANmhyCnL",FALSE,4918146,118,3071,13479,569,2009-12-09 21:51:18,TRUE,"http://t.co/YKANmhyCnL","http://facebook.com/macacosimao","pt","https://pbs.twimg.com/profile_banners/95740548/1429738440","http://pbs.twimg.com/profile_background_images/276653254/header1.gif","http://pbs.twimg.com/profile_images/884211276515291138/RZ9NfHWv_normal.jpg"
"x47739030","Bob Fernandes","Bob_Fernandes","Brasil","",,FALSE,245640,628,1710,22543,3102,2009-06-16 20:36:41,FALSE,,,"pt",,"http://pbs.twimg.com/profile_background_images/18676902/twitter-02.png","http://pbs.twimg.com/profile_images/295578860/perfil-bob1_normal.gif"
"x218229279","MTST","mtst_","Brasil","Twitter oficial do Movimento dos Trabalhadores Sem-Teto.","http://t.co/ysTUR0eKud",FALSE,25183,48,200,10569,26,2010-11-21 19:44:27,FALSE,"http://t.co/ysTUR0eKud","http://www.mtst.org","pt","https://pbs.twimg.com/profile_banners/218229279/1408637048","http://pbs.twimg.com/profile_background_images/502486163890794496/fk76EGLB.jpeg","http://pbs.twimg.com/profile_images/502484711071961088/GMIvTHmD_normal.png"
"x52778721","Roberson","Robersonbispo","","trabalhando para melhor atendê-lo!",,FALSE,210,154,0,4996,1145,2009-07-01 16:49:33,FALSE,,,"pt","https://pbs.twimg.com/profile_banners/52778721/1472274971","http://pbs.twimg.com/profile_background_images/143420956/Corinthians1.jpg","http://pbs.twimg.com/profile_images/969732042186461184/u0LAdqrX_normal.jpg"
"x1364774108","Carla Campos","kakamgbz","Armação dos Buzios","Mineira, professora, cristã(protestante)",,FALSE,824,1384,8,27865,44366,2013-04-19 16:02:38,FALSE,,,"pt","https://pbs.twimg.com/profile_banners/1364774108/1485885616","http://abs.twimg.com/images/themes/theme1/bg.png","http://pbs.twimg.com/profile_images/871601900759764993/E8q2gBfP_normal.jpg"
"x805928174450339840","Ultrajano","ultrajano","","","https://t.co/wBQDm2xO5a",FALSE,25644,69,110,4532,772,2016-12-06 00:13:45,FALSE,"https://t.co/wBQDm2xO5a","http://www.ultrajano.com.br","en","https://pbs.twimg.com/profile_banners/805928174450339840/1502322573",,"http://pbs.twimg.com/profile_images/968870838735949824/K_1mQX1p_normal.jpg"
"x34271853","Carta Maior","cartamaior","Brasil","","http://t.co/M6QmElznR0",FALSE,155841,111,1744,42574,56,2009-04-22 13:33:38,FALSE,"http://t.co/M6QmElznR0","http://www.cartamaior.com.br","pt","https://pbs.twimg.com/profile_banners/34271853/1513883583","http://abs.twimg.com/images/themes/theme1/bg.png","http://pbs.twimg.com/profile_images/943198338387673090/BNw-2OBi_normal.jpg"
"x76049312","Humberto Costa","humbertocostapt","Pernambuco","Perfil oficial do Senador Humberto Costa, eleito pelo povo de Pernambuco para batalhar por mais justiça e oportunidades.","http://t.co/CjIIYwM9Hh",FALSE,62533,2480,562,48797,8318,2009-09-21 15:12:01,TRUE,"http://t.co/CjIIYwM9Hh","http://www.facebook.com/humbertocostapt","pt","https://pbs.twimg.com/profile_banners/76049312/1517227619","http://pbs.twimg.com/profile_background_images/378800000091338622/f5305e15c3e32974d8abd007db3ce2b6.png","http://pbs.twimg.com/profile_images/920253243405500416/HYx_5k0X_normal.jpg"
"x43340387","DCM ONLINE","DCM_online","Londres/São Paulo","Site apartidário de notícias e análises. Nossa missão é lutar por uma sociedade menos desigual. Diretor: Kiko Nogueira","https://t.co/g04eHxTQQX",FALSE,66189,951,701,62187,838,2009-05-29 14:36:06,TRUE,"https://t.co/g04eHxTQQX","http://www.diariodocentrodomundo.com.br/","en","https://pbs.twimg.com/profile_banners/43340387/1516836427","http://pbs.twimg.com/profile_background_images/47201867/mqsimplebluewaves.br.jpg","http://pbs.twimg.com/profile_images/718100254306992128/sdOjwWxp_normal.jpg"
"x131574396","Dilma Rousseff","dilmabr","Brasília","Twitter de Dilma Rousseff, presidenta eleita do Brasil","https://t.co/rTQMQu84Tb",FALSE,6098079,371,17267,7312,31,2010-04-10 17:46:14,TRUE,"https://t.co/rTQMQu84Tb","http://dilma.com.br","pt","https://pbs.twimg.com/profile_banners/131574396/1463409233","http://pbs.twimg.com/profile_background_images/157617079/twitter-dilma.jpg","http://pbs.twimg.com/profile_images/526853273546788864/xAkXA8V8_normal.jpeg"
"x90725961","El Salto","ElSaltoDiario","","Construyendo #UnGranMedio con más de 20 proyectos comunicativos.  Estamos en https://t.co/YliWLoNsZq y publicamos un mensual con siete ediciones.","https://t.co/YliWLoNsZq",FALSE,123931,1981,3421,43386,6916,2009-11-17 21:37:52,FALSE,"https://t.co/YliWLoNsZq","http://elsaltodiario.com","es","https://pbs.twimg.com/profile_banners/90725961/1518695810","http://pbs.twimg.com/profile_background_images/451411298715054082/Jc-NpUdu.jpeg","http://pbs.twimg.com/profile_images/917747876725444608/BwavzNxh_normal.jpg"
"x58668131","Leonardo Sakamoto","blogdosakamoto","Brasil","Jornalista, cientista político, professor na PUC-SP,  blogueiro do UOL, diretor da Repórter Brasil e conselheiro no Fundo da ONU contra Escravidão","http://t.co/slN7C4PS",FALSE,269617,483,1240,5047,109,2009-07-21 02:00:39,FALSE,"http://t.co/slN7C4PS","http://blogdosakamoto.blogosfera.uol.com.br","pt","https://pbs.twimg.com/profile_banners/58668131/1398551329","http://pbs.twimg.com/profile_background_images/59637990/colagem_P_gina000.jpg","http://pbs.twimg.com/profile_images/460177201967550464/pGRDBY4c_normal.jpeg"
"x64475279","Sérgio Vaz","poetasergiovaz","","Vira-lata da literatura, vagabundo nato!","http://t.co/1oBLxdAb7k",FALSE,35413,3294,357,36343,2704,2009-08-10 18:31:23,FALSE,"http://t.co/1oBLxdAb7k","http://www.colecionadordepedras.blogspot.com","pt","https://pbs.twimg.com/profile_banners/64475279/1354357898","http://pbs.twimg.com/profile_background_images/28502562/fundo_vaz2.jpg","http://pbs.twimg.com/profile_images/378800000369700555/05e157ab0313e04f10bbb7c752bb7a76_normal.jpeg"
"x918894187872956418","<U+0641><U+0644><U+0633><U+0637><U+064A><U+0646>27","Pal_27KM","","",,FALSE,5168,0,8,380,7,2017-10-13 17:40:21,FALSE,,,"ar","https://pbs.twimg.com/profile_banners/918894187872956418/1511177999",,"http://pbs.twimg.com/profile_images/920192840059248640/wggRHWGo_normal.jpg"
"x3090382647","Jornalistas Livres","J_LIVRES","Brasil","Somos uma rede de coletivos originada na diversidade. Os valores que nos unem são a paixão pela democracia e a defesa radical dos direitos humanos.","https://t.co/3zEN44SIbb",FALSE,256380,649,790,19496,2354,2015-03-13 02:05:24,FALSE,"https://t.co/3zEN44SIbb","http://jornalistaslivres.org/","pt","https://pbs.twimg.com/profile_banners/3090382647/1522252363","http://abs.twimg.com/images/themes/theme1/bg.png","http://pbs.twimg.com/profile_images/905623502467850240/TQ5SEnUU_normal.jpg"
"x135269423","Tarso Genro","tarsogenro","Rio Grande do Sul","Advogado, fui Prefeito de Porto Alegre, Ministro do governo Lula e Governador do RS. Com a Sandra, sou pai da Luciana e da Vanessa e avô de três netos.","https://t.co/TuLwkqbJat",FALSE,119281,366,1081,5447,109,2010-04-20 20:44:24,FALSE,"https://t.co/TuLwkqbJat","https://www.facebook.com/tarsogenro","en","https://pbs.twimg.com/profile_banners/135269423/1513544538","http://abs.twimg.com/images/themes/theme1/bg.png","http://pbs.twimg.com/profile_images/942500215772401664/mslxgON8_normal.jpg"
"x14754376","Luis Nassif","luisnassif","São Paulo, SP, Brasil","Jornalista e blogueiro","http://t.co/h6MVtE1OQw",FALSE,235366,899,3006,99014,891,2008-05-13 03:53:05,TRUE,"http://t.co/h6MVtE1OQw","http://www.luisnassif.com.br","pt",,"http://abs.twimg.com/images/themes/theme1/bg.png","http://pbs.twimg.com/profile_images/3296515311/6b1729dd94e7646fb539eeb6e8f2274b_normal.jpeg"
"x2288138575","PODEMOS","ahorapodemos","Facebook: http://ow.ly/ueEX9","Tú haces Podemos. Construimos contigo una mayoría para echar al PP y gobernar mejor nuestro país plurinacional. ¡Derechos para todas las personas! #SíSePuede","https://t.co/YeVlBl6Wsr",FALSE,1329278,1494,5569,89353,1263,2014-01-12 12:50:51,TRUE,"https://t.co/YeVlBl6Wsr","http://podemos.info","es","https://pbs.twimg.com/profile_banners/2288138575/1520360300","http://abs.twimg.com/images/themes/theme1/bg.png","http://pbs.twimg.com/profile_images/972040973139267585/A9Zb4fKp_normal.jpg"
"x1571428436","Carlos Latuff","LatuffCartoons","Brazil","Political cartoonist: visual chronicler of barbarism.","https://t.co/bS1jvbnCy8",FALSE,75267,1091,873,24704,6567,2013-07-05 21:55:28,TRUE,"https://t.co/bS1jvbnCy8","http://instagram.com/carloslatuff","pt","https://pbs.twimg.com/profile_banners/1571428436/1521430123","http://abs.twimg.com/images/themes/theme14/bg.gif","http://pbs.twimg.com/profile_images/975105640589864960/eJNB9dJY_normal.jpg"
"x293800777","Luiz Araujo","rluiz_araujo","Brasilia, DF, Brasil","Professor, mestre em políticas públicas em educação pela UnB e doutor em educação pela USP. Atualmente Professor da Faculdade de Educação da UnB","https://t.co/u0GrJpCmgv",FALSE,2023,1857,15,7663,28,2011-05-06 00:33:39,FALSE,"https://t.co/u0GrJpCmgv","http://rluizaraujo.blogspot.com/","pt","https://pbs.twimg.com/profile_banners/293800777/1496257795","http://abs.twimg.com/images/themes/theme1/bg.png","http://pbs.twimg.com/profile_images/672207210332749824/uhojSoQG_normal.jpg"
"x790057461134848001","A Postagem","a_postagem","","A Postagem Colaborativo, o jornal em que a informação não tem preço.","https://t.co/lWdrNVXI61",FALSE,3447,2565,12,8037,4468,2016-10-23 05:09:12,FALSE,"https://t.co/lWdrNVXI61","http://www.apostagem.com.br","pt","https://pbs.twimg.com/profile_banners/790057461134848001/1477199894","http://abs.twimg.com/images/themes/theme1/bg.png","http://pbs.twimg.com/profile_images/790058953883418624/8nPEqfDC_normal.jpg"
"x17229791","Conversa Afiada","ConversaAfiada","Brasil","Paulo Henrique Amorim   - OFICIAL -                        Conheçam meu portal colaborativo e SOLTEM O VERBO!! http://t.co/6GIsePMykX","http://t.co/6GIsePMykX",FALSE,526281,629,2052,88576,112,2008-11-07 11:47:07,TRUE,"http://t.co/6GIsePMykX","http://www.conversaafiada.com.br","en","https://pbs.twimg.com/profile_banners/17229791/1483548689","http://pbs.twimg.com/profile_background_images/200130873/background-tuiter.jpg","http://pbs.twimg.com/profile_images/816688834683568128/8lLoTEZH_normal.jpg"
"x74763991","cynara menezes","cynaramenezes","","escrevo matérias e asso pães. e vice-versa. socialista morena.","http://t.co/NO0fRb2TGT",FALSE,149631,4298,975,183109,31538,2009-09-16 15:59:27,TRUE,"http://t.co/NO0fRb2TGT","http://www.socialistamorena.com.br","pt","https://pbs.twimg.com/profile_banners/74763991/1502994740","http://pbs.twimg.com/profile_background_images/38895788/euzed.jpg","http://pbs.twimg.com/profile_images/429549634/euzed_normal.jpg"
"x69373037","Suplicy","esuplicy","São Paulo, Brasil","Fui eleito vereador com 301 mil votos. Fui secretário de Direitos Humanos e Cidadania na gestão Fernando Haddad. Fui senador de 1991/2014, deputado e vereador.",,FALSE,346468,3507,1940,6197,2092,2009-08-27 19:00:10,TRUE,,,"pt","https://pbs.twimg.com/profile_banners/69373037/1521325368","http://pbs.twimg.com/profile_background_images/51600107/outro.jpg","http://pbs.twimg.com/profile_images/935514307097395201/5Ohn4IJn_normal.jpg"
"x65720380","Glauber Braga","Glauber_Braga","Nova Friburgo (RJ)","Deputado Federal - RJ","https://t.co/HNVnONuK8l",FALSE,10805,1185,174,1956,9,2009-08-14 19:58:34,TRUE,"https://t.co/HNVnONuK8l","http://www.glauberbraga.com.br","en","https://pbs.twimg.com/profile_banners/65720380/1508949143","http://pbs.twimg.com/profile_background_images/124935453/twitterglauber.jpg","http://pbs.twimg.com/profile_images/765521656588754948/wmfRcuec_normal.jpg"
"x87021796","Erika Kokay","erikakokay","Brasil, Distrito Federal","Deputada Federal, bancária, psicóloga, sindicalista e presidenta do Partido dos Trabalhadores do Distrito Federal (PT-DF). https://t.co/iuyqy3CL0w","https://t.co/VPwmugtwLX",FALSE,36899,953,317,19114,3759,2009-11-02 20:35:47,TRUE,"https://t.co/VPwmugtwLX","http://www.erikakokay.com.br/","pt","https://pbs.twimg.com/profile_banners/87021796/1520604783","http://pbs.twimg.com/profile_background_images/473557895770939392/GiPG4q6T.png","http://pbs.twimg.com/profile_images/973256107308220418/fav82dew_normal.jpg"
"x2699187462","coletivoreviralata","ReViraLata","","Coletivo de mídia independente.",,FALSE,75,77,0,65,34,2014-08-01 21:32:03,FALSE,,,"en","https://pbs.twimg.com/profile_banners/2699187462/1406929726","http://abs.twimg.com/images/themes/theme1/bg.png","http://pbs.twimg.com/profile_images/495326358944243712/Tr8Yfn8R_normal.jpeg"
"x2387543119","Pitangão","CamilaPitanga","Rio de Janeiro - Brasil","Atriz, Diretora Geral do Movimento Humanos Direitos e Embaixadora Nacional da ONU Mulheres. Actress, Mhud Director and National Ambassador of UN Women Brazil.","https://t.co/iguXHb4BSq",FALSE,840465,236,498,9723,7177,2014-03-13 17:38:50,TRUE,"https://t.co/iguXHb4BSq","http://camilapitanga.net","pt","https://pbs.twimg.com/profile_banners/2387543119/1449583756","http://abs.twimg.com/images/themes/theme1/bg.png","http://pbs.twimg.com/profile_images/850102446764548096/vNM0tvVa_normal.jpg"
"x45870897","Marcelo Freixo","MarceloFreixo","Brasil","Professor de história e deputado estadual pelo PSOL do Rio.","http://t.co/nnHyVDFxWA",FALSE,913746,648,1407,34120,3752,2009-06-09 16:10:40,TRUE,"http://t.co/nnHyVDFxWA","http://www.marcelofreixo.com.br","pt","https://pbs.twimg.com/profile_banners/45870897/1496412806","http://pbs.twimg.com/profile_background_images/485636734722383872/L08RmWsA.jpeg","http://pbs.twimg.com/profile_images/905131029832327169/UITM7wmo_normal.jpg"
"x36608122","Sindicato dos Bancários de SP, Osasco e Região","spbancarios","São Paulo / Brasil","O Sindicato representa 142 mil bancários das cidades de São Paulo, Osasco e região. Curta também http://t.co/wHbxvWChdw","http://t.co/F0cbKp9SZ4",FALSE,20746,320,164,26713,193,2009-04-30 05:55:39,FALSE,"http://t.co/F0cbKp9SZ4","http://www.spbancarios.com.br","pt","https://pbs.twimg.com/profile_banners/36608122/1520952218","http://pbs.twimg.com/profile_background_images/687110541/f9a2e7d34f4da7ce8aae4a5acbed9011.jpeg","http://pbs.twimg.com/profile_images/971483021428838400/uW0dxp65_normal.jpg"
"x206222507","Jose de Abreu","zehdeabreu","","Todo mundo me conhece...","https://t.co/BkmupjCan7",FALSE,154885,2919,960,269041,239,2010-10-22 14:31:32,TRUE,"https://t.co/BkmupjCan7","http://www.imdb.com/name/nm0206831/","pt","https://pbs.twimg.com/profile_banners/206222507/1521125813","http://pbs.twimg.com/profile_background_images/461873595195486208/-2aOuZYA.jpeg","http://pbs.twimg.com/profile_images/974298267914817537/XrmfK-K6_normal.jpg"
"x752476236530712579","Pra você saber","iree","São Paulo, Brasil","Instituto para Reforma das Relações entre o Estado e a Empresa",,FALSE,52,136,1,1212,12,2016-07-11 12:14:49,FALSE,,,"pt","https://pbs.twimg.com/profile_banners/752476236530712579/1488847681",,"http://pbs.twimg.com/profile_images/788405052482457600/8kAxED7a_normal.jpg"
"x18122496","Bernardo MelloFranco","BernardoMF","Rio de Janeiro, Brasil","Jornalista","https://t.co/Df2389H9yq",FALSE,65248,1108,457,17092,2216,2008-12-14 20:46:22,TRUE,"https://t.co/Df2389H9yq","http://blogs.oglobo.globo.com/bernardo-mello-franco/","pt","https://pbs.twimg.com/profile_banners/18122496/1500077155","http://abs.twimg.com/images/themes/theme14/bg.gif","http://pbs.twimg.com/profile_images/611697083989512192/4UL772S0_normal.jpg"
"x916876097303859200","342 Artes","342Artes","","",,FALSE,1452,1,8,73,5,2017-10-08 04:01:11,FALSE,,,"pt","https://pbs.twimg.com/profile_banners/916876097303859200/1507464077",,"http://pbs.twimg.com/profile_images/916996847914414080/0uxRH4aI_normal.jpg"
"x39116717","Jandira Feghali","jandira_feghali","Rio de Janeiro","Médica, relatora da Lei Maria da Penha e deputada federal (RJ).",,FALSE,125622,546,564,19333,1761,2009-05-10 21:37:19,TRUE,,,"pt","https://pbs.twimg.com/profile_banners/39116717/1521124165","http://pbs.twimg.com/profile_background_images/207030717/Fundo_twitter.jpg","http://pbs.twimg.com/profile_images/975736627149660160/0nMZwcPF_normal.jpg"
"x163296619","Palmério Dória","palmeriodoria","São Paulo, Brasil","Jornalista e escritor",,FALSE,55848,17236,454,53974,35790,2010-07-06 01:55:49,FALSE,,,"pt",,"http://pbs.twimg.com/profile_background_images/120154390/Palm_rio_1.jpg","http://pbs.twimg.com/profile_images/1053953268/palmerio_doria_normal.jpg"
"x901159801497034752","Frente Povo Sem Medo","povosemmedo_","Brasil","Frente Povo Sem Medo.
https://t.co/pSJ1hmhSAa",,FALSE,569,50,9,128,21,2017-08-25 19:10:14,FALSE,,,"pt","https://pbs.twimg.com/profile_banners/901159801497034752/1503688788",,"http://pbs.twimg.com/profile_images/901161726636433409/ztATzLo1_normal.jpg"
"x55022037","Luiza Erundina","luizaerundina","São Paulo","Deputada Federal (PSOL) pelo Estado de São Paulo, Luiza Erundina é reconhecida pela sua forte atuação em favor dos direitos.","https://t.co/Wlov5PGBFJ",FALSE,86816,469,689,5886,1211,2009-07-08 20:42:16,TRUE,"https://t.co/Wlov5PGBFJ","http://www.luizaerundina.com.br","pt","https://pbs.twimg.com/profile_banners/55022037/1481560278","http://pbs.twimg.com/profile_background_images/172951000/C_pia_de_wallpaper_twitter_2.jpg","http://pbs.twimg.com/profile_images/808348418657714177/zIsyvYrV_normal.jpg"
"x44449830","Luciana Genro","lucianagenro","Porto Alegre, RS","Ex-deputada, fundadora e dirigente nacional do PSOL. Militante por um mundo mais justo e igualitário. https://t.co/0OcHJ7gp3Y","https://t.co/9feqvU2WIh",FALSE,252266,723,1176,13878,2865,2009-06-03 20:32:35,TRUE,"https://t.co/9feqvU2WIh","http://lucianagenro.com.br","pt","https://pbs.twimg.com/profile_banners/44449830/1521203557","http://pbs.twimg.com/profile_background_images/489199003297263616/mm9ma79q.png","http://pbs.twimg.com/profile_images/976258503483457536/DgHRJjPq_normal.jpg"
"x156636017","Toninho Vespoli","ToninhoVespoli","São Paulo","Vereador reeleito pelo PSOL em São Paulo. Nenhum direito a menos! Continuaremos na luta na Câmara Municipal.","https://t.co/YrxoSPd8gM",FALSE,1519,766,29,4731,505,2010-06-17 13:33:27,TRUE,"https://t.co/YrxoSPd8gM","http://toninhovespoli.com.br/","pt","https://pbs.twimg.com/profile_banners/156636017/1495726139","http://abs.twimg.com/images/themes/theme19/bg.gif","http://pbs.twimg.com/profile_images/867764973539381249/eL_DONZR_normal.jpg"
"x392199690","Miguel Urbán Crespo","MiguelUrban","Madrid","Anticapitalista empeñado en cambiar el mundo desde la base. Cofundador de @ahorapodemos. Y ahora Eurodiputado","https://t.co/LyYFs38VJE",FALSE,65239,1872,788,18434,1863,2011-10-16 17:51:17,TRUE,"https://t.co/LyYFs38VJE","http://www.miguelurban.net","es","https://pbs.twimg.com/profile_banners/392199690/1450704552","http://abs.twimg.com/images/themes/theme1/bg.png","http://pbs.twimg.com/profile_images/880457113151176705/10FBpdQE_normal.jpg"
"x2613749605","Wadih Damous","wadih_damous","Rio de Janeiro","Advogado, ex-presidente da OAB-RJ e ex-presidente da CEV. #SeriedadeNaPolitica","https://t.co/3MMa7mjk4y",FALSE,48207,337,112,2695,1011,2014-07-09 15:20:03,TRUE,"https://t.co/3MMa7mjk4y","http://www.wadihdamous.com.br","pt","https://pbs.twimg.com/profile_banners/2613749605/1520940162","http://abs.twimg.com/images/themes/theme1/bg.png","http://pbs.twimg.com/profile_images/502421622331281408/nzpAUfL6_normal.jpeg"
"x857378187952762881","Lira Neto","LiraNeto_","São Paulo, Brasil","Autor de ""Uma história do samba: as origens"" e das biografias ""Getúlio"", ""Padre Cícero"" e ""Maysa"", publicadas pela Companhia das Letras","https://t.co/i127xR2vPA",FALSE,4378,106,35,232,1354,2017-04-26 23:37:44,FALSE,"https://t.co/i127xR2vPA","http://www.liraneto.com","pt","https://pbs.twimg.com/profile_banners/857378187952762881/1505764913",,"http://pbs.twimg.com/profile_images/857379123542491136/ZuGxxfXg_normal.jpg"
"x51905500","Thiago Dias Bitelli","tbitelli","São Paulo ","Hoje, mais do que nunca, nem guerra entre os povos nem paz entre as classes.",,FALSE,317,640,0,11165,7960,2009-06-29 01:10:04,FALSE,,,"pt","https://pbs.twimg.com/profile_banners/51905500/1373767161","http://abs.twimg.com/images/themes/theme1/bg.png","http://pbs.twimg.com/profile_images/907057975612907525/dy6MuVS8_normal.jpg"
"x130062398","Rodrigo Santos","rodrigomsantos_","Brasil","Moreno, alto, bonito e sensual. A solução do problema da Bárbara.",,FALSE,821,238,5,22632,39,2010-04-06 05:40:07,FALSE,,,"pt","https://pbs.twimg.com/profile_banners/130062398/1510872159","http://pbs.twimg.com/profile_background_images/658100767639867394/BmWGA22Y.jpg","http://pbs.twimg.com/profile_images/974356265706156032/35rRzriP_normal.jpg"
"x2479861125","David Miranda","davidmirandario","Rio de Janeiro, Brasil","Primeiro vereador LGBT do Rio de Janeiro, midialivrista e pela causa animal. Do @_juntos e do PSOL RJ.","https://t.co/OjDdhWeZKj",FALSE,21676,623,362,4443,2441,2014-04-12 21:32:30,TRUE,"https://t.co/OjDdhWeZKj","https://davidmirandario.com.br/","pt","https://pbs.twimg.com/profile_banners/2479861125/1487340139","http://pbs.twimg.com/profile_background_images/591402808412246017/MBVMlZrO.jpg","http://pbs.twimg.com/profile_images/895293999409504256/pNNpwIYW_normal.jpg"
"x54336513","CUT Brasil","CUT_Brasil","Brasil","A CUT - Central Única dos Trabalhadores – foi fundada em 28 de agosto de 1983. É a maior central sindical do Brasil, da América Latina e a 5ª maior do mundo","http://t.co/w8NMZ2foZt",FALSE,53517,862,507,17749,3309,2009-07-06 21:19:16,FALSE,"http://t.co/w8NMZ2foZt","http://www.cut.org.br","pt","https://pbs.twimg.com/profile_banners/54336513/1521037480","http://pbs.twimg.com/profile_background_images/661952983790460928/WAuVvMPE.jpg","http://pbs.twimg.com/profile_images/970686654657777664/MRanlZdp_normal.jpg"
"x234398308","Eliane Brum","brumelianebrum","São Paulo, Brasil","MARIELLE, PRESENTE!","https://t.co/Bg5lOB1Fn6",FALSE,179873,380,876,12718,6467,2011-01-05 15:24:54,FALSE,"https://t.co/Bg5lOB1Fn6","https://www.facebook.com/brumelianebrum/","pt","https://pbs.twimg.com/profile_banners/234398308/1515292838","http://abs.twimg.com/images/themes/theme1/bg.png","http://pbs.twimg.com/profile_images/604775644086583296/cmg8I8Na_normal.jpg"
"x102094084","PSUV","PartidoPSUV","Venezuela","Partido Socialista Unido de Venezuela, el partido más grande de la historia venezolana, el partido del pueblo y del Comandante Eterno Hugo Chávez.","https://t.co/Yrp4TqnzPf",FALSE,1242496,853,4979,338758,1827,2010-01-05 15:55:21,TRUE,"https://t.co/Yrp4TqnzPf","https://www.psuv.org.ve","es","https://pbs.twimg.com/profile_banners/102094084/1413317643","http://pbs.twimg.com/profile_background_images/443798236910723072/_xg6mfOe.jpeg","http://pbs.twimg.com/profile_images/522114155482869760/2p9Adf0__normal.jpeg"
"x41760825","PRETO ZEZÉ","pretozeze","Fortaleza, CE, Brasil","Filho das QUADRAS, Blogueiro, Pai do Malcom Jonas, Presidente da CUFA GLOBAL pretozezefortaleza@gmail.com https://t.co/j3ae1k8RDQ","https://t.co/Pwy0125Uyh",FALSE,9740,2721,82,91784,3556,2009-05-22 05:29:46,FALSE,"https://t.co/Pwy0125Uyh","http://www.cufa.org.br","en","https://pbs.twimg.com/profile_banners/41760825/1455219343","http://abs.twimg.com/images/themes/theme4/bg.gif","http://pbs.twimg.com/profile_images/750914216698253312/JYe10yj7_normal.jpg"
"x63118359","Maria do Rosario","mariadorosario","Brasil","Uma mulher que considera inaceitável a opressão ou injustiça contra qualquer ser humano. Uma pessoa que tem lado, posiciona-se e participa de lutas justas.","https://t.co/Wzoi1GW1Nr",FALSE,158022,1157,877,20833,2334,2009-08-05 12:33:00,TRUE,"https://t.co/Wzoi1GW1Nr","http://www.mariadorosario.com.br","pt","https://pbs.twimg.com/profile_banners/63118359/1499633686","http://pbs.twimg.com/profile_background_images/743213176/78cea2b1248282dc88ebf61e8b0954d5.jpeg","http://pbs.twimg.com/profile_images/976067714765729792/28EoPhVE_normal.jpg"
"x611294653","#GLOBO GOLPISTA","GuilhermeHruby","Rio de Janeiro, Brasil","DIREITOS NÃO SE NEGOCIAM!

Lutaremos, mais, a cada dia! As lutas das organizações sociais são o caminho sustentável para PAZ.","https://t.co/yrsIRqDZ6f",FALSE,995,1013,13,47019,41928,2012-06-18 01:47:08,FALSE,"https://t.co/yrsIRqDZ6f","http://www.fup.org.br","pt","https://pbs.twimg.com/profile_banners/611294653/1470235377","http://abs.twimg.com/images/themes/theme1/bg.png","http://pbs.twimg.com/profile_images/862305809044295681/aD2bUKPf_normal.jpg"
"x46222364","Paulo Moreira Leite","pmoreiraleite","","Autor de A Outra História da Lava Jato, Premio Jabuti de Reportagem e Documentário. Também escreveu A Outra História do Mensalão e é colunista do Brasil 247.","http://t.co/4FnFSMEM5X",FALSE,36987,1579,516,3421,7,2009-06-10 20:51:05,FALSE,"http://t.co/4FnFSMEM5X","http://paulomoreiraleite.com","pt",,"http://abs.twimg.com/images/themes/theme1/bg.png","http://pbs.twimg.com/profile_images/623557490920321024/aKiiBjD7_normal.jpg"
"x2670726740","Lula pelo Brasil","LulapeloBrasil","","Ex-presidente da República do Brasil.","https://t.co/VtUIIAlkIw",FALSE,256809,461,1090,12740,1257,2014-07-22 21:36:50,TRUE,"https://t.co/VtUIIAlkIw","http://www.lula.com.br","pt","https://pbs.twimg.com/profile_banners/2670726740/1490030746","http://abs.twimg.com/images/themes/theme1/bg.png","http://pbs.twimg.com/profile_images/907605206761959424/kSLSLYcc_normal.jpg"
"x49774583","João Capiberibe","joaocapi","Senado Federal","João Capiberibe, senador pelo Amapá. Autor da Lei Complementar N° 131 de 27/5/09 - que institui a transparência nas contas públicas.","https://t.co/rhhUJ2T2T4",FALSE,36766,1569,280,20823,164,2009-06-22 21:36:09,TRUE,"https://t.co/rhhUJ2T2T4","http://www.joaocapiberibe.com.br","pt","https://pbs.twimg.com/profile_banners/49774583/1496679146","http://pbs.twimg.com/profile_background_images/717773417748041728/klCaotUA.jpg","http://pbs.twimg.com/profile_images/871850038292512768/QqiD5dMz_normal.jpg"
"x110522807","Chico Alencar","depChicoAlencar","Rio de Janeiro","Professor que sempre aprende, escritor ainda sendo alfabetizado na escola da vida, dep. federal (PSOL/RJ) até 2018 por decisão de 195.964 pessoas. Vamos juntos!","https://t.co/inrnNKukMO",FALSE,140156,366,1123,26686,976,2010-02-01 21:13:54,TRUE,"https://t.co/inrnNKukMO","http://www.chicoalencar.com.br","pt","https://pbs.twimg.com/profile_banners/110522807/1506892334","http://pbs.twimg.com/profile_background_images/700332654470819841/tvssgSmR.jpg","http://pbs.twimg.com/profile_images/974986343737626624/1-YCffek_normal.jpg"
"x39522911","PT Brasil","ptbrasil","Brasília / Brasil","Twitter oficial do Partido dos Trabalhadores #LulaLivre","https://t.co/ajtS13FxbL",FALSE,731250,2314,1580,91764,604,2009-05-12 15:31:40,TRUE,"https://t.co/ajtS13FxbL","http://www.pt.org.br","pt","https://pbs.twimg.com/profile_banners/39522911/1520962942","http://pbs.twimg.com/profile_background_images/378800000095471244/b0d8101261f4f46d82429421ced0877b.png","http://pbs.twimg.com/profile_images/973615185146601472/shCSGJxC_normal.jpg"
"x372812630","Irene Montero","Irene_Montero_","Madrid","Psicóloga, por la vivienda digna. Portavoz de Unidas Podemos-EcP-EM en el Congreso. En @ahorapodemos. Defender la alegría como un derecho. [Foto de Marta Jara]","https://t.co/tasHiInebE",FALSE,226809,1797,1178,9447,1733,2011-09-13 13:27:30,TRUE,"https://t.co/tasHiInebE","https://www.instagram.com/i_montero_/?hl=es","es","https://pbs.twimg.com/profile_banners/372812630/1495446894","http://abs.twimg.com/images/themes/theme5/bg.gif","http://pbs.twimg.com/profile_images/933363117366611969/aLYwKL68_normal.jpg"
"x74626513","Leonardo Boff","LeonardoBoff","Petrópolis, RJ, Brazil","Teólogo e escritor membro da Iniciativa Internacional da Carta da Terra","http://t.co/2DQzjqk7AI",FALSE,206273,355,1736,13012,20,2009-09-16 02:09:22,FALSE,"http://t.co/2DQzjqk7AI","http://www.leonardoboff.com","pt","https://pbs.twimg.com/profile_banners/74626513/1515331969","http://abs.twimg.com/images/themes/theme5/bg.gif","http://pbs.twimg.com/profile_images/832795971364884480/P6erGu9K_normal.jpg"
"x34586817","Emir Sader","emirsader","Rio de Janeiro","man, from brazil, researcher",,FALSE,97086,717,1164,92570,4876,2009-04-23 11:18:02,FALSE,,,"pt",,"http://pbs.twimg.com/profile_background_images/132561204/Captura_de_tela_2010-08-08__s_10.04.01.png","http://pbs.twimg.com/profile_images/1126454378/Captura_de_tela_2010-08-08__s_10.02.11_normal.png"
"x2407402921","Xabier Benito Ziluaga","xabierbenito","Bizkaia, Euskal Herria","Gizarte langile, ekologista eta Ahal dugu-ko eurodiputatu // Trabajador social, ecologista y eurodiputado de Podemos. https://t.co/NWq8wdgHtx","https://t.co/Amau9p1fbR",FALSE,3277,1096,96,6464,1295,2014-03-23 16:41:33,TRUE,"https://t.co/Amau9p1fbR","https://www.xabierbenitoziluaga.info/","es","https://pbs.twimg.com/profile_banners/2407402921/1499164854","http://abs.twimg.com/images/themes/theme5/bg.gif","http://pbs.twimg.com/profile_images/968993632844943360/2XMEoVHc_normal.jpg"
"x757988827151659008","Cristiano Morsolin","morsolin1","Latinoamerica","Investigador y trabajador social italiano radicado en Latinoamérica. Autor de varios libros sobre derechos humanos y politicas emancipadoras.","https://t.co/UZAywyU4Kt",FALSE,244,828,11,4209,392,2016-07-26 17:19:53,FALSE,"https://t.co/UZAywyU4Kt","https://diversidadenmovimiento.wordpress.com/","es","https://pbs.twimg.com/profile_banners/757988827151659008/1469554638","http://abs.twimg.com/images/themes/theme1/bg.png","http://pbs.twimg.com/profile_images/757996015391834112/z_row1CV_normal.jpg"
"x796180188946112512","Julio Cézar Queiróz","comunacritico","","O comunismo será inevitável, a automação de 90% do trabalho humano exigirá a economia compartilhada, não haverá espaço para egoístas. <U+262D>",,FALSE,12346,863,166,5956,6608,2016-11-09 02:38:44,FALSE,,,"pt","https://pbs.twimg.com/profile_banners/796180188946112512/1521027977",,"http://pbs.twimg.com/profile_images/796182441824317440/LaJXz-I1_normal.jpg"
"x1269484171","Rafa Mayoral","MayoralRafa","","Abogado. Diputado en el Congreso. Miembro del Consejo Ciudadano de @ahorapodemos","https://t.co/YeVlBl6Wsr",FALSE,61514,2612,631,2042,4303,2013-03-15 11:18:27,TRUE,"https://t.co/YeVlBl6Wsr","http://podemos.info","es","https://pbs.twimg.com/profile_banners/1269484171/1481629978","http://abs.twimg.com/images/themes/theme9/bg.gif","http://pbs.twimg.com/profile_images/750675397923180544/8cv5DXTB_normal.jpg"
"x134949850","Dolores Amadeo","mdoloresamadeo","","Consejera Ciudadana de Podemos Madrid",,FALSE,710,1315,11,19217,18797,2010-04-19 22:58:12,FALSE,,,"es","https://pbs.twimg.com/profile_banners/134949850/1519895242","http://abs.twimg.com/images/themes/theme1/bg.png","http://pbs.twimg.com/profile_images/943271349157548032/5Wh2EP3s_normal.jpg"
"x751454653011951616","The Intercept Brasil","TheInterceptBr","Brazil","Jornalismo destemido e sem amarras","https://t.co/Qh1hohaOjx",FALSE,89077,160,837,7418,326,2016-07-08 16:35:25,TRUE,"https://t.co/Qh1hohaOjx","http://brasil.theintercept.com","pt","https://pbs.twimg.com/profile_banners/751454653011951616/1470079332","http://abs.twimg.com/images/themes/theme1/bg.png","http://pbs.twimg.com/profile_images/760193544380411905/HpCbIaqB_normal.jpg"
"x41650084","Portal CTB","PortalCTB","Brasil","Central dos Trabalhadores e Trabalhadoras do Brasil (CTB)","https://t.co/s0ZOpiABCU",FALSE,7281,515,83,11346,704,2009-05-21 18:54:07,FALSE,"https://t.co/s0ZOpiABCU","http://www.ctb.org.br","pt","https://pbs.twimg.com/profile_banners/41650084/1520981229","http://pbs.twimg.com/profile_background_images/378800000101835285/7c573ca180df353dccbb446c49d2ed65.jpeg","http://pbs.twimg.com/profile_images/847900643604017152/jPqvubu0_normal.jpg"
"x45013575","teleSUR TV","teleSURtv","Caracas","Con más 40 corresponsales en el mundo, alzamos nuestra voz donde otros medios callan.
teleSUR es la señal informativa de América Latina","http://t.co/ytrnpmyCA5",FALSE,1535611,293,11431,1048736,725,2009-06-05 22:21:49,TRUE,"http://t.co/ytrnpmyCA5","http://www.telesurtv.net","es","https://pbs.twimg.com/profile_banners/45013575/1510059336","http://pbs.twimg.com/profile_background_images/458205236549517312/SV4G5pst.jpeg","http://pbs.twimg.com/profile_images/927882145342902275/dierX20H_normal.jpg"
"x30342278","Karina Buhr","karinabuhr","Brasil","Encomende sua festa: contato@karinabuhr.com.br","https://t.co/iLiZdjUYq4",FALSE,40855,2158,453,15578,2159,2009-04-10 23:35:29,FALSE,"https://t.co/iLiZdjUYq4","http://www.karinabuhr.com.br","en","https://pbs.twimg.com/profile_banners/30342278/1460893398","http://pbs.twimg.com/profile_background_images/545682795230531584/jtcsb1w_.jpeg","http://pbs.twimg.com/profile_images/647034658312617984/Bo5IV7Mq_normal.jpg"
"x26932840","Blog do Miro","BlogdoMiro","Brasil","Uma trincheira na luta contra a ditadura midiática","http://t.co/kzxf989YAu",FALSE,75061,31426,921,104312,31,2009-03-27 02:56:11,FALSE,"http://t.co/kzxf989YAu","http://www.altamiroborges.blogspot.com/","pt",,"http://abs.twimg.com/images/themes/theme1/bg.png","http://pbs.twimg.com/profile_images/1196027372/49308_100001676127701_7775185_q_normal.jpg"
"x68759158","Stela Farias","StelaFarias","Alvorada","Líder da bancada do PT na ALRS. Deputada estadual em 3° mandato. Luto pela qualidade e o acesso universal ao serviço público p/ todas e todos!","https://t.co/SHSA2snMES",FALSE,4978,527,100,11070,1883,2009-08-25 17:57:13,TRUE,"https://t.co/SHSA2snMES","http://fb.com/StelaFariasRS","pt","https://pbs.twimg.com/profile_banners/68759158/1499778735","http://pbs.twimg.com/profile_background_images/378800000025108042/e7aea588d391099f97261351fe2c8584.jpeg","http://pbs.twimg.com/profile_images/884762309981347840/EKX-BvzE_normal.jpg"
"x2174537102","EL PAÍS Brasil","elpais_brasil","Brasil","As notícias globais mais relevantes e os últimos acontecimentos em português, pelos jornalistas do EL PAÍS. Instagram e Snapchat: elpaisbrasil","http://t.co/8hrWiHWjpm",FALSE,278889,288,1599,40161,213,2013-11-04 18:32:18,TRUE,"http://t.co/8hrWiHWjpm","http://brasil.elpais.com/","pt","https://pbs.twimg.com/profile_banners/2174537102/1412128535","http://pbs.twimg.com/profile_background_images/378800000109120732/378d21716f8a943294c17dd70a75771a.png","http://pbs.twimg.com/profile_images/778985074620588032/2uT7E4Th_normal.jpg"
"x2528987124","Ponte Jornalismo","pontejornalismo","Brasil","Ponte (https://t.co/fMTpkTuO97) é um canal de informações sobre Segurança Pública, Justiça e Direitos Humanos. 

Apoie: 
https://t.co/x520A3pfff","https://t.co/fMTpkTuO97",FALSE,31967,255,314,3096,4830,2014-05-28 03:57:33,FALSE,"https://t.co/fMTpkTuO97","http://www.ponte.org","pt","https://pbs.twimg.com/profile_banners/2528987124/1519143947","http://abs.twimg.com/images/themes/theme14/bg.gif","http://pbs.twimg.com/profile_images/856985039615217664/3nmBole4_normal.jpg"
"x95253000","Roberto Requião","requiaopmdb","Brasília/Paraná","Sen Pr, vice pres da Comissão mista Brasileira do Parlasul,Vice do Parlatino. Pres PMDB PR. Pres Frente Soberania.","https://t.co/b3mW1hucCC",FALSE,191669,952,1282,110846,508,2009-12-07 18:28:34,TRUE,"https://t.co/b3mW1hucCC","http://www.robertorequiao.com.br","pt","https://pbs.twimg.com/profile_banners/95253000/1513510498","http://pbs.twimg.com/profile_background_images/337914595/Imagem_2.jpg","http://pbs.twimg.com/profile_images/950051352893382656/eKeYLVU5_normal.jpg"
"x840344492242849792","ProgramaForadaCurva","progforadacurva","Recife, Brazil","Programa com análises críticas de temas em destaques nas rádios, jornais e TVs corporativas e construção de uma agenda midiática social","https://t.co/p9QQKr4gNQ",FALSE,597,1581,1,2400,901,2017-03-10 23:31:54,FALSE,"https://t.co/p9QQKr4gNQ","https://www.youtube.com/ProgramaForadaCurva","pt","https://pbs.twimg.com/profile_banners/840344492242849792/1500316633",,"http://pbs.twimg.com/profile_images/887018268036403200/Jm3nF3FR_normal.jpg"
"x56195302","Andrea Hermoso","andreahermoso","Caracas","Sustento la creencia de que sólo la creación justifica la condición humana - César Rengifo. Comunicadora - soldada de nuestra Revolución","https://t.co/VOYM8Wqa3r",FALSE,6013,1025,43,27222,3785,2009-07-12 21:24:59,FALSE,"https://t.co/VOYM8Wqa3r","http://www.desdelaplaza.com","es","https://pbs.twimg.com/profile_banners/56195302/1519062036","http://abs.twimg.com/images/themes/theme1/bg.png","http://pbs.twimg.com/profile_images/898906871792381957/zRD-63YQ_normal.jpg"
