"user_id","name","screen_name","location","description","url","protected","followers_count","friends_count","listed_count","statuses_count","favourites_count","account_created_at","verified","profile_url","profile_expanded_url","account_lang","profile_banner_url","profile_background_url","profile_image_url"
"x40053694","FlavioBolsonaro","FlavioBolsonaro","Rio de Janeiro","Deputado Estadual-RJ. Sou reacionário, reajo a tudo que não presta, como a esquerda, por exemplo.","https://t.co/WJuB9EwWz1",FALSE,281655,1157,538,10564,1107,2009-05-14 18:28:03,TRUE,"https://t.co/WJuB9EwWz1","http://www.flaviobolsonaro.com","en","https://pbs.twimg.com/profile_banners/40053694/1496419821","http://pbs.twimg.com/profile_background_images/703395287/a28ab6e758300b93f954894ea9c6bc49.png","http://pbs.twimg.com/profile_images/870673543696187392/F2pu-qWV_normal.jpg"
"x68712576","Carlos Bolsonaro","CarlosBolsonaro","Rio de Janeiro-RJ","Foi o mais jovem vereador da história do Rio de Janeiro, eleito com 17 anos de idade. Em 2017, atua no seu quinto mandato sendo o mais votado/ 106.657 votos.","https://t.co/3z2ZiPnA8f",FALSE,227484,363,457,9075,1725,2009-08-25 14:53:27,TRUE,"https://t.co/3z2ZiPnA8f","http://www.carlosbolsonaro.com.br","pt","https://pbs.twimg.com/profile_banners/68712576/1511724181","http://pbs.twimg.com/profile_background_images/706853087/2c4a75f1ccd1f3abd23df718eb9b8bd5.png","http://pbs.twimg.com/profile_images/829251846518820864/_AriVH9H_normal.jpg"
"x16880800","Marcus Vinicius","mvsmotta","Argentina","Troll de direita, inimigo dos revolucionários de internet, um cara legal até a hora em que preciso deixar de ser. Home is where my cats are.","https://t.co/uoQvGLOSXA",FALSE,64907,727,1153,84531,8354,2008-10-21 03:57:37,FALSE,"https://t.co/uoQvGLOSXA","http://www.marcusviniciusmotta.com","pt","https://pbs.twimg.com/profile_banners/16880800/1498344949","http://pbs.twimg.com/profile_background_images/3234351/RedSpheres1280x960.jpg","http://pbs.twimg.com/profile_images/598687093599162368/n6PrZotW_normal.jpg"
"x128372940","Jair Bolsonaro","jairbolsonaro","Rio de Janeiro, Brasil","Capitão do Exército Brasileiro, Deputado Federal eleito pelo RJ. Info: 21-38142118","http://t.co/bqpNS6l0al",FALSE,1052585,180,1198,3996,805,2010-03-31 23:13:44,TRUE,"http://t.co/bqpNS6l0al","http://www.bolsonaro.com.br","pt","https://pbs.twimg.com/profile_banners/128372940/1476895002","http://pbs.twimg.com/profile_background_images/441369451804385281/wDcvaf3c.jpeg","http://pbs.twimg.com/profile_images/783363513439879168/-FquKJ9y_normal.jpg"
"x898078792652132352","Ódio do bem <f0><U+009F><U+008C><U+0088>","odiodobem","","[+18] Aqui mostramos quem são os verdadeiros intolerantes. Envie-nos prints: odiodobem@gmail.com meu outro perfil @odiodobem2","https://t.co/sOM2T1ud0l",FALSE,57283,164,147,1489,4993,2017-08-17 07:07:24,FALSE,"https://t.co/sOM2T1ud0l","http://instagram.com/odiodobem","pt","https://pbs.twimg.com/profile_banners/898078792652132352/1506790095",,"http://pbs.twimg.com/profile_images/953655214581612544/tvIVB-L9_normal.jpg"
"x17503188","Flavio Morgenstern","flaviomorgen","São Paulo - Brazil","Escritor, editor do @sensoinc e do podcast Guten Morgen <U+2615><U+FE0F>. O sucesso não me estragou: sempre fui insuportável. «Por trás da máscara»: https://t.co/Zgws5LRmkg","https://t.co/u36QDHCAhV",FALSE,73558,1907,526,129654,13274,2008-11-20 03:15:11,TRUE,"https://t.co/u36QDHCAhV","https://sensoincomum.org","en-gb","https://pbs.twimg.com/profile_banners/17503188/1521857340","http://pbs.twimg.com/profile_background_images/609930837937770496/5lboSwcY.jpg","http://pbs.twimg.com/profile_images/978492311402360833/lk8_LLJt_normal.jpg"
"x3102992835","Gabriel Casagrande","gcasagrande83","Curitiba, Brasil","Piloto da Equipe Jupiter Baterias / Vogel Motorsports na Stock Car","https://t.co/CYPEijHI1B",FALSE,386,50,0,417,220,2015-03-21 22:44:34,FALSE,"https://t.co/CYPEijHI1B","http://www.gabrielcasagrande.com.br","pt","https://pbs.twimg.com/profile_banners/3102992835/1502820905","http://abs.twimg.com/images/themes/theme1/bg.png","http://pbs.twimg.com/profile_images/897519932249866240/PyWXYbTy_normal.jpg"
"x326944400","Direita Brasil","DireitaBrasil","Rio de Janeiro, Brasil","Pelo renascimento da Direita no Brasil. Conservador, a favor da vida, da família, dos valores tradicionais da civilização ocidental. Chega de esquerdismo!",,FALSE,49211,812,164,23228,471,2011-06-30 18:58:59,FALSE,,,"pt",,"http://abs.twimg.com/images/themes/theme1/bg.png","http://pbs.twimg.com/profile_images/454342316472283136/tsldm6Ig_normal.jpeg"
"x968011888075378688","Isentões","lsentoes","Teta do Reinaldo Azevedo","Perfil pra homenagear nossos amigos micheleiros, tucanos e outros que ficam em cima do muro, mas que sabemos bem de que lado estão.",,FALSE,5587,0,7,118,0,2018-02-26 06:36:33,FALSE,,,"pt","https://pbs.twimg.com/profile_banners/968011888075378688/1519690954",,"http://pbs.twimg.com/profile_images/968013767144607745/BcNz9A0z_normal.jpg"
"x75203253","AluizioAmorim","BlogdoAmorim","Florianópolis-Brasil","Brazilian Journalist","http://t.co/uFt6awrF6D",FALSE,22000,587,490,60717,228,2009-09-18 04:54:10,FALSE,"http://t.co/uFt6awrF6D","http://aluizioamorim.blogspot.com","pt","https://pbs.twimg.com/profile_banners/75203253/1398302084","http://abs.twimg.com/images/themes/theme1/bg.png","http://pbs.twimg.com/profile_images/2225060347/alluizio-novissima_normal.jpg"
"x871133532810125312","GABRIEL PINHEIRO","GABRlELPlNHElRO","CHAINA","Tweets feitos à mão por crianças chinesas",,FALSE,36233,502,302,110036,4477,2017-06-03 22:36:33,FALSE,,,"pt","https://pbs.twimg.com/profile_banners/871133532810125312/1520739920",,"http://pbs.twimg.com/profile_images/945841120348647426/LLUEG6mM_normal.jpg"
"x104599176","Carol","mariacaah_","Brasil","Brasil acima de tudo, Deus acima de todos <f0><U+009F><U+0087><U+00A7><f0><U+009F><U+0087><U+00B7>",,FALSE,1084,88,27,19940,983,2010-01-13 20:40:51,FALSE,,,"pt","https://pbs.twimg.com/profile_banners/104599176/1521989272","http://pbs.twimg.com/profile_background_images/628011651686625280/5nVxpfq1.jpg","http://pbs.twimg.com/profile_images/977919442687537152/3duwaAPF_normal.jpg"
"x50467299","Sabrina","sabrina_varela","Sergipe","Sou Flamengo até morrer e já vou avisando pra quem me adicionar, 99% do que posto aqui é sobre Flamengo.",,FALSE,408,426,11,8785,1284,2009-06-24 22:44:07,FALSE,,,"pt","https://pbs.twimg.com/profile_banners/50467299/1464452751","http://pbs.twimg.com/profile_background_images/97715720/flamengo1.jpg","http://pbs.twimg.com/profile_images/862441267313168387/eYLVgxas_normal.jpg"
"x2970898655","StrangerThingsFanDom","STfandom2","","",,FALSE,57,199,2,6264,2163,2015-01-10 04:46:23,FALSE,,,"pt","https://pbs.twimg.com/profile_banners/2970898655/1510671451","http://abs.twimg.com/images/themes/theme1/bg.png","http://pbs.twimg.com/profile_images/867225671461982209/Og2xk8d5_normal.jpg"
"x966425275100815360","Luciana Campelo","Luciana43461653","Bengui, Belém","",,FALSE,8,72,0,26,132,2018-02-21 21:31:55,FALSE,,,"en",,,"http://pbs.twimg.com/profile_images/967909882363109376/gSLmo-XB_normal.jpg"
"x3202782819","BOLSONARO OPRESSOR","Bopressor20","","TWITTER SOBRE O MITO, COM MUITO HUMOR","https://t.co/Eizmne53Jv",FALSE,14272,350,22,7975,19450,2015-04-25 00:47:12,FALSE,"https://t.co/Eizmne53Jv","https://twitter.com/Bolsonaopressor","pt","https://pbs.twimg.com/profile_banners/3202782819/1465476301","http://abs.twimg.com/images/themes/theme1/bg.png","http://pbs.twimg.com/profile_images/974444551204196352/9bXdhKei_normal.jpg"
"x745467130540232704","William T. Caetano","W2Caetano","","",,FALSE,806,707,5,8708,2133,2016-06-22 04:03:08,FALSE,,,"pt","https://pbs.twimg.com/profile_banners/745467130540232704/1516499261",,"http://pbs.twimg.com/profile_images/966535087650205696/KdalZc8W_normal.jpg"
"x875863048321458176","Glauber","glauberroch","","sou um rubro-negro apaixonado!
aviso: maconheiros, noiados em geral, defensores de vagabundo não cheguem aqui, sumam, vão pra pqp. odeio vcs, quero que morram.",,FALSE,483,311,2,8512,11453,2017-06-16 23:49:58,FALSE,,,"pt","https://pbs.twimg.com/profile_banners/875863048321458176/1502841832",,"http://pbs.twimg.com/profile_images/947965290201088000/BvqDQeeH_normal.jpg"
"x50452226","Augusto Nunes","augustosnunes","Brazil","Colunista de https://t.co/LZRkkeiKo8, comentarista do Jornal da Manhã e integrante do Os Pingos nos Is, ambos da Rádio Jovem Pan","http://t.co/7AZUvJ5HSs",FALSE,223410,98,1007,21666,29,2009-06-24 21:47:36,FALSE,"http://t.co/7AZUvJ5HSs","http://veja.abril.com.br/blog/augusto-nunes/","pt","https://pbs.twimg.com/profile_banners/50452226/1353513088","http://pbs.twimg.com/profile_background_images/717641871/1598e4b9183803e68d2778fa60b01259.jpeg","http://pbs.twimg.com/profile_images/1502129310/augusto-nunes-300_normal.jpg"
"x42736936","DelegadoFrancischini","Francischini_","Paraná/Brasil","Deputado Federal e Delegado da PF. Coordenou prisões de megatraficantes. #Bolsonaro2018 PERFIL OFICIAL!","https://t.co/2rVSSlXffc",FALSE,114271,19943,374,18721,648,2009-05-26 22:10:40,TRUE,"https://t.co/2rVSSlXffc","http://fernandofrancischini.com.br","pt","https://pbs.twimg.com/profile_banners/42736936/1504135178","http://abs.twimg.com/images/themes/theme14/bg.gif","http://pbs.twimg.com/profile_images/902975680035655680/vAeie66f_normal.jpg"
"x1523748277","Conexão Política","conexaopolitica","Brasil","Portal de notícias; entrevistas; análises e opiniões.  https://t.co/evwYxMJk4T <f0><U+009F><U+0087><U+00A7><f0><U+009F><U+0087><U+00B7>","https://t.co/6pXfiH8ynT",FALSE,46186,150,171,42078,16857,2013-06-17 02:24:51,FALSE,"https://t.co/6pXfiH8ynT","http://conexaopolitica.com.br/","pt","https://pbs.twimg.com/profile_banners/1523748277/1495482219","http://pbs.twimg.com/profile_background_images/619272180367552512/A-VTXHqp.png","http://pbs.twimg.com/profile_images/971495705809432579/0gICeNBN_normal.jpg"
"x74756085","Eduardo Bolsonaro","BolsonaroSP","São Paulo - SP","Filho do deputado federal Jair Bolsonaro, Policial Federal eleito Deputado Federal pelo Estado de SP.","https://t.co/RgYjwptiVz",FALSE,361244,352,493,7408,9104,2009-09-16 15:25:13,TRUE,"https://t.co/RgYjwptiVz","http://www.eduardobolsonarosp.com.br","pt","https://pbs.twimg.com/profile_banners/74756085/1478341298","http://pbs.twimg.com/profile_background_images/378800000098804320/09343d16ea4888d95790a36ec321d104.jpeg","http://pbs.twimg.com/profile_images/948375187145158656/FHNo_qMs_normal.jpg"
"x174818242","Leandro Ruschel","leandroruschel","","Fundador do Grupo L&S. Especialista em investimentos. Apaixonado por filosofia e ciência política.  Empreendedor. Admirador da excelência. Conservador.","https://t.co/MtWOyxLY8z",FALSE,67159,312,147,11876,186,2010-08-04 22:23:57,FALSE,"https://t.co/MtWOyxLY8z","https://leandroruschel.mn.co/home","pt","https://pbs.twimg.com/profile_banners/174818242/1406410392","http://abs.twimg.com/images/themes/theme1/bg.png","http://pbs.twimg.com/profile_images/1818128250/eu_nova_normal.png"
"x35805725","Marco Feliciano","marcofeliciano","São Paulo, Brasil","Pastor, reeleito Deputado Federal pelo Estado de São Paulo com quase 400 mil votos, Presidente da Assembléia de Deus Ministério Catedral do Avivamento","https://t.co/jul7eK7iia",FALSE,515091,84,1774,46767,176,2009-04-27 17:46:25,TRUE,"https://t.co/jul7eK7iia","http://www.marcofeliciano.com.br","pt","https://pbs.twimg.com/profile_banners/35805725/1504103550","http://pbs.twimg.com/profile_background_images/378800000176564914/o_v-BQ2g.jpeg","http://pbs.twimg.com/profile_images/974690361602867200/qDGlerJn_normal.jpg"
"x3318337402","Nando Moura_Oficial","moura_101","","Guitarrista e vocalista da banda Pandora 101, compositor, professor e produtor musical.","https://t.co/ye8uucS1b0",FALSE,128953,149,204,2426,367,2015-06-11 02:22:24,TRUE,"https://t.co/ye8uucS1b0","http://www.nandomoura.com","pt","https://pbs.twimg.com/profile_banners/3318337402/1492043835","http://abs.twimg.com/images/themes/theme1/bg.png","http://pbs.twimg.com/profile_images/852320363711258625/JSF-gw9s_normal.jpg"
"x4105293736","Brina","brina_gugli","","Jornalista","https://t.co/iY5jvuFrC1",FALSE,7286,142,29,46875,32674,2015-11-03 14:52:24,FALSE,"https://t.co/iY5jvuFrC1","http://borntobecult.blogspot.com.br/","pt","https://pbs.twimg.com/profile_banners/4105293736/1463007248","http://pbs.twimg.com/profile_background_images/663479706235363328/tPeiOaFw.jpg","http://pbs.twimg.com/profile_images/976208476643954688/aaxx_d58_normal.jpg"
"x1442875531","Youtube: Duda Nagle","DudaNagle","","<U+2600><U+FE0F> Ator, <f0><U+009F><U+008E><U+00AD>, no ar como Rogerinho em Rio Heroes no Fox Premium(foto), produtor/Diretor do Canal Leda Nagle  e no YouTube: Duda Nagle - Instagram: Duda Nagle","https://t.co/E7agacvQBl",FALSE,378656,749,62,14800,7111,2013-05-20 04:40:26,TRUE,"https://t.co/E7agacvQBl","https://youtu.be/73_zY7fuED0","pt","https://pbs.twimg.com/profile_banners/1442875531/1519068228","http://abs.twimg.com/images/themes/theme1/bg.png","http://pbs.twimg.com/profile_images/730049341147205632/OBTbJHV9_normal.jpg"
"x52849416","Felipe Moura Brasil","BlogDoPim","Rio de Janeiro","O Antagonista & Jovem Pan. Ex-Veja. Maior influenciador político do Brasil no Twitter (ver Google). Org: O mínimo que você precisa saber para não ser um idiota.","https://t.co/iKU9qfObYa",FALSE,768563,3154,862,26468,7827,2009-07-01 21:00:22,TRUE,"https://t.co/iKU9qfObYa","http://www.oantagonista.com","pt","https://pbs.twimg.com/profile_banners/52849416/1490899648","http://pbs.twimg.com/profile_background_images/378800000082459562/235d5676ad4eb072afb744bcb277e4e2.jpeg","http://pbs.twimg.com/profile_images/914495946335178752/A4BIbFFb_normal.jpg"
"x1433717605","Paulo The Eraser Costa","BorrachinhaMMA","Belo Horizonte, Brasil","TOP 15 UFC Middleweight
Record: 11-0-0
Contact:
<f0><U+009F><U+0093><U+00A9> contato@borrachinhaufc.com","https://t.co/80KmCzYGBz",FALSE,7350,39,45,804,1468,2013-05-16 18:18:24,TRUE,"https://t.co/80KmCzYGBz","http://borrachinhaufc.com.br/","pt","https://pbs.twimg.com/profile_banners/1433717605/1495648371","http://pbs.twimg.com/profile_background_images/461622016240386048/xvE6KDut.jpeg","http://pbs.twimg.com/profile_images/945258424463511552/zHVsxdmK_normal.jpg"
"x36714942","Paulo Martins","PauloMartins10","Curitiba","Jornalista - Deputado Federal",,FALSE,65192,559,4,11352,3108,2009-04-30 17:12:15,FALSE,,,"pt",,"http://abs.twimg.com/images/themes/theme1/bg.png","http://pbs.twimg.com/profile_images/977904868198404096/-9eXTT27_normal.jpg"
"x60957484","Bene Barbosa - MVB","benebarbosa_mvb","Brasil","Cidadão de bem e pai de família. Conheça meu blog! https://t.co/qKRl7JPEO1…","https://t.co/uJ5ERdHFZ9",FALSE,101961,811,275,37905,19515,2009-07-28 16:59:26,FALSE,"https://t.co/uJ5ERdHFZ9","http://www.mvb.org.br","pt","https://pbs.twimg.com/profile_banners/60957484/1496251860","http://pbs.twimg.com/profile_background_images/26747059/fundo_tweeter.jpg","http://pbs.twimg.com/profile_images/583313477588152320/ntcQNQIM_normal.jpg"
"x51484063","Malena  Saldanha","Madiefroggy","Belo Horizonte - MG","@galo  ,  @atletico , @belo_horizonte, 
 @palavras_coloridas",,FALSE,542,1548,1,4313,15707,2009-06-27 16:36:20,FALSE,,,"pt","https://pbs.twimg.com/profile_banners/51484063/1518729642","http://pbs.twimg.com/profile_background_images/592627418948456448/8RqWGmFP.jpg","http://pbs.twimg.com/profile_images/977191033921564672/kkuy31X__normal.jpg"
"x125657823","Forcolen","forcolen","Brasil, Novo Hamburgo RS","Jornalista e apresentador de telejornal. Atualmente na Rede Massa - SBT/Paraná, em Curitiba.","https://t.co/4smlqPx3zW",FALSE,34157,126,248,33363,92,2010-03-23 13:25:27,TRUE,"https://t.co/4smlqPx3zW","https://www.facebook.com/forcolen","en","https://pbs.twimg.com/profile_banners/125657823/1522102519","http://abs.twimg.com/images/themes/theme6/bg.gif","http://pbs.twimg.com/profile_images/978395076211761152/aIXxiPiP_normal.jpg"
"x1087218997","3 DE ABRIL NAS RUAS PELA PRISÃO DE LULA!","reaconaria","Reaça Tower Building","O Maior Portal Conservador do Brasil
https://t.co/Tm2obVVx9P","http://t.co/nILGMGhmHj",FALSE,58225,527,319,54842,1408,2013-01-13 21:00:53,FALSE,"http://t.co/nILGMGhmHj","http://reaconaria.org/","pt","https://pbs.twimg.com/profile_banners/1087218997/1417416912","http://pbs.twimg.com/profile_background_images/830832841/3f542e03578cd07dcd9a988e18d62cda.png","http://pbs.twimg.com/profile_images/864917238226268160/crB3fPEj_normal.jpg"
"x14213711","Danilo Gentili","DaniloGentili","Santo André","Desde 1979 estragando tudo e decepcionando pessoas.","https://t.co/t6kH7bcxyI",FALSE,16289079,214,22591,63123,352,2008-03-25 06:44:38,TRUE,"https://t.co/t6kH7bcxyI","http://www.danilogentili.com","pt","https://pbs.twimg.com/profile_banners/14213711/1491155339","http://pbs.twimg.com/profile_background_images/167472784/fundo.jpg","http://pbs.twimg.com/profile_images/939514703780380673/kRYG1Hwo_normal.jpg"
"x3345681971","Conexão Cristão","conexaocristao","Brasil","EIS QUE TE ENVIO EM MEU NOME! Buscamos anunciar Jesus, através de missões e evangelismos. @conexaopolitica @conexaofamilias @oracaoconexao","https://t.co/SRm95qxY6v",FALSE,130577,8984,425,177128,65920,2015-06-25 17:17:08,FALSE,"https://t.co/SRm95qxY6v","http://conexaopolitica.com.br","pt","https://pbs.twimg.com/profile_banners/3345681971/1517012090","http://abs.twimg.com/images/themes/theme1/bg.png","http://pbs.twimg.com/profile_images/957043773997043712/RefeNxdo_normal.jpg"
"x3237751515","Senso Incomum <U+2693>","sensoinc","","Notícias, artigos e opiniões contra a corrente. Fique mais inteligente e perca amigos. Não perca nosso podcast, o Guten Morgen: https://t.co/GfaYdYEEea","https://t.co/kvqLQYkEYq",FALSE,44521,307,191,1675,4,2015-05-06 02:42:18,FALSE,"https://t.co/kvqLQYkEYq","http://www.sensoincomum.org","pt","https://pbs.twimg.com/profile_banners/3237751515/1522185844","http://pbs.twimg.com/profile_background_images/651824731696570368/RKOblneB.jpg","http://pbs.twimg.com/profile_images/950805094911627265/HiMLppgR_normal.jpg"
"x827306290586189824","Brothers de Direita","BrothersDireita","Brasil","Perfil de comédia e paródia (às vezes).  Irmãos na luta contra as mentiras da esquerda!  Rejeitando o politicamente correto #CorruptosNaCadeia<f0><U+009F><U+0095><U+00B5><f0><U+009F><U+008F><U+00BB><f0><U+009F><U+0095><U+00B5><f0><U+009F><U+008F><U+00BB>","https://t.co/qQIvBvLnkw",FALSE,6223,388,26,17832,58409,2017-02-03 00:02:45,FALSE,"https://t.co/qQIvBvLnkw","http://instagram.com/meliberteidopt","pt","https://pbs.twimg.com/profile_banners/827306290586189824/1511953337","http://abs.twimg.com/images/themes/theme1/bg.png","http://pbs.twimg.com/profile_images/827348042437242880/w87HN4YH_normal.jpg"
"x586168439","Art n Crochet","ArtnCrochet","Brasil","Quanto mais eu leio, mais tenho nojo de esquerdistas","https://t.co/iRPwNhIRCz",FALSE,130,127,0,8323,1368,2012-05-21 02:17:11,FALSE,"https://t.co/iRPwNhIRCz","http://artncrochet.blogspot.com","pt","https://pbs.twimg.com/profile_banners/586168439/1513716273","http://abs.twimg.com/images/themes/theme10/bg.gif","http://pbs.twimg.com/profile_images/943332227324284928/_o-1b150_normal.jpg"
"x28958495","Paulo","pauloap","São Paulo, Brasil","Sou redator e escrevo sobre diversos assuntos em vários lugares. Aqui falo de muita coisa, principalmente o que tem a ver com cultura pop... TV, HQ, filme, etc",,FALSE,28806,446,407,268708,3590,2009-04-05 07:48:08,FALSE,,,"pt","https://pbs.twimg.com/profile_banners/28958495/1507261112","http://pbs.twimg.com/profile_background_images/378800000120923994/512a145880b0e8409c0189c5bc4b26c4.jpeg","http://pbs.twimg.com/profile_images/959898548274909186/VSveFo3k_normal.jpg"
"x52048790","Allan L. Dos Santos","allanldsantos","Rio Grande do Sul, Brazil","Destroying and unmasking Communists everywhere. Follow @tercalivre","http://t.co/4W1CphP4o4",FALSE,21290,130,93,65907,17597,2009-06-29 13:02:48,FALSE,"http://t.co/4W1CphP4o4","http://www.tercalivre.com","en","https://pbs.twimg.com/profile_banners/52048790/1434634261","http://abs.twimg.com/images/themes/theme9/bg.gif","http://pbs.twimg.com/profile_images/647105487368949760/Dq5YOl1P_normal.png"
"x17752026","Roger Rocha Moreira","roxmo","SP, Brazil","Rock and roller","https://t.co/YdCgQFXBgP",FALSE,746580,954,2524,178243,301,2008-11-30 10:00:21,TRUE,"https://t.co/YdCgQFXBgP","http://about.me/rogermoreira","en","https://pbs.twimg.com/profile_banners/17752026/1401135237","http://pbs.twimg.com/profile_background_images/74952980/fendertilt.jpg","http://pbs.twimg.com/profile_images/442744104674660353/zGV7ZcFZ_normal.jpeg"
"x761021578893139968","Fatos da Esquerda","FatosEsquerda","","Uma página mostrando as verdades que tentam esconder sobre a esquerda.",,FALSE,40034,88,162,2706,629,2016-08-04 02:10:58,FALSE,,,"pt","https://pbs.twimg.com/profile_banners/761021578893139968/1475514279","http://abs.twimg.com/images/themes/theme1/bg.png","http://pbs.twimg.com/profile_images/945312351242342400/JLs0twXA_normal.jpg"
"x823500638","Ezequias.W.Cardoso","Ezeewc","","Monarquista por uma razão  lógica
Primeira regra negocie apenas com os demônios que você conhece Segunda regra relógio quebrado da horas certa duas vezes ao dia",,FALSE,980,2257,2,10958,10607,2012-09-14 15:37:25,FALSE,,,"pt","https://pbs.twimg.com/profile_banners/823500638/1478162631","http://abs.twimg.com/images/themes/theme1/bg.png","http://pbs.twimg.com/profile_images/816443988869779456/2zHf1g3V_normal.jpg"
"x4082794719","PEDRO <U+24DF>","pedroest17","Ribeirão Preto, Brasil","Torcedor do maior Campeão Nacional @Palmeiras

Aviso: Aqui a corneta soa alta",,FALSE,344,563,1,17023,35571,2015-10-31 13:43:35,FALSE,,,"pt","https://pbs.twimg.com/profile_banners/4082794719/1521764099","http://abs.twimg.com/images/themes/theme1/bg.png","http://pbs.twimg.com/profile_images/942833948358533121/Tk99mT0v_normal.jpg"
"x357030742","Beatriz kicis","Biakicis","","",,FALSE,18855,684,84,14100,11448,2011-08-17 18:52:59,FALSE,,,"pt","https://pbs.twimg.com/profile_banners/357030742/1497064393","http://abs.twimg.com/images/themes/theme1/bg.png","http://pbs.twimg.com/profile_images/642102945228701697/0s-UKD_x_normal.jpg"
"x1892161033","magno malta","MagnoMalta","Vila Velha, Brasil","Deus é o Fiel","https://t.co/6ocq9SQ3LY",FALSE,274020,383,194,4115,3274,2013-09-22 01:58:49,TRUE,"https://t.co/6ocq9SQ3LY","https://www.facebook.com/magnomalta","pt","https://pbs.twimg.com/profile_banners/1892161033/1379815455","http://abs.twimg.com/images/themes/theme1/bg.png","http://pbs.twimg.com/profile_images/378800000490130943/37401c7400cfd0630c69ba9f54a46ba2_normal.jpeg"
"x3655438942","junior perez","junin_perez","Uberlândia, Minas Gerais","",,FALSE,128,403,0,1498,1050,2015-09-14 17:52:02,FALSE,,,"pt",,"http://abs.twimg.com/images/themes/theme1/bg.png","http://pbs.twimg.com/profile_images/936181672793518081/xUJ4hNRO_normal.jpg"
"x17061263","Benjamin Netanyahu","netanyahu","Israel","<U+05E8><U+05D0><U+05E9> <U+05DE><U+05DE><U+05E9><U+05DC><U+05EA> <U+05D9><U+05E9><U+05E8><U+05D0><U+05DC> <U+05D5><U+05D9><U+05D5>''<U+05E8> <U+05D4><U+05DC><U+05D9><U+05DB><U+05D5><U+05D3>. <U+05E0><U+05E9><U+05D5><U+05D9> <U+05DC><U+05E9><U+05E8><U+05D4> <U+05D5><U+05D0><U+05D1> <U+05DC><U+05E9><U+05DC><U+05D5><U+05E9><U+05D4> • Prime Minister of Israel, Chairman of the Likud Party, husband of Sara, father of three.","https://t.co/QIxHzGNSzU",FALSE,1325638,33,7309,3267,40,2008-10-30 06:40:51,TRUE,"https://t.co/QIxHzGNSzU","http://netanyahu.org.il","en","https://pbs.twimg.com/profile_banners/17061263/1453375463","http://pbs.twimg.com/profile_background_images/182278706/126.jpg","http://pbs.twimg.com/profile_images/564353911473967104/rDqJgxFZ_normal.jpeg"
"x25073877","Donald J. Trump","realDonaldTrump","Washington, DC","45th President of the United States of America<f0><U+009F><U+0087><U+00BA><f0><U+009F><U+0087><U+00B8>","https://t.co/OMxB0x7xC5",FALSE,49723715,45,85336,37201,24,2009-03-18 13:46:38,TRUE,"https://t.co/OMxB0x7xC5","http://www.Instagram.com/realDonaldTrump","en","https://pbs.twimg.com/profile_banners/25073877/1521874230","http://pbs.twimg.com/profile_background_images/530021613/trump_scotland__43_of_70_cc.jpg","http://pbs.twimg.com/profile_images/874276197357596672/kUuht00m_normal.jpg"
"x865668589860397057","Bibi","OrleansBianca","","Corruptissima res publica, plurimae leges- Gaius Cornelius Tacitus",,FALSE,358,251,4,23420,8577,2017-05-19 20:40:49,FALSE,,,"pt","https://pbs.twimg.com/profile_banners/865668589860397057/1505951519",,"http://pbs.twimg.com/profile_images/979787694866919424/8HomM_QP_normal.jpg"
"x838798985078915072","Victor Kayser","VictorKayser4","Santa Catarina, Brasil","Conservador, armamentista, tradicionalista, pró vida e pró REFORMAS",,FALSE,168,877,0,504,1267,2017-03-06 17:10:36,FALSE,,,"pt","https://pbs.twimg.com/profile_banners/838798985078915072/1501521496",,"http://pbs.twimg.com/profile_images/936608865373884416/CoPvcFTb_normal.jpg"
"x403737798","João Gabriel <f0><U+009F><U+0087><U+00A7><f0><U+009F><U+0087><U+00B7>","ChuaumGabriel","São Paulo, Brasil","Consultor VMware. Analista de Sistemas pós-graduado em Informática em Saúde. Armamentista. Tecnologia, animes e trens.","https://t.co/jiy6Mw0ndw",FALSE,1645,29,5,16750,7767,2011-11-02 22:52:17,FALSE,"https://t.co/jiy6Mw0ndw","http://instagram.com/joaolink","pt","https://pbs.twimg.com/profile_banners/403737798/1513508948","http://abs.twimg.com/images/themes/theme14/bg.gif","http://pbs.twimg.com/profile_images/945715497680752641/RnaGE2rr_normal.jpg"
"x3021994857","SERGIO  HANG","sergiohang7","","",,FALSE,768,390,14,33314,22632,2015-02-06 19:36:37,FALSE,,,"pt","https://pbs.twimg.com/profile_banners/3021994857/1434826016","http://abs.twimg.com/images/themes/theme14/bg.gif","http://pbs.twimg.com/profile_images/765841053991768064/CPwYcXez_normal.jpg"
"x2880932962","O Antagonista","o_antagonista","","Diogo Mainardi, Mario Sabino, Claudio Dantas | Assine nossa newsletter: https://t.co/OGijihCK1G","https://t.co/QQoknEwW3m",FALSE,480632,514,1104,64357,355,2014-11-17 12:22:32,TRUE,"https://t.co/QQoknEwW3m","http://www.oantagonista.com/","pt","https://pbs.twimg.com/profile_banners/2880932962/1519071858","http://abs.twimg.com/images/themes/theme1/bg.png","http://pbs.twimg.com/profile_images/545680042630447104/0mw8fVFF_normal.png"
"x899065749028974592","Victor Gabriel","CodigoVictor","","",,FALSE,12,51,0,2997,509,2017-08-20 00:29:13,FALSE,,,"pt",,,"http://abs.twimg.com/sticky/default_profile_images/default_profile_normal.png"
"x52576662","Nelson","nelcitos","Brasilia","um cara que acredita em Deus, apaixonado pela Família, pelo Bahea e pela minha Salvador.",,FALSE,2649,2350,14,83551,8483,2009-07-01 00:38:17,FALSE,,,"pt","https://pbs.twimg.com/profile_banners/52576662/1497458588","http://pbs.twimg.com/profile_background_images/378800000046465476/10147b1e8608fe7d604ae84421014052.jpeg","http://pbs.twimg.com/profile_images/503196228469800960/x-I5mNSy_normal.jpeg"
"x30622843","Mr COUTO","Mr_Couto","Washington, DC","<f0><U+009F><U+0087><U+00BA><f0><U+009F><U+0087><U+00B8> Americano, <f0><U+009F><U+0087><U+00A7><f0><U+009F><U+0087><U+00B7> Brasileiro nato. Esp. em Segurança Pública, Contra Terrorismo, Paraquedista, Atirador de Elite, Veterano de Guerra (Afeganistão - OEF).",,FALSE,7509,155,30,2920,7405,2009-04-12 08:11:48,FALSE,,,"en","https://pbs.twimg.com/profile_banners/30622843/1519911483","http://abs.twimg.com/images/themes/theme1/bg.png","http://pbs.twimg.com/profile_images/969195467153096704/GAckMFjR_normal.jpg"
"x58560323","bcduarte","Bruno_Tetra","Brasil","Cruzeiro Querido, SEMPRE VOU TE AMAR!",,FALSE,79,160,0,860,1070,2009-07-20 19:11:53,FALSE,,,"en","https://pbs.twimg.com/profile_banners/58560323/1507088566","http://pbs.twimg.com/profile_background_images/720243657/977357770926ad2710811f5c44458d75.jpeg","http://pbs.twimg.com/profile_images/943440860456345600/fHi2Ki9N_normal.jpg"
"x134925612","Felipe Melo","_felipemelo_","São Paulo, Brasil","brazillian soccer player. Instagram felipemelo---- snap felipemelove",,FALSE,2004319,51,4395,18164,4214,2010-04-19 21:23:03,TRUE,,,"es","https://pbs.twimg.com/profile_banners/134925612/1491946452","http://pbs.twimg.com/profile_background_images/710704677/3d67592e1c6cf3f10c8c154d8cb6de2c.jpeg","http://pbs.twimg.com/profile_images/851911274313199616/LdPK1SW9_normal.jpg"
"x727130698021261313","Alexandre Garcia","alexandregarcia","","Comentarista político e econômico na Globo. Âncora do programa Alexandre Garcia na Globo News.","https://t.co/u4UnAAQXtd",FALSE,535103,181,477,2679,31119,2016-05-02 13:40:42,TRUE,"https://t.co/u4UnAAQXtd","http://g1.globo.com/globo-news/alexandre-garcia/videos","en","https://pbs.twimg.com/profile_banners/727130698021261313/1462826450",,"http://pbs.twimg.com/profile_images/729773012715704320/o-NSDDrF_normal.jpg"
"x14699672","Eduardo Costa","eduardocosta","Brasil / Minas Gerais","Brazilian Singer. https://t.co/jf07mrVNiK","https://t.co/TRnGVCFZ8W",FALSE,1365091,400,2283,51519,27,2008-05-08 12:41:15,TRUE,"https://t.co/TRnGVCFZ8W","http://www.eduardocosta.com.br","pt","https://pbs.twimg.com/profile_banners/14699672/1520002329","http://abs.twimg.com/images/themes/theme14/bg.gif","http://pbs.twimg.com/profile_images/969585896466124800/7U93L2xO_normal.jpg"
"x774592682144464896","JOAQUIN TEIXEIRA DA SILVA","JQTEIXEIRA","Bragança Paulista, Brasil","[+18 PIADAS] PERSONAGEM HONESTO, HUMILDE E SINCERO.
SIGA O RESERVA: @JOATEI
BICOS E PUBLICIDADES: @_porai
(PRECISO COMPLEMENTAR A APOSENTADORIA) OBRIGADO BRASIL","https://t.co/d45bSyuQEK",FALSE,194044,4558,346,1305,47371,2016-09-10 12:57:41,FALSE,"https://t.co/d45bSyuQEK","http://www.instagram.com/jqteixeiraoficial","pt","https://pbs.twimg.com/profile_banners/774592682144464896/1516724122",,"http://pbs.twimg.com/profile_images/929077282945323008/1hxriN9s_normal.jpg"
"x2338945495","Marcos Silva Brasil","marcosvalerio43","natal","Cristão conservador
Defensor da família 
Armamentista
Na esperança do Brasil torna-se um país justo e democrático. <f0><U+009F><U+0098><U+008E>",,FALSE,62,120,0,642,4194,2014-02-11 20:04:41,FALSE,,,"pt","https://pbs.twimg.com/profile_banners/2338945495/1508199744","http://pbs.twimg.com/profile_background_images/433566506417270784/BWlQdRSj.jpeg","http://pbs.twimg.com/profile_images/909348556640854017/yCh3mCq-_normal.jpg"
"x290556303","Ramos","washingtonnnnnn","João Monlevade, Brasil","Sempre tentei, sempre falhei. Sem problema. Tento de novo, tento melhor!",,FALSE,4859,3867,228,161007,14504,2011-04-30 13:45:48,FALSE,,,"pt","https://pbs.twimg.com/profile_banners/290556303/1518812375","http://pbs.twimg.com/profile_background_images/680481282736943104/BfkzthZ0.jpg","http://pbs.twimg.com/profile_images/806459115270770688/hOmg6iOd_normal.jpg"
"x918972047711178752","Kelvin","Borges_Kelvin_","","nah",,FALSE,70,215,0,1505,7732,2017-10-13 22:49:44,FALSE,,,"pt","https://pbs.twimg.com/profile_banners/918972047711178752/1507943843",,"http://pbs.twimg.com/profile_images/918999821272395778/cwyFF68l_normal.jpg"
"x930371996764004353","Hilquias Campelo","CampeloHilquias","São Luís, Brasil","Acadêmico 5/10. Politicamente direitista. Apaixonado pela vida. Odeio boletos.",,FALSE,18,88,0,417,1257,2017-11-14 09:49:04,FALSE,,,"pt",,,"http://pbs.twimg.com/profile_images/930425489193390080/NiCNB8Ex_normal.jpg"
"x46822091","Olavo de Carvalho","OdeCarvalho","United States","B. 1947, philosopher, author of 18 books, and journalist, I am also a lecturer with a wide audience in Brazil and a growing one in the USA, where I live.","https://t.co/kUMG8BgKYm",FALSE,222229,94,949,38489,13220,2009-06-13 04:05:29,FALSE,"https://t.co/kUMG8BgKYm","http://www.olavodecarvalho.org/","pt","https://pbs.twimg.com/profile_banners/46822091/1473390872","http://pbs.twimg.com/profile_background_images/17875809/aguinha.jpg","http://pbs.twimg.com/profile_images/626195152898424832/6wFj8Ksr_normal.jpg"
"x34930257","Mídia Sem Máscara","midiasemmascara","Brasil","Espaço no Twitter do site que faz contraponto à manipulação esquerdista predominante na mídia brasileira.","http://t.co/ZR2DubrOJ4",FALSE,68223,101,517,8889,1769,2009-04-24 13:56:16,FALSE,"http://t.co/ZR2DubrOJ4","http://www.midiasemmascara.org","en","https://pbs.twimg.com/profile_banners/34930257/1489287918","http://pbs.twimg.com/profile_background_images/78880419/header_msm2.jpg","http://pbs.twimg.com/profile_images/840761586918805504/OW-agG6C_normal.jpg"
"x20372050","Lobão","lobaoeletrico","São Paulo","MÚSICO/COMPOSITOR/ESCRITOR","https://t.co/uGfb9XpCzQ",FALSE,497463,7360,2419,362158,36745,2009-02-08 15:27:29,TRUE,"https://t.co/uGfb9XpCzQ","http://www.lobao.com.br","en","https://pbs.twimg.com/profile_banners/20372050/1472592399","http://pbs.twimg.com/profile_background_images/628298510442569728/vUmo2_pu.jpg","http://pbs.twimg.com/profile_images/770734491233054720/yAjWKlsk_normal.jpg"
"x10144652","Beibe Beibe Do Beibe do Biruleibe Leibe","bobagento","Los Santos","Bata 3 ovos, 1 lt de leite cond, 1 lt de cr de leite 2 colher de manteiga, 1 xícara de chocol. Coloque numa forma untada e leve ao forno em banho maria por 1 hr","https://t.co/8eqF4TcfQb",FALSE,78503,531,1825,231458,362,2007-11-11 04:40:16,FALSE,"https://t.co/8eqF4TcfQb","http://bobagento.com","pt","https://pbs.twimg.com/profile_banners/10144652/1517681322","http://pbs.twimg.com/profile_background_images/612923308/d6c0ktmcx61pz4lh38f2.jpeg","http://pbs.twimg.com/profile_images/973264784039833601/Nc1B3drx_normal.jpg"
"x844264757553238016","EM DIREITA!","AlexFdmn","Maringa","Evangelico/ Patriota brasileiro/ Eleitor de quem pensa igual a mim, Bolsonaro! ALIÁS, PETISTA NÃO PRESTA.",,FALSE,316,244,1,4352,5208,2017-03-21 19:09:38,FALSE,,,"pt","https://pbs.twimg.com/profile_banners/844264757553238016/1498286342",,"http://pbs.twimg.com/profile_images/869131331866939394/qGqxMamS_normal.jpg"
"x922628151955599360","igor josé","nascmarinsbfr","Rio de Janeiro, Brasil","",,FALSE,44,226,0,2372,5609,2017-10-24 00:57:47,FALSE,,,"pt","https://pbs.twimg.com/profile_banners/922628151955599360/1521844874",,"http://pbs.twimg.com/profile_images/975866142114934785/eC0Ss2Jg_normal.jpg"
"x2836843644","Victor","yVictorXD","","",,FALSE,287,153,0,16146,2043,2014-10-01 16:12:06,FALSE,,,"pt","https://pbs.twimg.com/profile_banners/2836843644/1509923588","http://abs.twimg.com/images/themes/theme1/bg.png","http://pbs.twimg.com/profile_images/927312105606434816/DDzdXyBW_normal.jpg"
"x635796111","Darren Till","darrentill2","","",,FALSE,58256,121,142,3091,3171,2012-07-14 22:59:03,TRUE,,,"en","https://pbs.twimg.com/profile_banners/635796111/1500468719","http://abs.twimg.com/images/themes/theme18/bg.gif","http://pbs.twimg.com/profile_images/943489710244188160/tiM9tMaO_normal.jpg"
"x572908141","Cristian Capelli","cristiancapeli","","",,FALSE,87,451,0,1485,479,2012-05-06 18:41:08,FALSE,,,"pt","https://pbs.twimg.com/profile_banners/572908141/1414362725","http://abs.twimg.com/images/themes/theme1/bg.png","http://pbs.twimg.com/profile_images/652509703323406338/ix_62g9L_normal.jpg"
"x1498740583","Ismael Silva","ismagmds28","","Podem até prender meu corpo, mas nunca irão prender minha alma e nem meus pensamentos, sou livre!",,FALSE,610,46,0,355,978,2013-06-10 16:33:42,FALSE,,,"pt","https://pbs.twimg.com/profile_banners/1498740583/1507164169","http://abs.twimg.com/images/themes/theme1/bg.png","http://pbs.twimg.com/profile_images/915735509254774784/J7PbmeUt_normal.jpg"
"x732703379567353856","Terror do Nordeste <f0><U+009F><U+0087><U+00BE><f0><U+009F><U+0087><U+00AA>","rodrigoscfc_","Recife, Brasil","TERROR DO NORDESTE - SCFC. -
Seguido pelo @SantaCruzFC desde 25/06/16! / Insta: @rodrigoestv.",,FALSE,258,276,3,13252,39867,2016-05-17 22:44:33,FALSE,,,"pt","https://pbs.twimg.com/profile_banners/732703379567353856/1519229256",,"http://pbs.twimg.com/profile_images/947843211757842438/B0EKE95s_normal.jpg"
"x19341612","Mik Seery","MikSeery","Prestwich-MCR","Maker of things",,FALSE,206,796,5,4589,1832,2009-01-22 15:06:10,FALSE,,,"en","https://pbs.twimg.com/profile_banners/19341612/1502275296","http://pbs.twimg.com/profile_background_images/378800000174337913/v2JPX57R.jpeg","http://pbs.twimg.com/profile_images/950043009927798784/59Wx6zo-_normal.jpg"
"x757718557824262144","@BolsoBrother's","Bolsobrothers","Canal Telegram<f0><U+009F><U+0091><U+0087><f0><U+009F><U+0091><U+0087><f0><U+009F><U+0091><U+0087>","Grupo Telegram: https://t.co/UnRIfHe7lv               Facebook: https://t.co/AtC8CcyOJX","https://t.co/e31uPaIsiM",FALSE,459,474,0,5977,150,2016-07-25 23:25:56,FALSE,"https://t.co/e31uPaIsiM","https://t.me/CanalBolsoBrothers","pt","https://pbs.twimg.com/profile_banners/757718557824262144/1479758336",,"http://pbs.twimg.com/profile_images/800790212918001666/s5-WKWEO_normal.jpg"
"x788494556832600064","Jonas Andrade","Jonas_Udi","","Cidadão de bem e pai de família.",,FALSE,9,124,0,122,92,2016-10-18 21:38:46,FALSE,,,"pt","https://pbs.twimg.com/profile_banners/788494556832600064/1507805626",,"http://pbs.twimg.com/profile_images/918429487674601475/L8ywm-Mu_normal.jpg"
