"user_id","name","screen_name","location","description","url","protected","followers_count","friends_count","listed_count","statuses_count","favourites_count","account_created_at","verified","profile_url","profile_expanded_url","account_lang","profile_banner_url","profile_background_url","profile_image_url"
"x3399493427","Ana Carla Abrao","anacarla_abrao","São Paulo","Goiana de raiz e de coração, economista, interessada nos temas nacionais e sócia da Oliver Wyman. Tudo ao mesmo tempo agora","https://t.co/igj3ZFFaDD",FALSE,3888,714,39,9132,8411,2015-08-02 01:31:49,FALSE,"https://t.co/igj3ZFFaDD","http://www.oliverwyman.com","en","https://pbs.twimg.com/profile_banners/3399493427/1488988560","http://abs.twimg.com/images/themes/theme1/bg.png","http://pbs.twimg.com/profile_images/657512526029168640/-O4bAW1__normal.jpg"
"x4376411296","Adelmo Assis","assismcz","Maceió - Brasil","Eng. Civil/ Matemático. Lutando por um Brasil melhor. 
 #simPORTEarmas<f0><U+009F><U+0087><U+00A7><f0><U+009F><U+0087><U+00B7> #educarparaprosseguir<f0><U+009F><U+0087><U+00A7><f0><U+009F><U+0087><U+00B7>
 #direitasempre<f0><U+009F><U+0087><U+00A7><f0><U+009F><U+0087><U+00B7>",,FALSE,362,343,4,6102,11298,2015-12-04 21:57:13,FALSE,,,"pt","https://pbs.twimg.com/profile_banners/4376411296/1519827903","http://abs.twimg.com/images/themes/theme1/bg.png","http://pbs.twimg.com/profile_images/971565296543850496/1mo49gIl_normal.jpg"
"x79073630","Kassandra Bezerra","kassandrabezerr","","",,FALSE,265,540,0,718,221,2009-10-02 02:38:11,FALSE,,,"en",,"http://pbs.twimg.com/profile_background_images/233333242/KASSANDRA.JPG","http://pbs.twimg.com/profile_images/1312853999/DSC00629_normal.jpg"
"x2734700584","NOVO 30","partidonovo30","Brasil","Criado por cidadãos comuns para renovar a política, é o primeiro e único partido que não usa dinheiro público. Um Brasil seguro, simples e livre para todos!","https://t.co/D5rKoZW2gS",FALSE,35978,153,164,5783,6305,2014-08-06 02:08:38,TRUE,"https://t.co/D5rKoZW2gS","http://novo.org.br/participe","pt","https://pbs.twimg.com/profile_banners/2734700584/1513105538","http://pbs.twimg.com/profile_background_images/558590685985533953/QDT5zE5Z.png","http://pbs.twimg.com/profile_images/942833509860892672/DV2gbOJ9_normal.jpg"
"x160910872","Ricardo Amorim","Ricamconsult","São Paulo","Economista sem economês e com bom humor. Apresentador do Manhattan e presidente da Ricam Consultoria. https://t.co/lmqTP55Tfq","http://t.co/DDzzQPhQqh",FALSE,1234668,1211,1450,21283,6212,2010-06-29 12:59:24,TRUE,"http://t.co/DDzzQPhQqh","http://about.me/ricardo_amorim","en","https://pbs.twimg.com/profile_banners/160910872/1516210639","http://pbs.twimg.com/profile_background_images/140923568/bg-ricam-twitter-sliced.gif","http://pbs.twimg.com/profile_images/738001627001524225/_6YnBNbr_normal.jpg"
"x14594813","Folha de S.Paulo","folha","São Paulo, Brazil","Perfil oficial do jornal Folha de S.Paulo.
No Facebook: http://t.co/HTDLgzHM.
Atendimento: @folha_atende","http://t.co/BND0uIKQGw",FALSE,6282234,186409,10101,319315,62,2008-04-30 02:33:39,TRUE,"http://t.co/BND0uIKQGw","http://www.folha.com.br","en","https://pbs.twimg.com/profile_banners/14594813/1519239866","http://pbs.twimg.com/profile_background_images/341066973/fundo_folha.gif","http://pbs.twimg.com/profile_images/2611288520/gfiw6lklhvm09f530wp4_normal.jpeg"
"x66789220","Mateus Simões","MateusSimoesBH","Belo Horizonte, Brasil","Vereador em Belo Horizonte pelo NOVO 30. Professor da Faculdade Milton Campos e da Fundação Dom Cabral; advogado da Portugal Vilela Direito de Negócios.","https://t.co/v1zSJISX4G",FALSE,3021,290,18,1885,1573,2009-08-18 20:22:23,TRUE,"https://t.co/v1zSJISX4G","http://www.mateussimoes.com.br","pt","https://pbs.twimg.com/profile_banners/66789220/1501266537","http://pbs.twimg.com/profile_background_images/378800000062283852/0ce5bf4a56b9d527d4945b6dc4d79ac9.jpeg","http://pbs.twimg.com/profile_images/891000901053407233/XY-g5uq7_normal.jpg"
"x40505072","Leonardo Baraldi","baraldileonardo","São Paulo, Brasil","marketing <f0><U+009F><U+0092><U+00BC>, blogger <f0><U+009F><U+00A4><U+0093>, heavend base guitar <f0><U+009F><U+008E><U+00B8>, cyclist <f0><U+009F><U+009A><U+00B2>, but wait, there's more...","https://t.co/gv4EqG0UYZ",FALSE,288,894,9,1211,1754,2009-05-16 17:33:39,FALSE,"https://t.co/gv4EqG0UYZ","http://www.leonardobaraldi.com.br","pt","https://pbs.twimg.com/profile_banners/40505072/1519769135","http://abs.twimg.com/images/themes/theme14/bg.gif","http://pbs.twimg.com/profile_images/968608568382574592/ProRsGml_normal.jpg"
"x370970579","AlexandreSchwartsman","AlexSchwartsman","São Paulo","Consultoria econômica e palestras. Colunista da Folha de SP e (não mais) do Valor Econômico. Em poucos traços, a análise do mundo dos números e cifrões.","https://t.co/Z21dEuZtru",FALSE,33286,382,416,3415,6692,2011-09-09 23:46:21,FALSE,"https://t.co/Z21dEuZtru","http://maovisivel.blogspot.com","en","https://pbs.twimg.com/profile_banners/370970579/1392751954","http://pbs.twimg.com/profile_background_images/415728685/bg-1900-4.jpg","http://pbs.twimg.com/profile_images/1801080972/SCHWARTSMAN-AVATAR_normal.jpg"
"x109360625","Gobbi","TheGobbi","Arch-To","peace and purpose",,FALSE,2974,1209,133,360321,3201,2010-01-28 20:19:25,FALSE,,,"en","https://pbs.twimg.com/profile_banners/109360625/1520667736","http://pbs.twimg.com/profile_background_images/630345414/hysxc2tcohykt7dqwkrd.jpeg","http://pbs.twimg.com/profile_images/979461176181641221/JoqdntBg_normal.jpg"
"x2729800629","Fabio Macedo","fmacedo18","","Fábio Macêdo, médico Rep Humana BIOS formado e Professor UFRN. Tenho interesse: esporte, educação, saúde e pela ética na política.","https://t.co/6JsaouzDEx",FALSE,317,351,0,1387,3667,2014-07-31 11:37:03,FALSE,"https://t.co/6JsaouzDEx","http://biosgenetica.com.br","pt","https://pbs.twimg.com/profile_banners/2729800629/1406806938","http://abs.twimg.com/images/themes/theme1/bg.png","http://pbs.twimg.com/profile_images/494810275028430848/vCfLLcYE_normal.jpeg"
"x222272358","Tv União de Natal","tvuniaodenatal","NATAL","A SUA TV! na internet para o mundo https://t.co/Fa0DsKdZhI, https://t.co/Lx1HO7rwwD na cabotelecom em Natal (www Canais 26 e 800) e no planeta!","https://t.co/Fa0DsKdZhI",FALSE,5125,457,29,12867,8,2010-12-02 23:04:32,FALSE,"https://t.co/Fa0DsKdZhI","http://www.tvuniaodenatal.com.br","pt","https://pbs.twimg.com/profile_banners/222272358/1438917244","http://pbs.twimg.com/profile_background_images/458934429621043200/EjrP5_rF.png","http://pbs.twimg.com/profile_images/629489069769256960/I3RENfGV_normal.jpg"
"x916253816","Leo Gariba","leonelgaribaldi","","",,FALSE,24,151,0,130,41,2012-10-31 06:13:17,FALSE,,,"pt","https://pbs.twimg.com/profile_banners/916253816/1477285259","http://abs.twimg.com/images/themes/theme1/bg.png","http://pbs.twimg.com/profile_images/978505897361264642/vX0FINDK_normal.jpg"
"x14840606","Roda Viva","rodaviva","TV Cultura","No ar desde 1986, o Roda Viva é um dos mais tradicionais programas de entrevista da TV brasileira. Na @tvcultura, no YouTube e no aplicativo Cultura Digital.","https://t.co/0v3FHMKIWL",FALSE,636249,12,1818,3206,483,2008-05-20 02:05:44,TRUE,"https://t.co/0v3FHMKIWL","http://tvcultura.com.br/rodaviva","pt","https://pbs.twimg.com/profile_banners/14840606/1492458605","http://pbs.twimg.com/profile_background_images/246342186/bg-rodaviva.png","http://pbs.twimg.com/profile_images/781863584531873793/L57kWaLu_normal.jpg"
"x69135718","SISTEMA FIERN","SISTEMAFIERN","Natal - Rio Grande do Norte","Perfil oficial da Federação das Indústrias do Estado do Rio Grande do Norte - FIERN, instituição que representa os interesses da indústria potiguar.","https://t.co/9OLWDRwuWm",FALSE,3196,566,29,10848,2056,2009-08-26 23:43:30,FALSE,"https://t.co/9OLWDRwuWm","http://www.fiern.org.br","pt","https://pbs.twimg.com/profile_banners/69135718/1467811953","http://pbs.twimg.com/profile_background_images/459319660035321856/qHp274JV.jpeg","http://pbs.twimg.com/profile_images/750683843321999360/lMk03p1Q_normal.jpg"
"x865576233085566976","Aracilda Hansen","AracildaHansen","København/Danmark","Aprendi a ter a coragem do recomeco, ver no erro um professor severo e a vida como um caderno de folhas brancas e prontas para serem escritas.<f0><U+009F><U+0099><U+0082>","https://t.co/hxH4wbBzQL",FALSE,111,290,0,897,2438,2017-05-19 14:33:50,FALSE,"https://t.co/hxH4wbBzQL","http://www.peterahm.dk","pt","https://pbs.twimg.com/profile_banners/865576233085566976/1495280168","http://abs.twimg.com/images/themes/theme1/bg.png","http://pbs.twimg.com/profile_images/865887481501274112/obUNPcb7_normal.jpg"
"x73195274","Augusto Vongrapp","agvongrapp","Pará, Belém","Augusto Vongrapp, empresário do ramo de tecnologia, da empresa Quick Help.Twitter de caráter pessoal.",,FALSE,103,214,0,1251,189,2009-09-10 19:15:42,FALSE,,,"pt","https://pbs.twimg.com/profile_banners/73195274/1521550790","http://pbs.twimg.com/profile_background_images/378800000180599627/yQagZfa9.png","http://pbs.twimg.com/profile_images/979519924824563713/egI7P2S2_normal.jpg"
"x2993438837","New Atom Ant","mvalenca3","Recife, Brasil","Filiado ao NOVO. Eleitor de João Amoedo. Ironia, sarcasmo e perguntas constrangedoras. Menos Estado, mais liberdade.",,FALSE,366,434,4,4305,22098,2015-01-23 02:21:37,FALSE,,,"pt","https://pbs.twimg.com/profile_banners/2993438837/1505512238","http://abs.twimg.com/images/themes/theme1/bg.png","http://pbs.twimg.com/profile_images/963965996460658688/gN4N-8eb_normal.jpg"
"x3106144779","Marcel Fleming","MarcelFleming","","","https://t.co/eVkVxb58e3",FALSE,26,117,1,516,336,2015-03-22 23:49:43,FALSE,"https://t.co/eVkVxb58e3","http://tenetprojetos.wordpress.com","pt",,"http://abs.twimg.com/images/themes/theme1/bg.png","http://pbs.twimg.com/profile_images/677305212932112385/eAQ24Z2Z_normal.jpg"
"x50452226","Augusto Nunes","augustosnunes","Brazil","Colunista de https://t.co/LZRkkeiKo8, comentarista do Jornal da Manhã e integrante do Os Pingos nos Is, ambos da Rádio Jovem Pan","http://t.co/7AZUvJ5HSs",FALSE,223411,98,1007,21666,29,2009-06-24 21:47:36,FALSE,"http://t.co/7AZUvJ5HSs","http://veja.abril.com.br/blog/augusto-nunes/","pt","https://pbs.twimg.com/profile_banners/50452226/1353513088","http://pbs.twimg.com/profile_background_images/717641871/1598e4b9183803e68d2778fa60b01259.jpeg","http://pbs.twimg.com/profile_images/1502129310/augusto-nunes-300_normal.jpg"
"x3657165503","AgoraRN","agora_rn","Natal, Brasil","Bem Vindo ao Perfil do Agora RN. https://t.co/kFRLX5bufz https://t.co/OptPbrxxYO","https://t.co/whEzJxrhAT",FALSE,15374,739,55,75860,65,2015-09-14 21:47:15,FALSE,"https://t.co/whEzJxrhAT","http://agorarn.com.br/","pt","https://pbs.twimg.com/profile_banners/3657165503/1515069475","http://abs.twimg.com/images/themes/theme1/bg.png","http://pbs.twimg.com/profile_images/857692423253839874/tsjYuILV_normal.jpg"
"x2880932962","O Antagonista","o_antagonista","","Diogo Mainardi, Mario Sabino, Claudio Dantas | Assine nossa newsletter: https://t.co/OGijihCK1G","https://t.co/QQoknEwW3m",FALSE,480632,514,1104,64357,355,2014-11-17 12:22:32,TRUE,"https://t.co/QQoknEwW3m","http://www.oantagonista.com/","pt","https://pbs.twimg.com/profile_banners/2880932962/1519071858","http://abs.twimg.com/images/themes/theme1/bg.png","http://pbs.twimg.com/profile_images/545680042630447104/0mw8fVFF_normal.png"
"x852962205146415105","NOVO 30 RN","NOVO30RN","Rio Grande do Norte, Brasil","O Partido Novo do RN (NOVO) é resultado da iniciativa de cidadãos comuns com um mesmo objetivo: devolver poder ao cidadão e assim melhorar a vida das pessoas.","https://t.co/xvA8aZqcZg",FALSE,279,62,1,629,243,2017-04-14 19:10:11,FALSE,"https://t.co/xvA8aZqcZg","https://novo.org.br/","pt","https://pbs.twimg.com/profile_banners/852962205146415105/1522274262","http://abs.twimg.com/images/themes/theme1/bg.png","http://pbs.twimg.com/profile_images/854474911674499073/7hRrjvde_normal.jpg"
"x2291939214","Cauê","cauebg","Curitiba","Estatístico, mestre em Administração e Phd em Engenharia. Paranista fanático. Filiado (n° 683) ao Partido Novo.",,FALSE,4184,3633,18,25673,21351,2014-01-15 01:13:52,FALSE,,,"pt","https://pbs.twimg.com/profile_banners/2291939214/1472233546","http://abs.twimg.com/images/themes/theme1/bg.png","http://pbs.twimg.com/profile_images/960372253404708864/TGBofkq9_normal.jpg"
"x3773224455","Bernos <f0><U+009F><U+0087><U+00A7><f0><U+009F><U+0087><U+00B7>","BrunoBernos","Sao Paulo, Brazil","Proud #Libertarian and Corinthiano. ""..less government, get off my back, get out of my pocket and let me have more control of my own destiny."" R. Reagan <U+2764><U+FE0F>",,FALSE,212,104,6,4515,12345,2015-09-25 17:33:07,FALSE,,,"en","https://pbs.twimg.com/profile_banners/3773224455/1512313827","http://abs.twimg.com/images/themes/theme1/bg.png","http://pbs.twimg.com/profile_images/960356969688240129/KwtrTWvo_normal.jpg"
"x735741240","Pedro Albuquerque F","albuquerque_af","","Founder of TradersClub and founder of TEx, the pioneer and leading SaaS platform of the Brazilian insurance market.","https://t.co/DzV7QFOSZc",FALSE,8430,298,99,17044,6200,2012-08-03 23:49:23,FALSE,"https://t.co/DzV7QFOSZc","http://www.tradersclub.com.br","en","https://pbs.twimg.com/profile_banners/735741240/1421941737","http://pbs.twimg.com/profile_background_images/435466745348751360/1fjkc7k6.jpeg","http://pbs.twimg.com/profile_images/978286793543028737/9h5_Viys_normal.jpg"
"x2884022608","Vem Pra Rua Brasil","VemPraRua_br","","","https://t.co/vMvUj4zxMT",FALSE,87154,456,185,13279,1286,2014-11-19 12:58:23,FALSE,"https://t.co/vMvUj4zxMT","http://www.vemprarua.net","en",,"http://abs.twimg.com/images/themes/theme1/bg.png","http://pbs.twimg.com/profile_images/942035476130738176/Oa77OTM9_normal.jpg"
"x293886639","Felipe Camozzato","felipecamozzato","Brasil","Administrador UFRGS, empreendedor, pós-graduado pela Georgetown University (EUA) e 5o vereador mais votado em Porto Alegre, pelo Partido Novo. #SomosAMudança","https://t.co/mey9vKmsxn",FALSE,4632,397,27,1712,1315,2011-05-06 04:38:38,TRUE,"https://t.co/mey9vKmsxn","http://www.felipecamozzato.com.br","pt","https://pbs.twimg.com/profile_banners/293886639/1476899646","http://abs.twimg.com/images/themes/theme13/bg.gif","http://pbs.twimg.com/profile_images/875625177844916225/9k6ZpO1R_normal.jpg"
"x27097758","Blog de Jamildo","blogdejamildo","Pernambuco, Brasil","Bastidores do cenário político e econômico de Pernambuco. Blog do @PortalNE10","http://t.co/xH41EqjIVS",FALSE,101233,658,345,68794,134,2009-03-27 21:09:08,FALSE,"http://t.co/xH41EqjIVS","http://www.blogdejamildo.com.br","pt","https://pbs.twimg.com/profile_banners/27097758/1411591089","http://pbs.twimg.com/profile_background_images/6878189/bg_blogdejamildo_twitter.jpg","http://pbs.twimg.com/profile_images/784065683722215424/c_lGDypE_normal.jpg"
"x913612909","Mateus Lisboa","_mateuslisboa","","Aqui: futebol... algumas outras coisas. Muitos retweets, poucos comentários. + reflexões, - opiniões. Tecnologia, política, viagens, viagens, viagens...",,FALSE,165,275,1,5505,1036,2012-10-30 01:09:54,FALSE,,,"pt","https://pbs.twimg.com/profile_banners/913612909/1512482309","http://pbs.twimg.com/profile_background_images/697854019/3d74f75e32de794b2d1facd729f93332.jpeg","http://pbs.twimg.com/profile_images/973606578879426560/1_V5r8gA_normal.jpg"
"x245896728","Jornal do Commercio","jc_pe","Recife, Pernambuco, Brasil","O JC traz as últimas notícias do que acontece em Pernambuco, no Brasil e no mundo em economia, política, saúde, educação, cultura, entretenimento e esportes.","https://t.co/JdGK4SNPbp",FALSE,352716,126,402,144370,749,2011-02-01 18:06:07,FALSE,"https://t.co/JdGK4SNPbp","http://jc.com.br","pt","https://pbs.twimg.com/profile_banners/245896728/1471905964","http://abs.twimg.com/images/themes/theme1/bg.png","http://pbs.twimg.com/profile_images/804316852176437248/fILCenwy_normal.jpg"
"x87442964","bruno","brbelem","","",,FALSE,86,286,3,2357,101,2009-11-04 13:51:34,FALSE,,,"pt",,"http://abs.twimg.com/images/themes/theme1/bg.png","http://abs.twimg.com/sticky/default_profile_images/default_profile_normal.png"
"x521687812","Goatzilla","GoatziiLA","belo horizonte","",,FALSE,18,143,2,277,105,2012-03-11 21:16:37,FALSE,,,"pt","https://pbs.twimg.com/profile_banners/521687812/1515361583","http://abs.twimg.com/images/themes/theme1/bg.png","http://pbs.twimg.com/profile_images/950121783860047874/TQWMmE4G_normal.jpg"
"x922981121427693570","Marcelo260176","marcelo260176","Brasil","",,FALSE,14,82,0,303,1001,2017-10-25 00:20:22,FALSE,,,"pt",,,"http://pbs.twimg.com/profile_images/951578083366195200/3T7T16K7_normal.jpg"
"x129001319","Flávio - Editora Humanas","flavioautista","Sapopemba, São Paulo","A oitava conta do autista do bulliyng",,FALSE,7534,184,38,3226,6090,2010-04-02 21:56:48,FALSE,,,"pt","https://pbs.twimg.com/profile_banners/129001319/1521515508","http://pbs.twimg.com/profile_background_images/593487389269434368/I0hklbIC.jpg","http://pbs.twimg.com/profile_images/970680659630022659/ZXHRd8v-_normal.jpg"
"x243720688","@cintiaealexamoury","cintiaealexamou","Marabá, Pará","Procuradora Federal! Na constante luta de buscar por justiça, todos os dias!",,FALSE,872,743,3,19867,10076,2011-01-27 17:28:16,FALSE,,,"pt","https://pbs.twimg.com/profile_banners/243720688/1398347316","http://pbs.twimg.com/profile_background_images/713878035/64ac684a28d2df3d87974528567cfdfe.jpeg","http://pbs.twimg.com/profile_images/459327586137423873/4KTjINo5_normal.jpeg"
"x836312723763904517","João Cadilhe","CadilheJoao","Rio de Janeiro, Brasil","Desenvolvedor de software, gosto de fotografia, contato com a natureza e livros, muitos livros.",,FALSE,36,109,0,182,159,2017-02-27 20:31:06,FALSE,,,"pt",,,"http://pbs.twimg.com/profile_images/895087552037871617/drt9lyQy_normal.jpg"
"x68808050","Romulo","romulo1004","","O que eu tô fazendo de errado?",,FALSE,20,42,1,116,338,2009-08-25 21:29:31,FALSE,,,"en",,"http://abs.twimg.com/images/themes/theme1/bg.png","http://pbs.twimg.com/profile_images/743556314425589760/tE316Pqv_normal.jpg"
"x213096753","Alessandro Honório","_alessandrro","Brasil","Engenheiro, Empresário e Mochileiro.",,FALSE,79,115,0,735,42,2010-11-07 23:36:01,FALSE,,,"en","https://pbs.twimg.com/profile_banners/213096753/1495067954","http://pbs.twimg.com/profile_background_images/213096246/praia_do_atalaia.jpg","http://pbs.twimg.com/profile_images/735598232349356034/-NWWFCNx_normal.jpg"
"x201118712","hercules k j","_hercules_k","","Md, radiologist, gremista, enjoy basketball and economy, filiado ao @partidonovo30, Porto Alegre-RS-BR",,FALSE,193,474,17,3921,6412,2010-10-11 03:30:13,FALSE,,,"pt","https://pbs.twimg.com/profile_banners/201118712/1509243900","http://abs.twimg.com/images/themes/theme1/bg.png","http://pbs.twimg.com/profile_images/927644841172901890/mOjyTyCP_normal.jpg"
"x1002775310","teorema de weierstrass","PedrooCava","Rio de Janeiro","Estudante de economia @uff_br, articulista n' @OMercadoPopular e assistente de pesquisa na @FGVEBAPE.  Economia | Educação | Políticas Públicas","https://t.co/xU90FCkpHd",FALSE,407,165,10,2429,3358,2012-12-10 23:05:02,FALSE,"https://t.co/xU90FCkpHd","https://medium.com/@pedrocavalcanteoliveira","pt","https://pbs.twimg.com/profile_banners/1002775310/1514233031","http://abs.twimg.com/images/themes/theme1/bg.png","http://pbs.twimg.com/profile_images/942907663305920512/LuYbpHUd_normal.jpg"
"x87843887","Marisa Cruz","marisascruz","Brasil","Administradora própria da alma eternamente viva","http://t.co/vOPZa8dWCw",FALSE,227233,9313,385,802268,61162,2009-11-06 02:04:47,FALSE,"http://t.co/vOPZa8dWCw","http://page.is/marisa-cruz","pt",,"http://abs.twimg.com/images/themes/theme4/bg.gif","http://pbs.twimg.com/profile_images/513632664339742720/Q5wdAmpf_normal.jpeg"
"x924662068858507264","David Azevedo <f0><U+009F><U+0086><U+0099>","DavidAzevedo30","Meu sonho, um Brasil Livre e NOVO!","Pedreiro de Vocação - Arquiteto de Software - Estudante de Direito. Participando do processo seletivo para a candidatura a Deputado Federal pelo NOVO30","https://t.co/1k965Ruq94",FALSE,1680,3350,2,681,204,2017-10-29 15:39:51,FALSE,"https://t.co/1k965Ruq94","http://davidazevedo30.com/biografia/","pt","https://pbs.twimg.com/profile_banners/924662068858507264/1519261437","http://abs.twimg.com/images/themes/theme1/bg.png","http://pbs.twimg.com/profile_images/952161595802533895/adLUMfrH_normal.jpg"
"x75623574","Leônidas Vasconcelos","oficialeonidas","Rio de Janeiro","ADM com MBA em Gestão Empresarial. Carioca. Solteiro. Libertário com um olhar ácido sobre a vida política e a economia brasileira.",,FALSE,90,122,0,1467,1011,2009-09-19 19:32:22,FALSE,,,"pt","https://pbs.twimg.com/profile_banners/75623574/1521810167","http://abs.twimg.com/images/themes/theme1/bg.png","http://pbs.twimg.com/profile_images/977166292531761152/mRaMEqWg_normal.jpg"
"x40801278","Marcos Túlio","Tulio_Goncalves","Brasil - Contagem","Um cara qualquer, cheio de defeitos e virtudes, que erra e acerta mas continua caminhando e insistindo.",,FALSE,158,304,0,3464,1213,2009-05-18 03:10:13,FALSE,,,"pt","https://pbs.twimg.com/profile_banners/40801278/1423435197","http://pbs.twimg.com/profile_background_images/378800000073497012/d51e6fbf6604f65321360667bb899bee.jpeg","http://pbs.twimg.com/profile_images/785848681622859777/76d36Jy6_normal.jpg"
"x35652176","Bruno Correa","bcorrea10","Carregando...","Loading...",,FALSE,137,703,4,1721,2803,2009-04-27 03:08:09,FALSE,,,"en",,"http://abs.twimg.com/images/themes/theme1/bg.png","http://pbs.twimg.com/profile_images/607281460937166849/nt69h0iB_normal.jpg"
"x2604221981","mateus","alecrimmateus","","",,FALSE,159,339,0,357,131,2014-06-12 17:13:49,FALSE,,,"pt",,"http://abs.twimg.com/images/themes/theme1/bg.png","http://pbs.twimg.com/profile_images/477251149775798273/Ed0g14TV_normal.jpeg"
"x84758606","Leda Nagle","LedaNagle","Rio de Janeiro, Brasil","jornalista , com canal youtube/ledanagle e mãe do @dudanagle",,FALSE,211302,583,1159,14560,1667,2009-10-24 03:38:12,TRUE,,,"pt","https://pbs.twimg.com/profile_banners/84758606/1489087652","http://abs.twimg.com/images/themes/theme1/bg.png","http://pbs.twimg.com/profile_images/839920833577517056/M7OaLeBe_normal.jpg"
"x4173074501","Eduardo C","educoube","","",,FALSE,9,24,0,453,1742,2015-11-12 18:13:57,FALSE,,,"pt","https://pbs.twimg.com/profile_banners/4173074501/1460550769","http://abs.twimg.com/images/themes/theme1/bg.png","http://pbs.twimg.com/profile_images/720763801772101632/rtTgi7_U_normal.jpg"
"x66039854","Raphael Vale","rsvale","Paragominas, Brasil","","https://t.co/4tXjjAK7eW",FALSE,105,85,0,110,171,2009-08-16 03:13:33,FALSE,"https://t.co/4tXjjAK7eW","http://www.coober.com.br","en","https://pbs.twimg.com/profile_banners/66039854/1507464134","http://pbs.twimg.com/profile_background_images/45748827/IMG_0106.JPG","http://pbs.twimg.com/profile_images/866071052170014720/hMe_tYUu_normal.jpg"
"x268552696","David Barros","davidbarrosmcp","","De direita e cristão, conservador moderado e empreendedor, sou a favor da meritocracia com Estado mínimo. Remo e Flamengo e Odeio o Politicamente correto.",,FALSE,126,766,0,3381,6116,2011-03-19 00:51:44,FALSE,,,"pt","https://pbs.twimg.com/profile_banners/268552696/1490367755","http://abs.twimg.com/images/themes/theme1/bg.png","http://pbs.twimg.com/profile_images/902271989389414402/xfAR1wuH_normal.jpg"
"x2358744642","Suzuya","God_Suzuya","","Everything is Suzuya and Suzuya is everything. Future LoL Pro Player. X/X/Y. VIVO Keyd and KZ DragonX Fan.",,FALSE,69,642,0,2900,8498,2014-02-24 01:21:35,FALSE,,,"pt","https://pbs.twimg.com/profile_banners/2358744642/1521685620","http://abs.twimg.com/images/themes/theme1/bg.png","http://pbs.twimg.com/profile_images/970366953176162306/c06OKIgs_normal.jpg"
"x189529381","Everton & Lena","Everton_e_Lena","","",,FALSE,88,470,1,1508,4147,2010-09-11 14:31:36,FALSE,,,"pt",,"http://abs.twimg.com/images/themes/theme1/bg.png","http://pbs.twimg.com/profile_images/1125253752/Thu_Sep_16_19-59-27_normal.jpg"
"x256730310","João Amoêdo","joaoamoedonovo","Rio de Janeiro, Brazil","Fundador do NOVO, o partido criado por cidadãos comuns. Por um Brasil mais seguro, simples e livre.","https://t.co/rsBBUmzzAe",FALSE,47021,182,146,1493,778,2011-02-23 23:46:17,TRUE,"https://t.co/rsBBUmzzAe","http://joaoamoedo.com.br","pt","https://pbs.twimg.com/profile_banners/256730310/1522353157","http://abs.twimg.com/images/themes/theme1/bg.png","http://pbs.twimg.com/profile_images/955814588162936832/Ik9NRGqM_normal.jpg"
"x90639747","Martha E. Ferreira","marthaeferreira","Vitória, ES- Brazil","Economista, Consultora de Negócios, Professora, Palestrante e Articulista","http://t.co/CbBO2raqOO",FALSE,10325,7964,95,78292,683,2009-11-17 14:27:27,FALSE,"http://t.co/CbBO2raqOO","http://www.marthaferreira.com.br","pt","https://pbs.twimg.com/profile_banners/90639747/1433509697","http://pbs.twimg.com/profile_background_images/378800000066229889/96077fd34ade0893a2dc384857769de1.jpeg","http://pbs.twimg.com/profile_images/676057112594792449/Ojz9W81k_normal.jpg"
"x50447738","Wilson Gomiero","wilsongomiero","Brasil","Uma Maravilhosa mulher , esplendidos Dois Filhos, netos cinco lindos , Esclerose Múltipla , Lesão medular viver a Vida . Para que quero mais. Só Amigos ...",,FALSE,393,1062,5,2661,741,2009-06-24 21:31:49,FALSE,,,"pt","https://pbs.twimg.com/profile_banners/50447738/1522453144","http://pbs.twimg.com/profile_background_images/885585744/a5fbcc5af6170fd42593edd3f1f5560d.jpeg","http://pbs.twimg.com/profile_images/979865517216485377/Bw3j07m7_normal.jpg"
"x769764024292614144","claudia tavares <f0><U+009F><U+0092><U+009F><f0><U+009F><U+0092><U+0096>","Claudia70245697","Paulicéia, Brasil","simplicidade e senso de humor é tudo<f0><U+009F><U+0098><U+0082>
o que me deixa triste a injustiça...",,FALSE,312,823,2,3715,8082,2016-08-28 05:10:20,FALSE,,,"pt",,,"http://pbs.twimg.com/profile_images/962494511078367233/uu9ZoUqg_normal.jpg"
"x15691135","Gusta","GustaAB","Brasil","Sou um Internal Server Error.","http://t.co/aMVpCOkofJ",FALSE,1219,710,56,16963,12850,2008-08-01 16:40:34,FALSE,"http://t.co/aMVpCOkofJ","http://www.alertabrasil.blogspot.com","pt","https://pbs.twimg.com/profile_banners/15691135/1459271441","http://abs.twimg.com/images/themes/theme9/bg.gif","http://pbs.twimg.com/profile_images/1628747103/face_normal.jpg"
"x74050707","Renata Corrêa","resamco","Belém, Brasil","Otimista <f0><U+009F><U+0098><U+0084>","https://t.co/WAJVl0z23u",FALSE,184,352,3,1357,569,2009-09-14 03:00:20,FALSE,"https://t.co/WAJVl0z23u","http://www.instagram.com/_resamco","pt","https://pbs.twimg.com/profile_banners/74050707/1451930000","http://pbs.twimg.com/profile_background_images/830389278/7c3583483ce3f81a77eae18a5c85b13c.jpeg","http://pbs.twimg.com/profile_images/834001068744912897/m7fecVg2_normal.jpg"
"x2843111739","Marta Haya","Marta_Haya","","Objetivo: viver num ambiente<f0><U+009F><U+0087><U+00A7><f0><U+009F><U+0087><U+00B7> livre de corrupção. Menos Brasília e mais Brasil!!",,FALSE,276,412,11,15054,11073,2014-10-25 00:57:51,FALSE,,,"pt","https://pbs.twimg.com/profile_banners/2843111739/1464798909","http://abs.twimg.com/images/themes/theme1/bg.png","http://pbs.twimg.com/profile_images/791062637559808001/mPApTL7d_normal.jpg"
"x2296138146","Deltan Dallagnol","deltanmd","Curitiba/PR","Seguidor de Jesus, Marido e Pai Apaixonado, Procurador da República por Vocação(hoje coordenando o MPF na #LavaJato em Curitiba) e Mestre em Direito por Harvard","https://t.co/QRcNCLJ3DD",FALSE,401227,362,474,6481,1354,2014-01-17 13:43:41,TRUE,"https://t.co/QRcNCLJ3DD","http://lavajato.mpf.mp.br","pt","https://pbs.twimg.com/profile_banners/2296138146/1448058610","http://abs.twimg.com/images/themes/theme1/bg.png","http://pbs.twimg.com/profile_images/785316288801353728/0z1mGLVJ_normal.jpg"
"x9179462","madeleine lacsko","madeleinelacsko","","Queen of Zuêra, garantia de dias difíceis na vida dos inimigos, diva pop do jornalismo brasileiro, cristã e, ainda assim, serumana","https://t.co/ihNuQjezyA",FALSE,27634,1279,160,24934,8288,2007-09-30 22:07:17,FALSE,"https://t.co/ihNuQjezyA","http://www.madeleinelacsko.com.br","en","https://pbs.twimg.com/profile_banners/9179462/1522014773","http://pbs.twimg.com/profile_background_images/267864217/x3151ea99b93842d25463c72ef75f516.jpg","http://pbs.twimg.com/profile_images/923276174226272257/PbXn1ofZ_normal.jpg"
"x37928237","Raphael Facco","raphaelcfacco","Brazil","Analista de Sistemas | Ciências Sociais - UFPA | Belém - PA","https://t.co/VQYNeOo65f",FALSE,209,205,2,4498,86,2009-05-05 13:58:02,FALSE,"https://t.co/VQYNeOo65f","http://www.raphaelfacco.com","pt","https://pbs.twimg.com/profile_banners/37928237/1442417332","http://pbs.twimg.com/profile_background_images/644178334939750400/LgewxRpS.jpg","http://pbs.twimg.com/profile_images/762649681319034880/76yLvytb_normal.jpg"
"x251179733","Thiago Lopes","thiagoalop","Belém","Se você tem um porquê, então pode suportar todos os comos (Viktor Frankl)","https://t.co/aKr4TEN8s0",FALSE,163,183,3,8206,9255,2011-02-12 16:14:02,FALSE,"https://t.co/aKr4TEN8s0","http://thiagodealopes.blogspot.com","pt","https://pbs.twimg.com/profile_banners/251179733/1501378637","http://abs.twimg.com/images/themes/theme14/bg.gif","http://pbs.twimg.com/profile_images/881105099828887552/rr2yWwh9_normal.jpg"
"x3305509301","Marcilio Belete","BeleteMarcilio","","Como agora quem defende menos intervenção do Estado na economia é um reacionário, então, sou reaça!! Ah, e rubro-negro saudável!!",,FALSE,253,645,2,3928,7860,2015-06-01 11:31:57,FALSE,,,"pt","https://pbs.twimg.com/profile_banners/3305509301/1482858051","http://abs.twimg.com/images/themes/theme1/bg.png","http://pbs.twimg.com/profile_images/933258295237922816/WtYrfHda_normal.jpg"
"x27227178","Leonardo Ruiz Torres","Ruiztorres","São Paulo, Brasil","I`m crazy, funny and something else...","https://t.co/c32B9awlnP",FALSE,76,289,0,209,86,2009-03-28 13:28:33,FALSE,"https://t.co/c32B9awlnP","http://www.ruiztorres.blogspot.com","pt",,"http://abs.twimg.com/images/themes/theme15/bg.png","http://pbs.twimg.com/profile_images/112836813/25_de_janeiro_2008_006_normal.jpg"
"x176926851","Ana Maria Galheigo","anagalheigo","Rio de Janeiro","Busco a construção, por meio do diálogo e da comunicação, de um mundo solidário, fraterno, justo e inclusivo.","http://t.co/zs2EoPtB70",FALSE,244,1286,4,8476,7412,2010-08-10 20:20:50,FALSE,"http://t.co/zs2EoPtB70","http://www.anamariagalheigo.net","pt","https://pbs.twimg.com/profile_banners/176926851/1396970345","http://abs.twimg.com/images/themes/theme4/bg.gif","http://pbs.twimg.com/profile_images/453552765608787968/CZ67J3vK_normal.jpeg"
"x729480917102800896","Eduardo Wolf","eduwolfp","São Paulo, Brasil","Doutor em Filosofia pela USP, tradutor. Curador-assistente do Fronteiras do Pensamento. Editor do Estado da Arte, no jornal O Estado de S. Paulo.",,FALSE,1310,311,3,715,1002,2016-05-09 01:19:38,FALSE,,,"pt","https://pbs.twimg.com/profile_banners/729480917102800896/1462758672","http://abs.twimg.com/images/themes/theme1/bg.png","http://pbs.twimg.com/profile_images/729483989627617280/48gY3RaS_normal.jpg"
"x2382519241","Liberalismo Brasil","LiberalismoBR","Brasil","<f0><U+009F><U+0087><U+00A7><f0><U+009F><U+0087><U+00B7>","http://t.co/gtttf4BF6h",FALSE,33421,23,95,7972,2531,2014-03-10 18:26:14,FALSE,"http://t.co/gtttf4BF6h","http://www.facebook.com/liberalismobra","pt","https://pbs.twimg.com/profile_banners/2382519241/1513907226","http://abs.twimg.com/images/themes/theme9/bg.gif","http://pbs.twimg.com/profile_images/944021993925611522/9ARnr6Ij_normal.jpg"
"x1643486328","Jean","jeanmsaggin","Porto Belo/SC","Essa é a melhor parte, a melhor parte de qualquer coisa: o momento antes de começar.","https://t.co/WFMNoyeC0p",FALSE,338,514,2,26677,10395,2013-08-03 19:39:06,FALSE,"https://t.co/WFMNoyeC0p","http://behance.net/jmsaggin","pt","https://pbs.twimg.com/profile_banners/1643486328/1503947145","http://abs.twimg.com/images/themes/theme9/bg.gif","http://pbs.twimg.com/profile_images/942751425729368064/poH8Zxck_normal.jpg"
"x911414879730454528","Lucas gonçalves","LucasGoKim","São Paulo, SP","80% libertário, 20% conservador, anti-comunista, gamer e futuro estudante de economia. #MenosMarxMaisMises",,FALSE,132,200,0,1585,15515,2017-09-23 02:20:15,FALSE,,,"pt","https://pbs.twimg.com/profile_banners/911414879730454528/1520951258",,"http://pbs.twimg.com/profile_images/911422600533938186/wJ6nPiee_normal.jpg"
"x75392904","Gustavo","gtrindade1","Rio de Janeiro -BR","",,FALSE,32,202,0,118,1809,2009-09-18 21:38:56,FALSE,,,"en","https://pbs.twimg.com/profile_banners/75392904/1505738940","http://abs.twimg.com/images/themes/theme1/bg.png","http://pbs.twimg.com/profile_images/909761163965149184/SGrT2fm6_normal.jpg"
"x38052532","Arthur Luiz Tavares","alssst","Porto Alegre, Brasil","I'm smart ass, but I play dumb.","https://t.co/ulIai7dDBf",FALSE,596,316,29,94597,25262,2009-05-05 23:31:51,FALSE,"https://t.co/ulIai7dDBf","http://www.pontofinal.blog.br","pt","https://pbs.twimg.com/profile_banners/38052532/1348332673","http://abs.twimg.com/images/themes/theme14/bg.gif","http://pbs.twimg.com/profile_images/970828755001372672/8UHLcjBZ_normal.jpg"
"x372058087","Bruno","SeteBruno","Paraná","",,FALSE,239,154,1,10962,628,2011-09-12 01:46:08,FALSE,,,"pt","https://pbs.twimg.com/profile_banners/372058087/1425595461","http://pbs.twimg.com/profile_background_images/378800000059701364/0bb1606bd092d66e10525466ca1b570c.jpeg","http://pbs.twimg.com/profile_images/815760195414622208/e1ofWU2O_normal.jpg"
"x2169281622","Guilherme Carvalho","gui_augusto_97","","É curioso como as cores do mundo real parecem muito mais reais quando vistas no cinema.",,FALSE,60,140,0,268,703,2013-11-02 00:13:58,FALSE,,,"pt","https://pbs.twimg.com/profile_banners/2169281622/1492020013","http://abs.twimg.com/images/themes/theme1/bg.png","http://pbs.twimg.com/profile_images/481121629406121984/ZPm25uFH_normal.png"
"x37968189","<f0><U+009F><U+009A><U+0080>Carlos","CarlosMoreiraJr","Rio de Janeiro, Brasil","Açaí lover, entrepreneur, founder @Esp_Interativo and SportPar, investor @GamersClubBR @idwall_co @peer5 @EasyCarros Canary alum @Twitter @Nike @BabsonGraduate.","https://t.co/UIAu4QIEoC",FALSE,6480,1036,96,9367,23081,2009-05-05 17:11:57,TRUE,"https://t.co/UIAu4QIEoC","https://www.linkedin.com/in/CarlosHMoreiraJr","pt","https://pbs.twimg.com/profile_banners/37968189/1401927826","http://abs.twimg.com/images/themes/theme15/bg.png","http://pbs.twimg.com/profile_images/804109691378921472/fSdnOK2o_normal.jpg"
"x33510820","Bruno Curi","brunocuri","Rio de Janeiro","https://t.co/0pVZHnBC8M

https://t.co/zLxeqoOZFE",,FALSE,706,334,15,3985,7731,2009-04-20 13:27:36,FALSE,,,"pt","https://pbs.twimg.com/profile_banners/33510820/1482893858","http://abs.twimg.com/images/themes/theme1/bg.png","http://pbs.twimg.com/profile_images/948311267898478593/LzsqtozX_normal.jpg"
"x885511811675672576","30crisoliveira","30crisoliveira","Campinas, Brasil","Fazer o certo da maneira certa sempre!",,FALSE,122,169,0,89,720,2017-07-13 14:50:42,FALSE,,,"pt","https://pbs.twimg.com/profile_banners/885511811675672576/1499959713",,"http://pbs.twimg.com/profile_images/885521343835459585/Pr_zMnvF_normal.jpg"
"x822442681179766785","Carol","coolcarol999","","protegida",,FALSE,50,199,0,4434,4015,2017-01-20 13:56:30,FALSE,,,"pt","https://pbs.twimg.com/profile_banners/822442681179766785/1509578949",,"http://pbs.twimg.com/profile_images/948386661804724224/FCI-EBgi_normal.jpg"
"x2330172787","sinusoidal  <f0><U+009F><U+0090><U+00B7>","cuzynsky","Over Kiddington, England","parmera, mathematician, PhD. Falando mal da esquerda, da direita, dos liberais e do centro em 140 caracteres.
[RT and LIKES are not endorsements]","https://t.co/UQvbBRS1QS",FALSE,584,456,1,7597,4437,2014-02-06 11:44:32,FALSE,"https://t.co/UQvbBRS1QS","https://www.harvard.edu","pt","https://pbs.twimg.com/profile_banners/2330172787/1522427426","http://abs.twimg.com/images/themes/theme13/bg.gif","http://pbs.twimg.com/profile_images/906577235330699265/D_O91jQn_normal.jpg"
"x46918688","Fabricio Resende","fabriciomind","","",,FALSE,72,470,0,237,605,2009-06-13 16:49:45,FALSE,,,"pt",,"http://abs.twimg.com/images/themes/theme1/bg.png","http://pbs.twimg.com/profile_images/755399283801747456/hUw1K4n9_normal.jpg"
"x60957484","Bene Barbosa - MVB","benebarbosa_mvb","Brasil","Cidadão de bem e pai de família. Conheça meu blog! https://t.co/qKRl7JPEO1…","https://t.co/uJ5ERdHFZ9",FALSE,101961,811,275,37905,19515,2009-07-28 16:59:26,FALSE,"https://t.co/uJ5ERdHFZ9","http://www.mvb.org.br","pt","https://pbs.twimg.com/profile_banners/60957484/1496251860","http://pbs.twimg.com/profile_background_images/26747059/fundo_tweeter.jpg","http://pbs.twimg.com/profile_images/583313477588152320/ntcQNQIM_normal.jpg"
"x90963197","Folha Poder","folha_poder","São Paulo","Canal de diálogo com o leitor da editoria Poder do jornal Folha de S.Paulo","http://t.co/zlZZ9R2pwq",FALSE,348607,3555,2387,73007,0,2009-11-18 21:31:24,TRUE,"http://t.co/zlZZ9R2pwq","http://www.folha.com.br/poder","en",,"http://pbs.twimg.com/profile_background_images/341028477/fundo_poder.gif","http://pbs.twimg.com/profile_images/1932461376/nv_twiiter_poder_normal.jpg"
"x59184010","Fernando Walison","FerWalison","Brasil","BBB18 acabou com a saída do Diego e a burrice do público.",,FALSE,949,1767,12,16151,2121,2009-07-22 17:15:27,FALSE,,,"pt","https://pbs.twimg.com/profile_banners/59184010/1505059807","http://pbs.twimg.com/profile_background_images/62248877/OQAAACEtmcFXNT7a2jRHdnrkEbi8cKwJZzy0xMPPijeMDA7umBdnKUG_N1HiaKkz3TRwImU-8.jpg","http://pbs.twimg.com/profile_images/922679520112660481/vLUaYBug_normal.jpg"
"x4172587277","Twitter Moments Brasil","MomentsBrasil","São Paulo, Brasil","O melhor do que está acontecendo no Twitter em um instante. Siga seus eventos favoritos e receba Tweets em tempo real na sua timeline. #Moments<U+26A1><U+FE0F>","https://t.co/yLQOHaByM2",FALSE,534655,10,1542,43725,775,2015-11-12 16:46:02,TRUE,"https://t.co/yLQOHaByM2","https://blog.twitter.com/pt/2015/como-os-tweets-viram-moments-manual-de-curadoria-e-princ-pios","pt","https://pbs.twimg.com/profile_banners/4172587277/1447699082","http://abs.twimg.com/images/themes/theme1/bg.png","http://pbs.twimg.com/profile_images/666324297489739776/nyQKZybh_normal.png"
"x92875534","george piaulino","georgepiaulino","São Paulo","Sou cara legal, mas quando tô bravo sai de baixo",,FALSE,21,22,0,560,96,2009-11-27 01:24:21,FALSE,,,"en",,"http://abs.twimg.com/images/themes/theme5/bg.gif","http://pbs.twimg.com/profile_images/771205443280441344/0AkqUD_X_normal.jpg"
"x54411512","Fábio Ostermann","FabioOstermann","Porto Alegre, RS","<f0><U+009F><U+0087><U+00A7><f0><U+009F><U+0087><U+00B7> Cientista político, professor, líder do @EuSouLivres, filiado ao @PartidoNOVO30. A liberdade é a minha pátria. Opiniões aqui são minhas apenas. RT<U+2260>endosso","https://t.co/vlaZrUoX7j",FALSE,19774,2669,128,18938,2268,2009-07-07 01:59:09,TRUE,"https://t.co/vlaZrUoX7j","http://www.fabioostermann.com.br/","pt","https://pbs.twimg.com/profile_banners/54411512/1476313343","http://pbs.twimg.com/profile_background_images/839255416/dcaecee53dbffb90d652c64d06373f2b.jpeg","http://pbs.twimg.com/profile_images/965575741395099648/zcf1OWF1_normal.jpg"
"x67447536","Idalvo Matos","IdalvoMatos","Campinas, São Paulo, Brasil","Cristão, Advogado e sócio da Bonvechio, Matos Filho Associados (@Bonvechio_BMF), São-Paulino fanático, cinéfilo e cantor nas horas vagas.",,FALSE,195,297,3,13252,3202,2009-08-20 22:40:51,FALSE,,,"en","https://pbs.twimg.com/profile_banners/67447536/1504953189","http://pbs.twimg.com/profile_background_images/435597593926569984/LR_-svLe.jpeg","http://pbs.twimg.com/profile_images/906465483075067904/zSjFrOW8_normal.jpg"
"x154336315","Blog Olho na Mira","BlogOlhoNaMira","Paraná - Brasil","De tudo, um pouco. Primeiro Grau completo (turma de 65).",,FALSE,36946,6777,273,411352,110,2010-06-11 00:17:02,FALSE,,,"pt","https://pbs.twimg.com/profile_banners/154336315/1411599430","http://abs.twimg.com/images/themes/theme14/bg.gif","http://pbs.twimg.com/profile_images/889516718967721984/qKb5AWQd_normal.jpg"
"x745784996","Ranking Políticos","RankPolitico","São Paulo","Nosso objetivo é oferecer informação para ajudar de forma objetiva as pessoas a votarem melhor","http://t.co/eGnWsco6IV",FALSE,3489,191,29,692,78,2012-08-08 19:21:45,FALSE,"http://t.co/eGnWsco6IV","http://www.politicos.org.br/","pt","https://pbs.twimg.com/profile_banners/745784996/1517833021","http://pbs.twimg.com/profile_background_images/627869599/1dn8gkf28tt78i1srd35.png","http://pbs.twimg.com/profile_images/960489527684067333/dyxkUoWH_normal.jpg"
"x14465446","MPontes","Maropomo","Eunápolis, Bahia, Brasil","O que há de mais progressista hoje é ser conservador e liberal.","http://t.co/EywxBbT2uG",FALSE,4747,4462,212,78044,9971,2008-04-21 18:55:17,FALSE,"http://t.co/EywxBbT2uG","http://s-e-2.blogspot.com/","pt","https://pbs.twimg.com/profile_banners/14465446/1403224417","http://pbs.twimg.com/profile_background_images/29475234/mail.google.com.jpg","http://pbs.twimg.com/profile_images/919185938756104192/v6-CTPZW_normal.jpg"
"x129901863","luciano.drhoo","lucianogodoy1","-24.954876,-53.439661","Apaixonado pela vida e pelo rock (Hooligans PUB), pelas cervejas (Dr. HOO), pela política (Projeto Platão), Colorado irretratável, marido da Dani e pai do Quim.","https://t.co/SUeCSimnH7",FALSE,344,309,1,6055,4203,2010-04-05 19:11:34,FALSE,"https://t.co/SUeCSimnH7","http://www.hooliganspub.com.br","pt","https://pbs.twimg.com/profile_banners/129901863/1477332715","http://pbs.twimg.com/profile_background_images/360371562/familia.jpg","http://pbs.twimg.com/profile_images/790616528207155200/J12C4W5z_normal.jpg"
"x2293065512","Edson Leal","edsonleal27","Rio de Janeiro, Brasil","Jornalismo - Automobilismo, futebol, política e cinema. #joaoamoedo2018 #NOVO2018 #RENUNCIAEBM",,FALSE,712,821,5,11732,28412,2014-01-15 17:59:31,FALSE,,,"pt","https://pbs.twimg.com/profile_banners/2293065512/1513921761","http://abs.twimg.com/images/themes/theme1/bg.png","http://pbs.twimg.com/profile_images/962179065674387458/eowbEUQ7_normal.jpg"
"x1565568212","O LAMBARI DE WALL STREET","LAMBARI_VOLTOU","Belo Horizonte","Independência financeira é ter qualidade de vida, e acumular um patrimônio que possibilite depender cada vez menos da renda do trabalho.","https://t.co/HPGBQOaLuE",FALSE,1139,424,12,10176,1038,2013-07-03 11:43:54,FALSE,"https://t.co/HPGBQOaLuE","http://acionistainiciante.blogspot.com","pt","https://pbs.twimg.com/profile_banners/1565568212/1501426196","http://abs.twimg.com/images/themes/theme1/bg.png","http://pbs.twimg.com/profile_images/891672197286199296/z-FyNhBT_normal.jpg"
"x934104755722424325","Money Report","MoneyReportBR","","","https://t.co/etrrnpDHZh",FALSE,111,112,3,220,68,2017-11-24 17:01:43,FALSE,"https://t.co/etrrnpDHZh","https://www.moneyreport.com.br","en",,,"http://pbs.twimg.com/profile_images/934105859042529281/_iro0EXc_normal.jpg"
"x548024965","Canal do Otário","CanalDoOtario","Brasil","Perfil Oficial do Canal do Otário: O pior pesadelo de empresas e pessoas que promovem a propaganda enganosa!
https://t.co/c9t1KipDhW","https://t.co/ovO7MHgVCv",FALSE,91737,303,368,32313,9593,2012-04-08 00:53:46,TRUE,"https://t.co/ovO7MHgVCv","http://www.CanalDoOtario.com.br","en","https://pbs.twimg.com/profile_banners/548024965/1405813020","http://pbs.twimg.com/profile_background_images/579036924410613760/ZSnpJmAM.jpeg","http://pbs.twimg.com/profile_images/589989507870683136/g0f2zlnj_normal.png"
"x18912386","Igor Gaelzer","igorgaelzer","Rio Grande, RS, Brasil","Apaixonado pelo novo, idéias, ajudar pessoas, poder da Internet, meu trabalho e a Nordweg","https://t.co/4X3lOggamX",FALSE,343,210,8,1065,170,2009-01-12 19:45:26,FALSE,"https://t.co/4X3lOggamX","http://www.nordweg.com","en","https://pbs.twimg.com/profile_banners/18912386/1470403165","http://pbs.twimg.com/profile_background_images/4755117/Route_66__XL_by_nuaHs.jpg","http://pbs.twimg.com/profile_images/761550459228291072/ydbTqTRR_normal.jpg"
"x214570761","Jornal Nacional","jornalnacional","Brasil","O primeiro telejornal brasileiro via satélite, líder de audiência há 4 décadas.","http://t.co/EmNLJ06hH8",FALSE,5336848,49,2619,14130,2,2010-11-11 18:27:45,TRUE,"http://t.co/EmNLJ06hH8","http://g1.com.br/jn","pt","https://pbs.twimg.com/profile_banners/214570761/1497916449","http://pbs.twimg.com/profile_background_images/476394946421723136/3zvbsEFo.jpeg","http://pbs.twimg.com/profile_images/876946521392115712/Buih3l7c_normal.jpg"
"x939883217376759810","Rosanne Garcia","rosannegarcia30","Rio de Janeiro, Brasil","Filiada e voluntária do partido NOVO 30.",,FALSE,62,90,0,259,252,2017-12-10 15:43:16,FALSE,,,"pt","https://pbs.twimg.com/profile_banners/939883217376759810/1512964918","http://abs.twimg.com/images/themes/theme1/bg.png","http://pbs.twimg.com/profile_images/950075087524450305/YH6fzmf3_normal.jpg"
"x569290705","OCRAMA","ocramaneva","Rio","Afiando o machado e batendo sem dó.",,FALSE,447,219,9,32644,13994,2012-05-02 17:49:15,FALSE,,,"pt","https://pbs.twimg.com/profile_banners/569290705/1408630046","http://abs.twimg.com/images/themes/theme1/bg.png","http://pbs.twimg.com/profile_images/3125707416/138df4a7d3ec67043769e5a657f396d8_normal.jpeg"
"x66220255","Tiago Moreira","DeicideUH","Goiânia, GO, Brasil","Contador de histórias, autor de ""Zé Calabros na Terra dos Cornos"". Valorizo liberdade de expressão, raciocínio lógico, racionalidade, honestidade e ciência.","https://t.co/elOuRoCOFk",FALSE,785,365,9,54700,45172,2009-08-16 23:35:46,FALSE,"https://t.co/elOuRoCOFk","http://www.as-cronicas-animicas.com","pt","https://pbs.twimg.com/profile_banners/66220255/1487238464","http://abs.twimg.com/images/themes/theme1/bg.png","http://pbs.twimg.com/profile_images/424017359/Deicide-south_normal.jpg"
"x16355572","Renata Rezende","rezende","Hertfordshire ","|| publicitária e jornalista ||
Curto livros, fotografias, cartões postais e coleta seletiva de lixo. Não tenho tempo pra nada disso.","https://t.co/6p1QgR9V1W",FALSE,997,476,39,20448,13621,2008-09-18 23:36:02,FALSE,"https://t.co/6p1QgR9V1W","http://gplus.to/renatarezende","pt","https://pbs.twimg.com/profile_banners/16355572/1392990314","http://pbs.twimg.com/profile_background_images/436860851333517312/mQD5OhxD.jpeg","http://pbs.twimg.com/profile_images/687625168/eu_pb_normal.jpg"
"x57374485","Igor Miguel","igorpensar","Belo Horizonte - MG, Brazil","Cristão, teólogo, pedagogo, mestre em hebraico (USP), cabofriense e pastor na Igreja Esperança (BH/MG). Theologian, educator, MA in Hebrew and pastor in Brazil.",,FALSE,2603,546,30,21552,3566,2009-07-16 16:27:52,FALSE,,,"pt","https://pbs.twimg.com/profile_banners/57374485/1425519564","http://pbs.twimg.com/profile_background_images/68287256/fundo_twiitter.jpg","http://pbs.twimg.com/profile_images/876230565338415104/2wdowCPq_normal.jpg"
"x3396492550","Marie_S","mariee_simon","","<f0><U+009F><U+00A7><U+00A1>",,FALSE,104,153,0,791,965,2015-07-31 01:21:49,FALSE,,,"pt","https://pbs.twimg.com/profile_banners/3396492550/1488140446","http://abs.twimg.com/images/themes/theme1/bg.png","http://pbs.twimg.com/profile_images/957010864170852352/J_PWtwzH_normal.jpg"
"x61032559","Mael Jesus","MaelJesus6969","Novo Horizonte, Brasil","Quando acabar, o maluco sou eu <f0><U+009F><U+00A4><U+00A0>","https://t.co/kGvuqFmoZS",FALSE,268,919,0,2115,27550,2009-07-28 22:03:04,FALSE,"https://t.co/kGvuqFmoZS","https://www.facebook.com/Mael.Xpekj104","pt","https://pbs.twimg.com/profile_banners/61032559/1520881696","http://abs.twimg.com/images/themes/theme1/bg.png","http://pbs.twimg.com/profile_images/973014265593462794/XhE4ySJR_normal.jpg"
"x2525807683","Carlos Andreazza","andreazzaeditor","","Editor-executivo do Grupo Editorial Record, colunista do jornal O Globo, comentarista da rádio Jovem Pan e torcedor do Flamengo e do Império Serrano",,FALSE,20182,164,106,1992,1678,2014-05-26 20:25:36,FALSE,,,"pt",,"http://abs.twimg.com/images/themes/theme1/bg.png","http://pbs.twimg.com/profile_images/568481012615622656/rNR8nJ_3_normal.jpeg"
"x57073507","Jefferson K. Ocana™","jffkocana","23º 32' 51 S | 46º 38' 10 O","A designer and marketing analyst. Addicted for: management design, eletronic music, parties and traveling :-)","https://t.co/UhoKm6SIR1",FALSE,99,49,5,1067,268,2009-07-15 17:11:22,FALSE,"https://t.co/UhoKm6SIR1","http://www.estudiojko.com","pt","https://pbs.twimg.com/profile_banners/57073507/1427207547","http://abs.twimg.com/images/themes/theme3/bg.gif","http://pbs.twimg.com/profile_images/580370314284163072/XokFFODX_normal.jpg"
"x734025843215859712","Flavio Pedro","FlavioPedroNOVO","São Paulo, Brasil","Cansado da velha política brasileira, me filiei ao Partido Novo30, para ajudar na mudança de nossos representantes",,FALSE,79,180,0,625,781,2016-05-21 14:19:33,FALSE,,,"pt","https://pbs.twimg.com/profile_banners/734025843215859712/1492615820",,"http://pbs.twimg.com/profile_images/790930160166039552/-P8xNvsu_normal.jpg"
"x14324206","Gabriel Mendes","gabriellivres","Uberaba, MG, Brasil","Muita raça e pouca técnica.",,FALSE,343,575,8,3182,472,2008-04-07 16:04:04,FALSE,,,"en",,"http://pbs.twimg.com/profile_background_images/9144566/Guerrilheiro.gif","http://pbs.twimg.com/profile_images/967635778791723008/3wc0ECZR_normal.jpg"
"x48023483","Adriano Cunha","DreerazeCunha","São Paulo","Eng°, Paulista, Democrático, Crítico. Desejoso por ver um Estado mínimo, que apenas cuide - de fato - da Educação, Saúde e Segurança.#Novo30 #EuEscolhoAcreditar",,FALSE,1671,336,2,843,143,2009-06-17 16:43:13,FALSE,,,"pt",,"http://abs.twimg.com/images/themes/theme1/bg.png","http://pbs.twimg.com/profile_images/2769905403/e1010b15325c9813959859546771ae62_normal.jpeg"
"x3116646983","Fabiana Valete","fabivalete","Rio de Janeiro","Exposta precocemente à triste música pop britânica.",,FALSE,57,97,0,7377,10393,2015-03-26 01:19:48,FALSE,,,"pt","https://pbs.twimg.com/profile_banners/3116646983/1487165998","http://abs.twimg.com/images/themes/theme1/bg.png","http://pbs.twimg.com/profile_images/932627250679373826/lYaV326__normal.jpg"
"x2152849349","Bruno Maion","bmaion","Brasil","Apaixonado por família, política e economia. Espirito empreendedor. Em constante processo de construção",,FALSE,15,110,0,286,47,2013-10-25 15:43:21,FALSE,,,"pt",,"http://abs.twimg.com/images/themes/theme1/bg.png","http://pbs.twimg.com/profile_images/958487812252213248/_4YP_zJ__normal.jpg"
"x186914689","Sandra Fraiha","sandrafraiha","Floripa","PAZ !",,FALSE,134,245,3,11874,21234,2010-09-04 19:06:58,FALSE,,,"pt","https://pbs.twimg.com/profile_banners/186914689/1479491342","http://abs.twimg.com/images/themes/theme1/bg.png","http://pbs.twimg.com/profile_images/896169090473234433/BMOCUoCK_normal.jpg"
"x91783725","Joao Batista Amoedo","jamoedo","Brazil","",,FALSE,32,83,1,2893,4324,2009-11-22 12:53:10,FALSE,,,"pt",,"http://abs.twimg.com/images/themes/theme4/bg.gif","http://pbs.twimg.com/profile_images/683472018507993088/AQQyX1Jg_normal.jpg"
"x400418700","Inaldobs","GuegoInaldo","Paulista, PE","Para corromper o indivíduo basta ensiná-lo a chamar 'direitos' os seus desejos pessoais e 'abusos' os direitos alheios.                     Nicolás Gómez Dávila",,FALSE,49,194,1,630,1383,2011-10-29 00:48:24,FALSE,,,"pt",,"http://abs.twimg.com/images/themes/theme1/bg.png","http://pbs.twimg.com/profile_images/715279132444213249/wYSpmoed_normal.jpg"
