"user_id","name","screen_name","location","description","url","protected","followers_count","friends_count","listed_count","statuses_count","favourites_count","account_created_at","verified","profile_url","profile_expanded_url","account_lang","profile_banner_url","profile_background_url","profile_image_url"
"x95699837","Décio Lima","deciolimapt","Blumenau-SC","Deputado federal. Advogado. Líder da Oposição no Congresso Nacional. Presidente do PT/SC. Ex-Prefeito de Blumenau.","https://t.co/VDZXjQO5oA",FALSE,7801,6691,133,25908,5815,2009-12-09 18:14:42,TRUE,"https://t.co/VDZXjQO5oA","http://www.deciolima.com.br","pt","https://pbs.twimg.com/profile_banners/95699837/1522449462","http://pbs.twimg.com/profile_background_images/494237583019229184/pYeUDySM.jpeg","http://pbs.twimg.com/profile_images/979850170308399108/ZRuyTizb_normal.jpg"
"x22864100","Paulo Pimenta","DeputadoFederal","Rio Grande do Sul, Brasil","Paulo Pimenta é jornalista, nascido em Santa Maria. Líder da Bancada do PT, foi novamente o deputado federal mais votado do PT/RS em 2014","https://t.co/3OALH8EEEt",FALSE,211363,3847,631,52688,32599,2009-03-05 02:05:40,TRUE,"https://t.co/3OALH8EEEt","http://paulopimenta.com.br","pt","https://pbs.twimg.com/profile_banners/22864100/1480518162","http://pbs.twimg.com/profile_background_images/874418522/49f963f13c3576fb1a39afab97003930.jpeg","http://pbs.twimg.com/profile_images/918464467884822528/zZtlUvVm_normal.jpg"
"x64257256","Brasil de Fato","Brasil_de_Fato","Brasil","Uma visão popular do Brasil e do Mundo","https://t.co/A2XpNHxuub",FALSE,99285,370,1412,40634,854,2009-08-09 21:21:42,TRUE,"https://t.co/A2XpNHxuub","https://brasildefato.com.br/","pt","https://pbs.twimg.com/profile_banners/64257256/1489783816","http://abs.twimg.com/images/themes/theme14/bg.gif","http://pbs.twimg.com/profile_images/842837583331643392/eDnunIQJ_normal.jpg"
"x75060031","Benedita da Silva","dasilvabenedita","Brasil","Benedita da Silva - Uma guerreira na luta pelos direitos do povo","https://t.co/CS3agCJnjk",FALSE,13981,820,278,12101,145,2009-09-17 17:04:56,TRUE,"https://t.co/CS3agCJnjk","http://www.beneditadasilva.com.br","en","https://pbs.twimg.com/profile_banners/75060031/1522421631","http://pbs.twimg.com/profile_background_images/312244455/bg3.jpg","http://pbs.twimg.com/profile_images/862299420506943488/DKsAwpAA_normal.jpg"
"x2964803704","SenadoraReginaSousa","SenadoraRegina","Brasília, Brasil","Regina Sousa é senadora do Estado do Piauí e integra a bancada do PT.
fanpage:https://t.co/dDuPTaBZ12
site :https://t.co/RkDfCAGzAm","https://t.co/RkDfCAYaYW",FALSE,5916,1618,72,3930,2051,2015-01-06 19:13:41,TRUE,"https://t.co/RkDfCAYaYW","http://www.reginasousa.com/","pt","https://pbs.twimg.com/profile_banners/2964803704/1519763492","http://abs.twimg.com/images/themes/theme1/bg.png","http://pbs.twimg.com/profile_images/968584599050903552/dfCtTb18_normal.jpg"
"x57391507","Alberto Cantalice","albertocantalic","Rio de Janeiro","Alberto Cantalice é Vice-Presidente do PT, 53 anos e pai de 02 filhos","https://t.co/t3tYphAI8d",FALSE,6871,1065,125,30025,579,2009-07-16 17:32:20,FALSE,"https://t.co/t3tYphAI8d","http://www.albertocantalice.com.br","pt","https://pbs.twimg.com/profile_banners/57391507/1465243679","http://pbs.twimg.com/profile_background_images/378800000019476283/d099fe7e93c3e9a8b0fc4f0879bd9a2d.jpeg","http://pbs.twimg.com/profile_images/739911362349019137/1WmnQ179_normal.jpg"
"x3078329137","PT Brasil","ptbrasiI","Brasília / Brasil ","PT Brasil é um twitter de apoio da militância do Partido dos Trabalhadores.","https://t.co/ajtS13FxbL",FALSE,36657,721,94,57388,301,2015-03-13 21:56:50,FALSE,"https://t.co/ajtS13FxbL","http://www.pt.org.br","pt","https://pbs.twimg.com/profile_banners/3078329137/1447290339","http://abs.twimg.com/images/themes/theme1/bg.png","http://pbs.twimg.com/profile_images/942818872339652609/wfpFWnPB_normal.jpg"
"x111123176","Jean Wyllys","jeanwyllys_real","Rio de Janeiro","Jornalista, professor universitário e escritor baiano. Deputado Federal eleito pelo PSOL-RJ ||| <U+2709>dep.jeanwyllys@camara.leg.br ||| <f0><U+009F><U+0093><U+009E>(61) 3215-5646","https://t.co/B9ldYu3XNE",FALSE,696429,709,2346,64660,810,2010-02-03 21:58:06,TRUE,"https://t.co/B9ldYu3XNE","http://jeanwyllys.com.br/","pt","https://pbs.twimg.com/profile_banners/111123176/1510695078","http://pbs.twimg.com/profile_background_images/661286159/r7a0l0q6gn79n9wf4fo9.jpeg","http://pbs.twimg.com/profile_images/974363284295077890/DRBkhPqv_normal.jpg"
"x76699270","MST Oficial","MST_Oficial","Brasil","Twitter oficial da página do Movimento dos Trabalhadores Rurais Sem Terra (MST)","http://t.co/e8dKIxrBFa",FALSE,83126,260,1169,14123,409,2009-09-23 17:22:05,FALSE,"http://t.co/e8dKIxrBFa","http://www.mst.org.br","pt","https://pbs.twimg.com/profile_banners/76699270/1521489821","http://pbs.twimg.com/profile_background_images/41547249/foto.twitter1.gif","http://pbs.twimg.com/profile_images/858360747860144131/NBv0J9k9_normal.jpg"
"x63118359","Maria do Rosario","mariadorosario","Brasil","Uma mulher que considera inaceitável a opressão ou injustiça contra qualquer ser humano. Uma pessoa que tem lado, posiciona-se e participa de lutas justas.","https://t.co/Wzoi1GW1Nr",FALSE,158022,1157,877,20833,2334,2009-08-05 12:33:00,TRUE,"https://t.co/Wzoi1GW1Nr","http://www.mariadorosario.com.br","pt","https://pbs.twimg.com/profile_banners/63118359/1499633686","http://pbs.twimg.com/profile_background_images/743213176/78cea2b1248282dc88ebf61e8b0954d5.jpeg","http://pbs.twimg.com/profile_images/976067714765729792/28EoPhVE_normal.jpg"
"x62804559","Henrique Fontana","HenriqueFontana","Porto Alegre, RS, Brasil","Médico, deputado federal pelo PT-RS","https://t.co/S4URturIji",FALSE,25233,2712,355,6433,450,2009-08-04 12:31:50,TRUE,"https://t.co/S4URturIji","https://www.facebook.com/deputadohenriquefontana","pt","https://pbs.twimg.com/profile_banners/62804559/1519666147","http://pbs.twimg.com/profile_background_images/272062411/novo.jpg","http://pbs.twimg.com/profile_images/939118995759878144/ZfPXxUtY_normal.jpg"
"x25562342","Paulo Teixeira","pauloteixeira13","ÜT: -23.542504,-46.657429","Deputado federal (PT-SP), mestre em Direito do Estado pela USP. Fui relator do Novo Código de Processo Civil e relator adjunto do CPP. Sou vice-presidente do PT","https://t.co/8cQFDj1lJh",FALSE,67119,16322,667,21502,1118,2009-03-20 19:44:34,TRUE,"https://t.co/8cQFDj1lJh","http://www.pauloteixeira13.com.br","pt","https://pbs.twimg.com/profile_banners/25562342/1506967532","http://pbs.twimg.com/profile_background_images/493737760302178304/96NwXX0C.png","http://pbs.twimg.com/profile_images/910212039871799297/_5TRxEjV_normal.jpg"
"x76206825","Paulo Fiorilo","paulofiorilo","São Paulo (SP)","Vereador de São Paulo. Professor mestre em Ciências Políticas. Casado com Adriana Natali e pai do Lorenzo.","https://t.co/iZRBSJJ35V",FALSE,2564,381,38,6011,464,2009-09-22 01:05:48,TRUE,"https://t.co/iZRBSJJ35V","http://www.paulofiorilo.com.br","pt","https://pbs.twimg.com/profile_banners/76206825/1482252713","http://abs.twimg.com/images/themes/theme1/bg.png","http://pbs.twimg.com/profile_images/782971274284900352/haDE7tIO_normal.jpg"
"x95253000","Roberto Requião","requiaopmdb","Brasília/Paraná","Sen Pr, vice pres da Comissão mista Brasileira do Parlasul,Vice do Parlatino. Pres PMDB PR. Pres Frente Soberania.","https://t.co/b3mW1hucCC",FALSE,191669,952,1282,110846,508,2009-12-07 18:28:34,TRUE,"https://t.co/b3mW1hucCC","http://www.robertorequiao.com.br","pt","https://pbs.twimg.com/profile_banners/95253000/1513510498","http://pbs.twimg.com/profile_background_images/337914595/Imagem_2.jpg","http://pbs.twimg.com/profile_images/950051352893382656/eKeYLVU5_normal.jpg"
"x31139434","Gleisi Hoffmann","gleisi","Curitiba - Brasil","Gleisi é senadora pelo Estado do Paraná e presidenta nacional do Partido dos Trabalhadores (PT).","https://t.co/trIx39STRL",FALSE,354750,738,1212,10252,206,2009-04-14 14:55:57,TRUE,"https://t.co/trIx39STRL","https://www.facebook.com/gleisi.hoffmann","pt","https://pbs.twimg.com/profile_banners/31139434/1522405083","http://pbs.twimg.com/profile_background_images/581076720930836481/df22dl1e.png","http://pbs.twimg.com/profile_images/978404190769819648/CMy0uRV-_normal.jpg"
"x2279128944","André Vieira","AndreteleSUR","Brasil","Periodista brasileño. Corresponsal de @teleSURtv en Rio de Janeiro, Brasil. Somos la Señal Informativa de América Latina.","https://t.co/JkloPmIZBA",FALSE,2414,365,37,3081,118,2014-01-06 14:05:42,FALSE,"https://t.co/JkloPmIZBA","http://telesurtv.net","pt","https://pbs.twimg.com/profile_banners/2279128944/1510279894","http://pbs.twimg.com/profile_background_images/378800000167681826/naBLooMr.jpeg","http://pbs.twimg.com/profile_images/874467298597326848/GvKSOVl0_normal.jpg"
"x45473463","Deputado Zarattini","CarlosZarattini","São Paulo - Brasil","Deputado Federal PT/SP, 3º mandato, Em 2014,eleito c/ 138.286 votos Em 2017, líder do PT n Câmara Vereador, deputado estadual, secretário d Transporte gov Marta","https://t.co/DDSwkw4PtE",FALSE,10614,1007,279,13974,1691,2009-06-08 01:46:00,TRUE,"https://t.co/DDSwkw4PtE","http://www.facebook.com/dep.zarattini/","pt","https://pbs.twimg.com/profile_banners/45473463/1520444327","http://pbs.twimg.com/profile_background_images/378800000101094849/713487a566bc3948759a489a5f15c3d6.jpeg","http://pbs.twimg.com/profile_images/971440290262409216/IN5ui_qT_normal.jpg"
"x342994346","Instituto Lula","inst_lula","São Paulo","O Instituto Lula foi criado para ampliar a cooperação entre Brasil, África e América Latina e dar continuidade ao trabalho político de Lula.","http://t.co/Dn1lcn7vw0",FALSE,153745,134,494,5674,946,2011-07-26 22:17:14,TRUE,"http://t.co/Dn1lcn7vw0","http://www.institutolula.org/","pt","https://pbs.twimg.com/profile_banners/342994346/1408715137","http://abs.twimg.com/images/themes/theme6/bg.gif","http://pbs.twimg.com/profile_images/1963868616/institutolula_normal.jpg"
"x75031882","PT na Câmara","PTnaCamara","Brasília-DF-Brasil","Liderança do Partido dos Trabalhadores (PT) na Câmara dos Deputados","http://t.co/rJhFfO6PXm",FALSE,55749,1315,399,80892,15245,2009-09-17 15:00:36,TRUE,"http://t.co/rJhFfO6PXm","http://www.ptnacamara.org.br","pt","https://pbs.twimg.com/profile_banners/75031882/1521466689","http://pbs.twimg.com/profile_background_images/724818442/704079bd06fb006ca03d063a87116c38.jpeg","http://pbs.twimg.com/profile_images/969194876045873152/6TbrXQ4-_normal.jpg"
"x3958737622","Seja a Democracia!","sejademocracia","","Museu virtual dedicado à memória das lutas de nosso povo pela democracia, igualdade e justiça social. Uma parceria entre o @Inst_Lula e a @FPAbramo","http://t.co/ciJ0MAvbLL",FALSE,1902,857,22,5832,942,2015-10-14 19:50:29,TRUE,"http://t.co/ciJ0MAvbLL","http://www.memorialdademocracia.com.br","pt","https://pbs.twimg.com/profile_banners/3958737622/1463353373","http://pbs.twimg.com/profile_background_images/657231013161127936/WwMZoA05.png","http://pbs.twimg.com/profile_images/657231756324708352/zsRCZaV7_normal.png"
"x3074656803","<U+262D>Margot<U+262D> <U+270C><U+FE0F> #LULA2018","margotbisewski","Campeche Leste, Florianópolis","#EsquerdistasSeguemEsquerdistas #Lula2018 <U+262E><U+FE0F><f0><U+009F><U+0094><U+0099>",,FALSE,3814,3807,8,36552,70604,2015-03-06 12:06:18,FALSE,,,"pt","https://pbs.twimg.com/profile_banners/3074656803/1516837957","http://abs.twimg.com/images/themes/theme1/bg.png","http://pbs.twimg.com/profile_images/974256485545865217/8YnQDrTP_normal.jpg"
"x3090382647","Jornalistas Livres","J_LIVRES","Brasil","Somos uma rede de coletivos originada na diversidade. Os valores que nos unem são a paixão pela democracia e a defesa radical dos direitos humanos.","https://t.co/3zEN44SIbb",FALSE,256380,649,790,19496,2354,2015-03-13 02:05:24,FALSE,"https://t.co/3zEN44SIbb","http://jornalistaslivres.org/","pt","https://pbs.twimg.com/profile_banners/3090382647/1522252363","http://abs.twimg.com/images/themes/theme1/bg.png","http://pbs.twimg.com/profile_images/905623502467850240/TQ5SEnUU_normal.jpg"
"x34366699","Rede Brasil Atual","redebrasilatual","Brasil","","http://t.co/d6aZAiPHLF",FALSE,54436,1017,769,52299,503,2009-04-22 19:17:21,FALSE,"http://t.co/d6aZAiPHLF","http://www.redebrasilatual.com.br","pt","https://pbs.twimg.com/profile_banners/34366699/1499724135","http://pbs.twimg.com/profile_background_images/378800000005425052/dd73faad189d92532655851f0cfdf656.jpeg","http://pbs.twimg.com/profile_images/850424452177375236/TJuaNz1R_normal.jpg"
"x4550317786","Dilma Resistente #DR","DilmaResiste","","Luto pela democracia. Meu tempo é curto, não respondo insultos, não entro em treta. Faço parte da quadrilha q tirou 40 milhões da miséria. #Lula2018
DM liberada","https://t.co/7WDS8mJIQw",FALSE,15988,1245,49,57991,1415,2015-12-20 21:40:54,FALSE,"https://t.co/7WDS8mJIQw","https://www.facebook.com/DilmaResistente/","pt","https://pbs.twimg.com/profile_banners/4550317786/1488778437",,"http://pbs.twimg.com/profile_images/964278887613157377/FeQP2c2b_normal.jpg"
"x62902198","UJS","UJSBRASIL","","União da Juventude Socialista","https://t.co/nxJdCs0sWJ",FALSE,20505,2428,150,20477,1662,2009-08-04 19:19:46,FALSE,"https://t.co/nxJdCs0sWJ","http://www.ujs.org.br","pt","https://pbs.twimg.com/profile_banners/62902198/1521053926","http://pbs.twimg.com/profile_background_images/436512011128557568/uRD8EiYq.jpeg","http://pbs.twimg.com/profile_images/973996964294643712/WBru2pou_normal.jpg"
"x802940342827880449","Julianna Mathias Martins","JujuMathiasMar4","","",,FALSE,637,864,0,15070,21915,2016-11-27 18:21:10,FALSE,,,"pt","https://pbs.twimg.com/profile_banners/802940342827880449/1521210831","http://abs.twimg.com/images/themes/theme1/bg.png","http://pbs.twimg.com/profile_images/978043955098083328/BEZYc3UL_normal.jpg"
"x83722886","Pedro Uczai","uczai","Santa Catarina","Professor e Deputado Federal (PT/SC)","http://t.co/ENbf8yfuaS",FALSE,4365,1049,146,4742,189,2009-10-20 00:00:57,TRUE,"http://t.co/ENbf8yfuaS","http://www.pedrouczai.com.br","pt","https://pbs.twimg.com/profile_banners/83722886/1517414789","http://abs.twimg.com/images/themes/theme1/bg.png","http://pbs.twimg.com/profile_images/940626082717368321/Z7-wl2PG_normal.jpg"
"x63127680","Elvino Bohn Gass","BohnGass","Porto Alegre","55 anos. Gaúcho. Agricultor. Formado em Estudos Sociais/História, pós-graduado em Gestão Social. Deputado Federal reeleito com 100.834 votos.","http://t.co/LuFgTsxn86",FALSE,13676,4064,186,14262,774,2009-08-05 13:13:01,TRUE,"http://t.co/LuFgTsxn86","http://www.bohngass.com.br/","pt","https://pbs.twimg.com/profile_banners/63127680/1521475962","http://abs.twimg.com/images/themes/theme6/bg.gif","http://pbs.twimg.com/profile_images/920613141150666754/avv7T7fB_normal.jpg"
"x130497496","Luiz Sérgio","depluizsergio","Rio de Janeiro - Brasil","Deputado federal (PT-RJ)",,FALSE,3624,183,144,1523,106,2010-04-07 13:16:14,TRUE,,,"pt","https://pbs.twimg.com/profile_banners/130497496/1420141284","http://pbs.twimg.com/profile_background_images/188366563/ls_twitter.jpg","http://pbs.twimg.com/profile_images/550738569338568705/u-yTNhIp_normal.jpeg"
"x626725650","Margarida Salomão","JFMargarida","Juiz de Fora","Sou professora universitária. Fui reitora por dois mandatos consecutivos da UFJF. Estou deputada federal pelo PT/MG.","https://t.co/tNYRwnOIip",FALSE,15095,926,125,17092,2275,2012-07-04 17:50:22,TRUE,"https://t.co/tNYRwnOIip","http://www.margaridasalomao.com.br","pt","https://pbs.twimg.com/profile_banners/626725650/1521470667","http://abs.twimg.com/images/themes/theme1/bg.png","http://pbs.twimg.com/profile_images/976823635980759040/6U6L9XLq_normal.jpg"
"x214731619","Pablo Gentili","pablogentili","Río de Janeiro / Buenos Aires","Secretario Ejecutivo de CLACSO. Profesor de la UERJ. Coordinador del Núcleo de Politica Educativa de la UMET. Autor del blog CONTRAPUNTOS del periódico El País.","https://t.co/lao8yXhiEa",FALSE,14999,1304,176,16493,599,2010-11-12 02:49:21,FALSE,"https://t.co/lao8yXhiEa","http://blogs.elpais.com/contrapuntos/","es","https://pbs.twimg.com/profile_banners/214731619/1522303394","http://pbs.twimg.com/profile_background_images/449692715/Menina_-_S_Salgado.jpg","http://pbs.twimg.com/profile_images/908561816464252929/pQgEay8p_normal.jpg"
"x25858078","Manuela","ManuelaDavila","Porto Alegre, Brasil","Em (R)evolução, mãe da Laura, mestranda, jornalista e deputada. Pré-candidata à presidência do Brasil pelo PCdoB <f0><U+009F><U+0087><U+00A7><f0><U+009F><U+0087><U+00B7><U+2764><U+FE0F>",,FALSE,162306,516,1731,46070,1836,2009-03-22 18:46:14,TRUE,,,"pt","https://pbs.twimg.com/profile_banners/25858078/1522357645","http://pbs.twimg.com/profile_background_images/887443945/657703404a66a4862dffacfbc8449dd8.jpeg","http://pbs.twimg.com/profile_images/979408423619088384/RrVOlhrd_normal.jpg"
"x4893200632","Cristina Britez","cbritezmisiones","","Diputada Nacional por la Provincia de Misiones FPV-PJ-
Militante Peronista","https://t.co/j6kYCe6NDN",FALSE,4997,1090,39,1227,2022,2016-02-09 21:33:24,TRUE,"https://t.co/j6kYCe6NDN","https://www.facebook.com/CristinaBritezMisiones/","es","https://pbs.twimg.com/profile_banners/4893200632/1492052300","http://abs.twimg.com/images/themes/theme1/bg.png","http://pbs.twimg.com/profile_images/851921568922038272/QwOpcWUF_normal.jpg"
"x1085149063","Lannes Del Rey","LannesDelRey","Brasil","não to afim de bio aqui Email:contatolannestt@gmail.com",,FALSE,1860175,967,1007,99838,56497,2013-01-13 05:58:35,TRUE,,,"pt","https://pbs.twimg.com/profile_banners/1085149063/1505136508","http://pbs.twimg.com/profile_background_images/531994855904251904/7Xl7QAO1.jpeg","http://pbs.twimg.com/profile_images/893900661175308288/a5-UJCrn_normal.jpg"
"x51245698","Daniel Adjuto","DanAdjuto","","Repórter do SBT em Brasília","https://t.co/1LL6w7gJTF",FALSE,14951,1009,175,6655,2154,2009-06-26 22:01:41,TRUE,"https://t.co/1LL6w7gJTF","https://www.facebook.com/DanAdjuto/","en","https://pbs.twimg.com/profile_banners/51245698/1489099108","http://abs.twimg.com/images/themes/theme1/bg.png","http://pbs.twimg.com/profile_images/866391844573282304/-Tjx8IEB_normal.jpg"
"x136263204","Ken Livingstone","ken4london","London","Former Mayor of London & GLC leader - author of 'Being Red - A Politics for the Future'","https://t.co/vVpEWpPt8v",FALSE,44782,723,792,7334,812,2010-04-23 12:58:43,FALSE,"https://t.co/vVpEWpPt8v","https://www.facebook.com/KenLivingstoneOfficial","en","https://pbs.twimg.com/profile_banners/136263204/1465293418","http://abs.twimg.com/images/themes/theme16/bg.gif","http://pbs.twimg.com/profile_images/2346281125/93cfk15mvcq7uf8x42n1_normal.jpeg"
"x182925466","Daniel Filmus","FilmusDaniel","Buenos Aires, Argentina","Diputado nacional por la CABA Unidad Porteña bloque @DiputadosFPV_pj. Ex ministro de Educación. Sociólogo. Profesor de la UBA. Hincha de @SanLorenzo.","https://t.co/HLIHsq8n2z",FALSE,324663,550,1729,25661,2172,2010-08-25 18:49:51,TRUE,"https://t.co/HLIHsq8n2z","https://www.facebook.com/danielfilmus/","es","https://pbs.twimg.com/profile_banners/182925466/1509477951","http://abs.twimg.com/images/themes/theme16/bg.gif","http://pbs.twimg.com/profile_images/911678048495382528/xeVmdCX5_normal.jpg"
"x293680137","CTA","CTAok","Piedras 1065","Central de Trabajadores de la Argentina. Nacida en 1991. Representa desocupados, organizaciones territoriales y sindicatos. @HugoYasky, Secretario General.","https://t.co/8st0JDfvGr",FALSE,24282,1977,105,6824,535,2011-05-05 19:42:34,TRUE,"https://t.co/8st0JDfvGr","http://www.cta.org.ar/","es","https://pbs.twimg.com/profile_banners/293680137/1490915905","http://pbs.twimg.com/profile_background_images/378800000082820597/92644eccd56456ec2b8aba982739b37d.jpeg","http://pbs.twimg.com/profile_images/710944923990794240/58rluSJO_normal.jpg"
"x33518728","Fernando Pimentel","pimentelminas","Minas Gerais, Brasil","Governador de Minas Gerais, economista e professor universitário. Foi prefeito de BH e Ministro do Desenvolvimento.","https://t.co/nSErMgFmVx",FALSE,22186,1288,582,1118,99,2009-04-20 13:55:03,TRUE,"https://t.co/nSErMgFmVx","http://www.fernandopimentel.com.br","pt","https://pbs.twimg.com/profile_banners/33518728/1495728187","http://pbs.twimg.com/profile_background_images/162768565/backg.jpg","http://pbs.twimg.com/profile_images/971741177031659520/xl-jt8fm_normal.jpg"
"x1128525852","Samuel George","SamuelGeorge76","","The No Collar Economist. Documentary film maker and analyst as Global Markets and Digital Adviser for the Bertelsmann Foundation.","https://t.co/47JVazudKJ",FALSE,2315,695,49,2065,270,2013-01-28 16:23:26,TRUE,"https://t.co/47JVazudKJ","https://crossroads-videos.org","en","https://pbs.twimg.com/profile_banners/1128525852/1485523691","http://pbs.twimg.com/profile_background_images/506824482158157824/jA5oeTNQ.jpeg","http://pbs.twimg.com/profile_images/728722152791355393/wfn1sf7I_normal.jpg"
"x3493425382","EnriqueYeves","EnriqueYeves","","Journalist&writer, now Director Communications at #UNFAO. #politics, #development, #diplomacy, #Hunger #International Affairs, #UN. Tweets in several languages","http://t.co/9IjFnJzwXI",FALSE,3422,2642,134,7176,3752,2015-08-30 17:49:19,FALSE,"http://t.co/9IjFnJzwXI","http://www.fao.org","en","https://pbs.twimg.com/profile_banners/3493425382/1445199474","http://abs.twimg.com/images/themes/theme1/bg.png","http://pbs.twimg.com/profile_images/638048613768273920/QILsAGQP_normal.jpg"
"x74626513","Leonardo Boff","LeonardoBoff","Petrópolis, RJ, Brazil","Teólogo e escritor membro da Iniciativa Internacional da Carta da Terra","http://t.co/2DQzjqk7AI",FALSE,206273,355,1736,13012,20,2009-09-16 02:09:22,FALSE,"http://t.co/2DQzjqk7AI","http://www.leonardoboff.com","pt","https://pbs.twimg.com/profile_banners/74626513/1515331969","http://abs.twimg.com/images/themes/theme5/bg.gif","http://pbs.twimg.com/profile_images/832795971364884480/P6erGu9K_normal.jpg"
"x79982342","Fundación Internacional de Derechos Humanos","Declaracion","BsAs, Bruselas, Gaza, Madrid…","Organización No-Gubernamental. @declaracio (Català), @dereitos (Galego), @adierazpena (Euskara), @guojiyuke (<U+6F22><U+8A9E>), @TheIHRF (English).","https://t.co/Kz4NrUUSW9",FALSE,672157,5945,2959,9662,24544,2009-10-05 10:00:09,TRUE,"https://t.co/Kz4NrUUSW9","http://dudh.es","es","https://pbs.twimg.com/profile_banners/79982342/1459775852","http://pbs.twimg.com/profile_background_images/453579317843197952/MTfg-urN.png","http://pbs.twimg.com/profile_images/968967557670686726/UItchcdS_normal.jpg"
"x212297066","CLACSO","_CLACSO","Buenos Aires, Argentina","CLACSO es una red internacional creada en 1967 con estatus asociativo en la UNESCO. Reúne más de 600 centros de investigación y posgrado en 47 países.","https://t.co/dyCwb1cW9y",FALSE,36440,416,587,24287,3303,2010-11-05 17:49:39,TRUE,"https://t.co/dyCwb1cW9y","http://www.clacso.org","es","https://pbs.twimg.com/profile_banners/212297066/1522357592","http://abs.twimg.com/images/themes/theme17/bg.gif","http://pbs.twimg.com/profile_images/941690688365842432/q9mEgFmm_normal.jpg"
"x14754376","Luis Nassif","luisnassif","São Paulo, SP, Brasil","Jornalista e blogueiro","http://t.co/h6MVtE1OQw",FALSE,235366,899,3006,99014,891,2008-05-13 03:53:05,TRUE,"http://t.co/h6MVtE1OQw","http://www.luisnassif.com.br","pt",,"http://abs.twimg.com/images/themes/theme1/bg.png","http://pbs.twimg.com/profile_images/3296515311/6b1729dd94e7646fb539eeb6e8f2274b_normal.jpeg"
"x369120654","Wado de Pedro <f0><U+009F><U+0087><U+00A6><f0><U+009F><U+0087><U+00B7>","wadodecorrido","Buenos Aires, Argentina","Mercedino. Militante. Peronista Kirchnerista. Diputado Nacional por la Provincia de Buenos Aires FPV-PJ. https://t.co/MLUj7ub7Vg Acá si soy @wadodecorrido <U+270C><f0><U+009F><U+008F><U+00BD>","https://t.co/26OKZWVMtP",FALSE,160421,1091,463,11386,15114,2011-09-06 20:14:15,TRUE,"https://t.co/26OKZWVMtP","http://www.facebook.com/wadodecorrido/","es","https://pbs.twimg.com/profile_banners/369120654/1508273622","http://pbs.twimg.com/profile_background_images/378800000033825244/91fa0b0fa39a1f5162721b9a56427378.jpeg","http://pbs.twimg.com/profile_images/626897721761398784/q-OZ37Xv_normal.jpg"
"x198979854","Cuauhtémoc Cárdenas","c_cardenas_s","México","Político mexicano. Ingeniero Civil. Presidente de la Fundación para la Democracia - Alternativa y Debate-A.C. Seguir: @f_democracia @pormxhoy","https://t.co/lhFNLZvjsu",FALSE,131502,263,788,555,59,2010-10-05 18:40:13,TRUE,"https://t.co/lhFNLZvjsu","http://ccardenass.org","es","https://pbs.twimg.com/profile_banners/198979854/1521096988","http://abs.twimg.com/images/themes/theme15/bg.png","http://pbs.twimg.com/profile_images/772074049186869249/CewCDpvK_normal.jpg"
"x1252764865","Nicolás Maduro","NicolasMaduro","Venezuela","Presidente de la República Bolivariana de Venezuela. Hijo de Chávez. Construyendo junto al Pueblo una Patria de Futuro, porque juntos todo es posible.","https://t.co/RLht2xwzGA",FALSE,3353460,113,17039,93260,98,2013-03-08 21:19:10,TRUE,"https://t.co/RLht2xwzGA","http://nicolasmaduro.org.ve","es","https://pbs.twimg.com/profile_banners/1252764865/1522250418","http://pbs.twimg.com/profile_background_images/378800000083400440/fca0b307b13dab0e684dd6318de78a58.png","http://pbs.twimg.com/profile_images/964683181340463104/XgqW-WC0_normal.jpg"
"x161439194","Prensa Madres","PrensaMadres","Argentina","Cuenta oficial de la Asociación Madres de Plaza de Mayo. Te esperamos todos los jueves, como hace casi 41 años, en Plaza de Mayo a las 15:30hs.","https://t.co/9yPmskH8cW",FALSE,59448,53,211,4658,678,2010-06-30 21:28:13,TRUE,"https://t.co/9yPmskH8cW","http://www.madres.org","es","https://pbs.twimg.com/profile_banners/161439194/1487704325","http://abs.twimg.com/images/themes/theme16/bg.gif","http://pbs.twimg.com/profile_images/834118648969232385/gS6kBP2y_normal.jpg"
"x141493488","Cancillería de Cuba","CubaMINREX","Cuba","Ministerio de Relaciones Exteriores de la República de #Cuba<f0><U+009F><U+0087><U+00A8><f0><U+009F><U+0087><U+00BA>¦Ministry of Foreign Affairs of the Republic of #Cuba<f0><U+009F><U+0087><U+00A8><f0><U+009F><U+0087><U+00BA>¦Seguidores de #FidelCastro","https://t.co/pAOv7Fj0Qo",FALSE,56943,457,554,25074,7901,2010-05-08 06:53:18,TRUE,"https://t.co/pAOv7Fj0Qo","http://www.minrex.gob.cu/","es","https://pbs.twimg.com/profile_banners/141493488/1513342300","http://abs.twimg.com/images/themes/theme1/bg.png","http://pbs.twimg.com/profile_images/805849085777317888/ww5yj4KI_normal.jpg"
"x2953955753","Axel Kicillof","Kicillofok","","Diputado Nacional FPV por CABA. Militante del Proyecto Nacional y Popular. Cuenta oficial.","http://t.co/lZfB3KjVrn",FALSE,695541,200,718,2324,1077,2014-12-31 23:38:55,TRUE,"http://t.co/lZfB3KjVrn","http://axelkicillof.com.ar","es","https://pbs.twimg.com/profile_banners/2953955753/1503442431","http://abs.twimg.com/images/themes/theme9/bg.gif","http://pbs.twimg.com/profile_images/872115022473854976/Fcd8pz8b_normal.jpg"
"x720786569792253952","Evo Morales Ayma","evoespueblo","Bolivia","Presidente del Estado Plurinacional de Bolivia.","https://t.co/kQ9w6KUwmm",FALSE,349916,6,1122,5448,0,2016-04-15 01:31:24,TRUE,"https://t.co/kQ9w6KUwmm","http://www.presidencia.gob.bo","es","https://pbs.twimg.com/profile_banners/720786569792253952/1519502261",,"http://pbs.twimg.com/profile_images/721003588919640064/mG0g1mmc_normal.jpg"
"x247540617","Nicolás Trotta","trottanico","Vicente López, Argentina","Rector de @umeteduar - Universidad de los Trabajadores. Impulsor del Centro de Innovación de los Trabajadores. Dir.Gral. @EdOctubre. Al frente de @latampiensa.","https://t.co/Uz1nxSQ5db",FALSE,9247,1038,53,5865,3405,2011-02-05 00:59:56,TRUE,"https://t.co/Uz1nxSQ5db","http://www.nicolastrotta.com.ar","es","https://pbs.twimg.com/profile_banners/247540617/1508590075","http://pbs.twimg.com/profile_background_images/643440996387307520/nAohCxeE.jpg","http://pbs.twimg.com/profile_images/921898081519628295/RDM24MUP_normal.jpg"
"x80820758","Jean-Luc Mélenchon","JLMelenchon","France","Député de la 4e circo des Bouches-du-Rhône, pdt du grpe @FranceInsoumise. JLM ne tweete pas en personne. Snap: @melenchonjl. YT: https://t.co/UZJeDOk6az","https://t.co/uxVMGt3tCL",FALSE,1859279,5094,4517,25500,2368,2009-10-08 10:50:24,TRUE,"https://t.co/uxVMGt3tCL","http://melenchon.fr","fr","https://pbs.twimg.com/profile_banners/80820758/1493631936","http://pbs.twimg.com/profile_background_images/474460077/bastilleok.gif","http://pbs.twimg.com/profile_images/846345918710460416/6_IxAsw9_normal.jpg"
"x18245853","Víctor Santa María","victorsmaria","Buenos Aires, Argentina","Diputado @Parlasur. Presidente del @PjCiudad. Presidente de @SBarracas. Hincha de Boca. Secretario General de @suterh_osperyh","https://t.co/JIMgtMyCRE",FALSE,220205,648,347,26586,4027,2008-12-19 17:12:19,TRUE,"https://t.co/JIMgtMyCRE","http://www.victorsantamaria.com.ar","es","https://pbs.twimg.com/profile_banners/18245853/1522081859","http://pbs.twimg.com/profile_background_images/471657924985491457/zl1aW9PE.jpeg","http://pbs.twimg.com/profile_images/978291912615579648/7TAYcsV7_normal.jpg"
"x59604175","Sergio Urribarri","SergioUrribarri","Entre Ríos, Argentina","Presidente de la Cámara de Diputados de Entre Ríos. Militante apasionado del proyecto nacional. Amante del fútbol, la cocina criolla y la sencillez.","http://t.co/aFAcTf1JBn",FALSE,151592,5338,704,9001,137,2009-07-23 22:09:20,TRUE,"http://t.co/aFAcTf1JBn","http://www.entrerios.gov.ar","es","https://pbs.twimg.com/profile_banners/59604175/1494722770","http://pbs.twimg.com/profile_background_images/451743252085895168/NM0tH5Oi.jpeg","http://pbs.twimg.com/profile_images/765890431368433664/gxTXrDXV_normal.jpg"
"x138814032","Cristina Kirchner","CFKArgentina","Argentina","<f0><U+009F><U+0087><U+00A6><f0><U+009F><U+0087><U+00B7> Militante peronista, Senadora Nacional, Presidenta mandato cumplido. https://t.co/nipyQap4ny https://t.co/Kg9Er9WTpH","https://t.co/AZAjE20uCt",FALSE,5344027,242,15035,14351,485,2010-04-30 17:36:51,TRUE,"https://t.co/AZAjE20uCt","http://www.cfkargentina.com","es","https://pbs.twimg.com/profile_banners/138814032/1508945769","http://pbs.twimg.com/profile_background_images/678962478416556033/5VDvwCKM.jpg","http://pbs.twimg.com/profile_images/1112014698/foto6-3.jpg_1__normal.jpg"
"x2714771804","Jorge Taiana","JorgeTaiana","Buenos Aires, Argentina","Diputado del Parlasur. Ex Canciller de la Nación. Peronista. Sociólogo, Director del CIEP (UNSaM). Casado. Padre de tres hijxs.","https://t.co/WPkXHsMB2U",FALSE,63913,551,183,6932,1021,2014-08-07 15:13:07,TRUE,"https://t.co/WPkXHsMB2U","https://www.facebook.com/TaianaJorge/?fref=ts","es","https://pbs.twimg.com/profile_banners/2714771804/1432919572","http://abs.twimg.com/images/themes/theme1/bg.png","http://pbs.twimg.com/profile_images/910959627847782400/yPjip-ce_normal.jpg"
"x23023236","Tom Morello","tmorello","Union Town","Feed the poor. Fight the power. Rock the f*ck out.","https://t.co/sA2asmUAGk",FALSE,539532,91,7230,11223,833,2009-03-06 03:25:17,TRUE,"https://t.co/sA2asmUAGk","http://www.tommorello.com","en","https://pbs.twimg.com/profile_banners/23023236/1473438960","http://pbs.twimg.com/profile_background_images/308026728/TomMorello-WWRS_sm.jpg","http://pbs.twimg.com/profile_images/774285282921230336/-DFROTeL_normal.jpg"
"x713028058207358976","Alicia Castro","AliciaCastroAR","Ciudad Autónoma de Buenos Aire","Militante política y sindical. Ex Sec. Gral. Aeronavegantes. Diputada Nacional (1997-2005). Embajadora en Rep. Bolivariana de Venezuela y ante el Reino Unido","https://t.co/wYJbIViXn4",FALSE,33485,13361,116,45196,12763,2016-03-24 15:41:51,FALSE,"https://t.co/wYJbIViXn4","http://www.facebook.com/aliciacastroargentina","es","https://pbs.twimg.com/profile_banners/713028058207358976/1477579219",,"http://pbs.twimg.com/profile_images/783046525010206720/2ZGn4mZm_normal.jpg"
"x21100803","PES","PES_PSE","Europe","Party of European Socialists. Left from centre. RT<U+2260> endorsement. A poll is a poll, a statement is a statement. Header: gender pension gap.","https://t.co/8lYcDsOdEN",FALSE,55340,5474,908,30841,4686,2009-02-17 16:06:57,TRUE,"https://t.co/8lYcDsOdEN","http://www.pes.eu","en-gb","https://pbs.twimg.com/profile_banners/21100803/1521708451","http://pbs.twimg.com/profile_background_images/378800000127753078/HyFO8U2n.jpeg","http://pbs.twimg.com/profile_images/875372046255099905/RIMFRHuZ_normal.jpg"
"x832283441030897664","Víctor Báez","VBaezOficial","Sao Paulo, Brasil","Secretario General de la Confederación Sindical de trabajadores/as de las Amérias @csa_tuca General Secretary of the Trade Union Confederation of the Américas.","https://t.co/2mXU1wilpn",FALSE,455,210,5,618,65,2017-02-16 17:40:10,FALSE,"https://t.co/2mXU1wilpn","http://csa-csi.org","es","https://pbs.twimg.com/profile_banners/832283441030897664/1487274095","http://abs.twimg.com/images/themes/theme1/bg.png","http://pbs.twimg.com/profile_images/954398103829975040/2O7-6dpw_normal.jpg"
"x71310152","Lindbergh Farias","lindberghfarias","Rio de Janeiro (RJ)","Líder estudantil, deputado federal, prefeito e atualmente Senador, Lindbergh é uma das principais lideranças políticas do país.",,FALSE,190469,561,863,7591,241,2009-09-03 17:34:19,TRUE,,,"pt","https://pbs.twimg.com/profile_banners/71310152/1471976728","http://pbs.twimg.com/profile_background_images/378800000181656030/ibnpb3N2.png","http://pbs.twimg.com/profile_images/910854447227719680/m74qpk4k_normal.jpg"
"x49696756","Guimarães","guimaraes13PT","Ceará","Advogado, deputado federal(CE) eleito para o terceiro mandato consecutivo com 209.032 votos, Líder da Oposição na Câmara","https://t.co/cAIhUosb7X",FALSE,14485,407,285,35627,260,2009-06-22 17:25:31,TRUE,"https://t.co/cAIhUosb7X","http://www.guimaraes.org.br","pt","https://pbs.twimg.com/profile_banners/49696756/1521051378","http://pbs.twimg.com/profile_background_images/731895936/deaacec5e16693fc3e6b18605ddd15f3.jpeg","http://pbs.twimg.com/profile_images/973988653721669634/5AMBvjf1_normal.jpg"
"x25577585","Flávio Dino","FlavioDino","Maranhão","Governador do Maranhão. Advogado e professor da Universidade Federal do Maranhão. Foi juiz federal, deputado federal e presidente da EMBRATUR","http://t.co/YG2zI5rUtp",FALSE,186275,541,498,54211,27237,2009-03-20 21:14:30,TRUE,"http://t.co/YG2zI5rUtp","http://www.flaviodino.com.br","en","https://pbs.twimg.com/profile_banners/25577585/1502172921","http://pbs.twimg.com/profile_background_images/485631968294359040/FLhuSl9s.jpeg","http://pbs.twimg.com/profile_images/979883885277401088/U5h8QVTC_normal.jpg"
"x166753339","Adelmo Leão","deputadoadelmo","Minas Gerais","Médico, Professor Universitário e Deputado Federal pelo PT. Sou o Deputado que defende uma aplicação de recursos orçamentários para Saúde.","https://t.co/m11l589P2M",FALSE,4210,5129,90,3347,2621,2010-07-14 22:50:00,TRUE,"https://t.co/m11l589P2M","http://www.facebook.com/deputadoadelmo/","pt","https://pbs.twimg.com/profile_banners/166753339/1499106139","http://pbs.twimg.com/profile_background_images/453887858873339904/5NeEKes9.jpeg","http://pbs.twimg.com/profile_images/875204498414850048/TGlqFWwq_normal.jpg"
"x182505863","Vagner Freitas","vagnercut","Brasil","Vagner Freitas é trabalhador bancário desde 1987 e atual presidente da Central Única dos Trabalhadores (CUT) na gestão 2012-2015.","https://t.co/SUiXfOE95x",FALSE,3559,1225,31,5872,275,2010-08-24 19:18:14,FALSE,"https://t.co/SUiXfOE95x","http://www.vagnerfreitascut.com.br/","pt","https://pbs.twimg.com/profile_banners/182505863/1515698659","http://pbs.twimg.com/profile_background_images/140361727/Background_Twitter.JPG","http://pbs.twimg.com/profile_images/823993256975495169/ZqLrRM09_normal.jpg"
"x76049312","Humberto Costa","humbertocostapt","Pernambuco","Perfil oficial do Senador Humberto Costa, eleito pelo povo de Pernambuco para batalhar por mais justiça e oportunidades.","http://t.co/CjIIYwM9Hh",FALSE,62533,2480,562,48797,8318,2009-09-21 15:12:01,TRUE,"http://t.co/CjIIYwM9Hh","http://www.facebook.com/humbertocostapt","pt","https://pbs.twimg.com/profile_banners/76049312/1517227619","http://pbs.twimg.com/profile_background_images/378800000091338622/f5305e15c3e32974d8abd007db3ce2b6.png","http://pbs.twimg.com/profile_images/920253243405500416/HYx_5k0X_normal.jpg"
"x33386714","eduardo","eduardonino","Brasil","","https://t.co/UyMm0njSEb",FALSE,8662,4151,36,401734,53934,2009-04-20 02:26:13,FALSE,"https://t.co/UyMm0njSEb","http://blogdoeduardonino.com.br/","pt","https://pbs.twimg.com/profile_banners/33386714/1398202431","http://pbs.twimg.com/profile_background_images/21553383/kaylanne_008.jpg","http://pbs.twimg.com/profile_images/964607080853258240/fFsByeiJ_normal.png"
"x39522911","PT Brasil","ptbrasil","Brasília / Brasil","Twitter oficial do Partido dos Trabalhadores #LulaLivre","https://t.co/ajtS13FxbL",FALSE,731250,2314,1580,91764,604,2009-05-12 15:31:40,TRUE,"https://t.co/ajtS13FxbL","http://www.pt.org.br","pt","https://pbs.twimg.com/profile_banners/39522911/1520962942","http://pbs.twimg.com/profile_background_images/378800000095471244/b0d8101261f4f46d82429421ced0877b.png","http://pbs.twimg.com/profile_images/973615185146601472/shCSGJxC_normal.jpg"
"x112795172","Jefferson Lima","Jefferson_PT","Aracaju / Brasilia ","Presidente do PT- Aracaju. Sergipano com orgulho, política de A-Z e eterno pescador de ilusões.",,FALSE,4433,1808,39,36025,778,2010-02-09 18:50:17,FALSE,,,"pt","https://pbs.twimg.com/profile_banners/112795172/1511354250","http://pbs.twimg.com/profile_background_images/74056096/DSC04639.JPG","http://pbs.twimg.com/profile_images/933313470975631360/TMac7yZN_normal.jpg"
"x45013575","teleSUR TV","teleSURtv","Caracas","Con más 40 corresponsales en el mundo, alzamos nuestra voz donde otros medios callan.
teleSUR es la señal informativa de América Latina","http://t.co/ytrnpmyCA5",FALSE,1535611,293,11432,1048736,725,2009-06-05 22:21:49,TRUE,"http://t.co/ytrnpmyCA5","http://www.telesurtv.net","es","https://pbs.twimg.com/profile_banners/45013575/1510059336","http://pbs.twimg.com/profile_background_images/458205236549517312/SV4G5pst.jpeg","http://pbs.twimg.com/profile_images/927882145342902275/dierX20H_normal.jpg"
"x58065771","Alexandre Padilha","padilhando","São Paulo/ SP","Médico infectologista, morador e apaixonado pelo Centro de São Paulo. Ministro da Coordenação Política do Lula, da Saúde da Dilma e Secretário da gestão Haddad.",,FALSE,145960,1023,882,35455,3200,2009-07-18 23:50:46,TRUE,,,"pt","https://pbs.twimg.com/profile_banners/58065771/1521059700","http://pbs.twimg.com/profile_background_images/480085997099565058/JtZeY1cE.jpeg","http://pbs.twimg.com/profile_images/859406613291184128/UwSXHkJt_normal.jpg"
"x57153448","Feder. Petroleiros","FUP_Brasil","Brasil","Mais um canal de comunicação da Federação Única dos Petroleiros/FUP. Acesse também http://t.co/uBN4dPyt e http://t.co/9diim9R4","http://t.co/bOucIQ6dXf",FALSE,3354,238,72,12793,5,2009-07-15 22:10:53,FALSE,"http://t.co/bOucIQ6dXf","http://www.fup.org.br","pt","https://pbs.twimg.com/profile_banners/57153448/1467990315","http://pbs.twimg.com/profile_background_images/720273700239642624/fRh2j2AF.jpg","http://pbs.twimg.com/profile_images/1138699235/12_normal.jpg"
"x218229279","MTST","mtst_","Brasil","Twitter oficial do Movimento dos Trabalhadores Sem-Teto.","http://t.co/ysTUR0eKud",FALSE,25183,48,200,10569,26,2010-11-21 19:44:27,FALSE,"http://t.co/ysTUR0eKud","http://www.mtst.org","pt","https://pbs.twimg.com/profile_banners/218229279/1408637048","http://pbs.twimg.com/profile_background_images/502486163890794496/fk76EGLB.jpeg","http://pbs.twimg.com/profile_images/502484711071961088/GMIvTHmD_normal.png"
"x169918595","Rede TVT","redeTVT","Brasil","Emissora de Televisão educativa mantida pelo Sindicato dos Metalúrgicos do ABC e o Sindicato dos Bancários de SP. Sintonize 44.1 HD na TV digital.","http://t.co/Srtahh8iT4",FALSE,17260,360,151,28134,4501,2010-07-23 13:59:34,FALSE,"http://t.co/Srtahh8iT4","http://www.tvt.org.br","pt","https://pbs.twimg.com/profile_banners/169918595/1520277308","http://pbs.twimg.com/profile_background_images/573961588362772480/q4pzm3lt.jpeg","http://pbs.twimg.com/profile_images/970738188527587329/TaGx2xCd_normal.jpg"
"x57763444","ONU Brasil","ONUBrasil","","Perfil oficial das Nações Unidas no Brasil.","http://t.co/ADGgNE5SIq",FALSE,273831,932,1882,55690,752,2009-07-17 21:30:52,TRUE,"http://t.co/ADGgNE5SIq","http://www.onu.org.br","pt","https://pbs.twimg.com/profile_banners/57763444/1510101538","http://pbs.twimg.com/profile_background_images/389797278/onubr_aba4.png","http://pbs.twimg.com/profile_images/675386986450948097/Wcn73L4s_normal.jpg"
"x66370407","Joanna Maranhão","Jujuca1987","do mundo","Desconstrução ambulante. <f0><U+009F><U+0092><U+0099> <f0><U+009F><U+0092><U+008C> contatos.atletas@gmail.com",,FALSE,34594,553,223,25972,8440,2009-08-17 14:48:28,TRUE,,,"pt","https://pbs.twimg.com/profile_banners/66370407/1499356925","http://pbs.twimg.com/profile_background_images/102867569/joaninha-8224.jpg","http://pbs.twimg.com/profile_images/1599657271/2074469-7324-rec_normal.jpg"
"x117802244","Juan Manuel Karg","jmkarg","jmkarg@gmail.com","Politólogo / Analista Internacional / Investigo en IIGG-UBA-CCC / #UnMundoDeSensaciones por @FuturockOk / @SanLorenzo / Cuenta Personal",,FALSE,19790,3239,262,27340,7592,2010-02-26 17:22:40,FALSE,,,"es","https://pbs.twimg.com/profile_banners/117802244/1431010417","http://pbs.twimg.com/profile_background_images/378800000165216285/5ok-aAH_.jpeg","http://pbs.twimg.com/profile_images/924996848602972165/pvuY8-0Y_normal.jpg"
"x131574396","Dilma Rousseff","dilmabr","Brasília","Twitter de Dilma Rousseff, presidenta eleita do Brasil","https://t.co/rTQMQu84Tb",FALSE,6098080,371,17267,7312,31,2010-04-10 17:46:14,TRUE,"https://t.co/rTQMQu84Tb","http://dilma.com.br","pt","https://pbs.twimg.com/profile_banners/131574396/1463409233","http://pbs.twimg.com/profile_background_images/157617079/twitter-dilma.jpg","http://pbs.twimg.com/profile_images/526853273546788864/xAkXA8V8_normal.jpeg"
"x2690172127","João Daniel","depjoaodanielpt","","Militante do MST e deputado federal do PT por Sergipe","https://t.co/A5JniM1bbK",FALSE,1165,1181,23,4426,1748,2014-07-29 13:38:26,TRUE,"https://t.co/A5JniM1bbK","http://www.deputadojoaodaniel.com.br","pt","https://pbs.twimg.com/profile_banners/2690172127/1515515343","http://pbs.twimg.com/profile_background_images/495803948024872960/r7xrHP8f.jpeg","http://pbs.twimg.com/profile_images/732551295563927552/6CysXin0_normal.jpg"
"x87324565","Tijolaço","tijolaco","Rio de Janeiro","A política, sem polêmica, é a arma das elites.","http://t.co/ksfSEe4hBg",FALSE,109614,665,1034,19045,87,2009-11-04 00:36:01,FALSE,"http://t.co/ksfSEe4hBg","http://www.tijolaco.com.br","pt","https://pbs.twimg.com/profile_banners/87324565/1385234034","http://pbs.twimg.com/profile_background_images/378800000056261923/a18a714b667a39ef7461f8a0398b51da.jpeg","http://pbs.twimg.com/profile_images/378800000780196146/e99b83ead231f29dc5cf1fdc1748bf5e_normal.png"
"x14907774","Gilberto Gil","gilbertogil","Brasil","Twitter oficial do cantor e compositor Gilberto Gil atualizado pela sua equipe de comunicação","http://t.co/AVWNhBhghW",FALSE,2498357,504,2745,13004,14554,2008-05-26 10:52:48,TRUE,"http://t.co/AVWNhBhghW","http://www.gilbertogil.com.br/","en","https://pbs.twimg.com/profile_banners/14907774/1520611159","http://pbs.twimg.com/profile_background_images/623241819296559104/iJRXcXYk.jpg","http://pbs.twimg.com/profile_images/967081993019195392/NrxD-hF0_normal.jpg"
"x2713922791","#PodemosAnularOGolpe","ZehChe","São Paulo","SIGA @CheZeGuevara <f0><U+009F><U+0092><U+00AA>#Mobai  https://t.co/RnUOOIygyM #AnuleOGolpeSTF   https://t.co/GLydWCTT43 https://t.co/G0HpXivzHV   @PTmilitancia #EuConfioEmZeDirceu","https://t.co/bEJlHccutQ",FALSE,8883,8774,30,22379,17377,2014-08-07 06:41:22,FALSE,"https://t.co/bEJlHccutQ","http://www.facebook.com/AnulacaoImpeachment/","pt","https://pbs.twimg.com/profile_banners/2713922791/1502128492","http://abs.twimg.com/images/themes/theme12/bg.gif","http://pbs.twimg.com/profile_images/910657167186907136/GL76Tlru_normal.jpg"
"x156372899","Chico D'Angelo","chico_dangelo","Niterói, RJ, Brasil","Médico. Deputado Federal pelo PDT-RJ e ex-Secretário de Saúde de Niterói. Ex-presidente da Comissão de Cultura da Câmara dos Deputados.","https://t.co/X6l76Wm06r",FALSE,38090,4730,108,23103,5512,2010-06-16 19:34:24,TRUE,"https://t.co/X6l76Wm06r","https://www.facebook.com/chicodangelo","pt","https://pbs.twimg.com/profile_banners/156372899/1510061991","http://pbs.twimg.com/profile_background_images/547118605343547392/NFD0YF-u.jpeg","http://pbs.twimg.com/profile_images/858300001776173056/OyBXel-v_normal.jpg"
"x62501888","Jaques Wagner","jaqueswagner","Brasília - Brasil","Twitter oficial de Jaques Wagner, ex-ministro, ex-governador e atual Secretário de Desenvolvimento Econômico da Bahia.","https://t.co/9HxRUNvaKT",FALSE,61817,661,425,7916,441,2009-08-03 12:23:05,TRUE,"https://t.co/9HxRUNvaKT","http://www.facebook.com/jaqueswagneroficial","pt","https://pbs.twimg.com/profile_banners/62501888/1490129850","http://pbs.twimg.com/profile_background_images/809525727/7db02b8b72d7f1b1d40ed7c88e6aa8ce.jpeg","http://pbs.twimg.com/profile_images/844291701065814017/dVNfWFMN_normal.jpg"
"x61617112","Marco Maia","DepMarcoMaia","Canoas","Deputado Federal pelo PT/RS. Ex-Presidente da Câmara dos Deputados","https://t.co/zyhx52Bds4",FALSE,27766,693,418,8225,2166,2009-07-30 22:25:51,TRUE,"https://t.co/zyhx52Bds4","http://www.marcomaia.gov.br","pt","https://pbs.twimg.com/profile_banners/61617112/1508859668","http://pbs.twimg.com/profile_background_images/193777353/fundo_reduzido2.JPG","http://pbs.twimg.com/profile_images/699626907520929792/UP6fpkUn_normal.jpg"
"x122498057","La Radio del Sur","laradiodelsur","ÜT: 10.48326,-66.798122","Para escuchar los latidos de la Patria Grande","http://t.co/C5nPVpdqv1",FALSE,245553,528,1609,497714,4054,2010-03-12 22:52:29,FALSE,"http://t.co/C5nPVpdqv1","http://laradiodelsur.com.ve","es","https://pbs.twimg.com/profile_banners/122498057/1391646982","http://pbs.twimg.com/profile_background_images/378800000182730406/QPIgXdAQ.jpeg","http://pbs.twimg.com/profile_images/967771239656935424/1xjnUJJZ_normal.jpg"
"x50088692","Reginaldo Lopes","ReginaldoLopes","Belo Horizonte, Brasil","Reginaldo Lopes é economista, deputado federal mais votado por Minas Gerais e autor da Lei de Acesso à Informação.","https://t.co/DJpPU3R3Cw",FALSE,19069,9639,265,9102,1353,2009-06-23 20:18:01,TRUE,"https://t.co/DJpPU3R3Cw","http://www.reginaldolopes.com.br","pt","https://pbs.twimg.com/profile_banners/50088692/1512315008","http://pbs.twimg.com/profile_background_images/489893272488144896/X3p5VxbU.jpeg","http://pbs.twimg.com/profile_images/783348733094293505/az2ob89b_normal.jpg"
"x129837652","Leonardo Monteiro","depleomonteiro","Minas Gerais","Deputado federal pelo PT-MG. Educação, Meio Ambiente e apoio à Agricultura Familiar são as prioridades do nosso mandato.","http://t.co/ZUb4gbYWAP",FALSE,3025,891,94,9406,15,2010-04-05 15:27:18,TRUE,"http://t.co/ZUb4gbYWAP","http://www.leonardomonteiro.com.br","pt","https://pbs.twimg.com/profile_banners/129837652/1426171803","http://pbs.twimg.com/profile_background_images/120978606/background_twitter.jpg","http://pbs.twimg.com/profile_images/872211762262810625/pPUtk3QL_normal.jpg"
"x1447787984","AnnaLu","AnnaLuGama","","""Mudar o mundo, meu amigo Sancho, não é loucura, não é utopia, é justiça!"" - D Quixote <f0><U+009F><U+0091><U+0089> #LulaINOCENTE #EleiçãoSemLulaÉFraude #LulaLivre",,FALSE,14492,10977,84,160191,65017,2013-05-22 02:35:54,FALSE,,,"pt","https://pbs.twimg.com/profile_banners/1447787984/1520871029","http://abs.twimg.com/images/themes/theme1/bg.png","http://pbs.twimg.com/profile_images/959238873997041664/7-xhFUoy_normal.jpg"
"x821841262898794496","Ilmar Renato (Mamão)<f0><U+009F><U+0090><U+009C><f0><U+009F><U+008D><U+00B3>","ilmaroficial","Campo Grande, Brasil","Advogado Alternativo, cozinheiro por amor, estudante da vida, poeta de buteco e Ex-BBB.
<f0><U+009F><U+0093><U+00B7> Instagram: @ilmaroficial
<f0><U+009F><U+0093><U+00A9> contatoilmarrenato@gmail.com
<U+2764> Gratidão","https://t.co/VuQsysDplR",FALSE,103224,1114,61,6704,16090,2017-01-18 22:06:40,TRUE,"https://t.co/VuQsysDplR","http://www.facebook.com/Ilmaroficial","pt","https://pbs.twimg.com/profile_banners/821841262898794496/1509913352","http://abs.twimg.com/images/themes/theme1/bg.png","http://pbs.twimg.com/profile_images/851600853177860097/UfN7WV2O_normal.jpg"
"x206222507","Jose de Abreu","zehdeabreu","","Todo mundo me conhece...","https://t.co/BkmupjCan7",FALSE,154885,2919,960,269041,239,2010-10-22 14:31:32,TRUE,"https://t.co/BkmupjCan7","http://www.imdb.com/name/nm0206831/","pt","https://pbs.twimg.com/profile_banners/206222507/1521125813","http://pbs.twimg.com/profile_background_images/461873595195486208/-2aOuZYA.jpeg","http://pbs.twimg.com/profile_images/974298267914817537/XrmfK-K6_normal.jpg"
"x69373037","Suplicy","esuplicy","São Paulo, Brasil","Fui eleito vereador com 301 mil votos. Fui secretário de Direitos Humanos e Cidadania na gestão Fernando Haddad. Fui senador de 1991/2014, deputado e vereador.",,FALSE,346468,3507,1940,6197,2092,2009-08-27 19:00:10,TRUE,,,"pt","https://pbs.twimg.com/profile_banners/69373037/1521325368","http://pbs.twimg.com/profile_background_images/51600107/outro.jpg","http://pbs.twimg.com/profile_images/935514307097395201/5Ohn4IJn_normal.jpg"
"x1075036110","Macaé Evaristo","macaebhz","Belo Horizonte, Brasil","Professora e Assistente Social. Atualmente é a Secretária de Educação do Estado de Minas Gerais.","https://t.co/IOhNItpWQx",FALSE,112,31,0,366,24,2013-01-09 22:16:43,FALSE,"https://t.co/IOhNItpWQx","https://www.facebook.com/MacaeMariaEvaristo","pt","https://pbs.twimg.com/profile_banners/1075036110/1503619948","http://abs.twimg.com/images/themes/theme13/bg.gif","http://pbs.twimg.com/profile_images/900874380401618944/xM_5qnSz_normal.jpg"
"x1540034828","Mídia NINJA","MidiaNINJA","Brasil","Narrativas Independentes, Jornalismo e Ação. Faça parte do mutirão de NINJAS que constroem com as próprias mãos uma outra história da comunicação!","https://t.co/VvMdMshRLd",FALSE,359864,1795,1401,30949,3764,2013-06-23 03:26:00,TRUE,"https://t.co/VvMdMshRLd","https://www.catarse.me/midianinja","pt","https://pbs.twimg.com/profile_banners/1540034828/1507481619","http://pbs.twimg.com/profile_background_images/378800000006113701/e585542f72524fd13585006a0cebbd2c.png","http://pbs.twimg.com/profile_images/742757449845899264/1JACLqsi_normal.jpg"
"x22616724","Blog da Dilma","blogdadilma13","São Paulo/Fortaleza","Facebook Blog da Dilma: https://t.co/0rJMeLosVS","https://t.co/UGhDxb8Ogi",FALSE,11851,7052,213,102174,7908,2009-03-03 12:44:22,FALSE,"https://t.co/UGhDxb8Ogi","http://www.www.portalmidialivre.com","pt","https://pbs.twimg.com/profile_banners/22616724/1465818709","http://pbs.twimg.com/profile_background_images/502254099962658816/XZO-LO-w.png","http://pbs.twimg.com/profile_images/743228722220793858/4TqOYvK9_normal.jpg"
"x2444376402","Haddad Tranquilão","Haddad_Femando","São Paulo","Pensamentos e comentários do cotidiano de um político tranquilo.

Dúvidas, informações sobre o Haddad Tranquilão? Via: tranquilaohaddad@gmail.com","https://t.co/6C1hVQIJ19",FALSE,22699,211,122,7374,56,2014-04-14 19:26:56,FALSE,"https://t.co/6C1hVQIJ19","https://haddadtranquilao.wordpress.com/","pt","https://pbs.twimg.com/profile_banners/2444376402/1499976124","http://abs.twimg.com/images/themes/theme1/bg.png","http://pbs.twimg.com/profile_images/791411460874395652/18xjyXZO_normal.jpg"
"x3988096450","O Brasil da Mudança","brasildamudanca","Brasil","A história e os resultados das políticas públicas de distribuição de renda e inclusão social que transformaram o Brasil. https://t.co/TIpKaAsniK","http://t.co/Sh8uwrvncp",FALSE,6693,2969,35,3488,1503,2015-10-18 15:57:24,FALSE,"http://t.co/Sh8uwrvncp","http://www.brasildamudanca.com.br/","pt","https://pbs.twimg.com/profile_banners/3988096450/1494010205","http://abs.twimg.com/images/themes/theme1/bg.png","http://pbs.twimg.com/profile_images/743605559304327168/e4f1TemS_normal.jpg"
