"user_id","name","screen_name","location","description","url","protected","followers_count","friends_count","listed_count","statuses_count","favourites_count","account_created_at","verified","profile_url","profile_expanded_url","account_lang","profile_banner_url","profile_background_url","profile_image_url"
"x69303815","Rodrigo Firmino","rodrigo_firmino","Curitiba","Professor in urbanism, architecture & surveillance at PUCPR. CNPq research fellow. Chief-editor of urbe. Member of LAVITS. Opinions are my own!","https://t.co/7t7CMnYylj",FALSE,968,1099,58,14848,1578,2009-08-27 14:25:42,FALSE,"https://t.co/7t7CMnYylj","http://bit.ly/RGfirmino","en","https://pbs.twimg.com/profile_banners/69303815/1350789841","http://pbs.twimg.com/profile_background_images/33409578/gecko.jpg","http://pbs.twimg.com/profile_images/795631884692815873/8MKRg6Mr_normal.jpg"
"x358766758","socorro","nauj_g","Curitiba, Brasil","não se estou vivendo ou vivendo",,FALSE,225,156,2,1787,4286,2011-08-20 13:28:02,FALSE,,,"pt","https://pbs.twimg.com/profile_banners/358766758/1507472688","http://abs.twimg.com/images/themes/theme14/bg.gif","http://pbs.twimg.com/profile_images/975860400137916418/FEm3X28y_normal.jpg"
"x38043575","Cat. I'm a kitty cat ou o Ivan Rodrigues","oivanrodrigues","salvador.bahia","Eu escrevo coisas. Aqui https://t.co/7mqw0tM63x e ali https://t.co/D3z5wQRoby","https://t.co/D3z5wQRoby",FALSE,468,705,16,11102,1086,2009-05-05 22:52:58,FALSE,"https://t.co/D3z5wQRoby","http://www.ivanrodrigues.com.br","en","https://pbs.twimg.com/profile_banners/38043575/1519829583","http://abs.twimg.com/images/themes/theme9/bg.gif","http://pbs.twimg.com/profile_images/979110342373662720/Bv5cngFh_normal.jpg"
"x3680128636","Emerson Mendonça","emersonmdca","Vila Mariana, São Paulo","Frontend Dev.",,FALSE,23,116,0,170,544,2015-09-17 00:16:22,FALSE,,,"pt",,"http://abs.twimg.com/images/themes/theme1/bg.png","http://pbs.twimg.com/profile_images/977640716217257986/TZWtRADM_normal.jpg"
"x4107163959","<f0><U+009F><U+008C><U+00B8>","LarissaNeumann4","Cascavel, Brasil","jornalista, escorpiana e dengosa <f0><U+009F><U+008C><U+00B8>",,FALSE,314,169,0,17766,4332,2015-11-03 21:08:48,FALSE,,,"pt","https://pbs.twimg.com/profile_banners/4107163959/1520445871","http://abs.twimg.com/images/themes/theme1/bg.png","http://pbs.twimg.com/profile_images/971446503159066624/KTc9psyH_normal.jpg"
"x1631022972","anderson","glowsmcyrus","theo","usuária de calcinha em palco sim de playback nunca",,FALSE,5311,4841,48,186593,21733,2013-07-29 19:10:31,FALSE,,,"pt","https://pbs.twimg.com/profile_banners/1631022972/1521911191","http://pbs.twimg.com/profile_background_images/624272181132967936/FlNStY_8.png","http://pbs.twimg.com/profile_images/977592494077640704/RdJsFDO7_normal.jpg"
"x20054053","Tássia","tassiaporto","Porto Alegre, Brazil","Analista de BI, profe de marketing digital e a louca dos catioros. Tentando ser aquela que “vamo!”","https://t.co/9MsIX56nBF",FALSE,177,161,5,4523,1801,2009-02-04 13:51:43,FALSE,"https://t.co/9MsIX56nBF","http://linkedin.com/in/tassiaporto","en","https://pbs.twimg.com/profile_banners/20054053/1491951528","http://pbs.twimg.com/profile_background_images/432684905/xb1eb73aa931578b1136e40f418746b1.jpg","http://pbs.twimg.com/profile_images/975934246157242368/_-fNIXyX_normal.jpg"
"x1597375237","bonnerzin da massa","bonnerzin","Macaé, Brasil","redator, criador de conteúdo e redes sociais em @canalriff","https://t.co/qTFMEE2cCy",FALSE,259,618,2,2486,10614,2013-07-16 02:50:12,FALSE,"https://t.co/qTFMEE2cCy","http://facebook.com/bonnerzin","pt","https://pbs.twimg.com/profile_banners/1597375237/1456022001","http://abs.twimg.com/images/themes/theme1/bg.png","http://pbs.twimg.com/profile_images/899886700834500608/-FfiCBwB_normal.jpg"
"x1320810385","não me sinto segura","occhijj","Minas Gerais, Brasil","Toda errada, porém feminista!",,FALSE,89,161,0,1329,1166,2013-04-01 17:33:49,FALSE,,,"pt","https://pbs.twimg.com/profile_banners/1320810385/1467577455","http://pbs.twimg.com/profile_background_images/830932928/eb39311eb0808697c7c33732081b12bb.png","http://pbs.twimg.com/profile_images/902351343167430656/RxN1tt5K_normal.jpg"
"x2984954459","Fonseca","fonsecahcs","","Baheeea!, De esquerda, caotico e bom,brujah, straight edge punk, ocultismo e chocotones",,FALSE,52,205,0,910,1519,2015-01-19 01:39:49,FALSE,,,"fr","https://pbs.twimg.com/profile_banners/2984954459/1499272334","http://pbs.twimg.com/profile_background_images/601258183475101696/3KJVlTHI.jpg","http://pbs.twimg.com/profile_images/974342909406404611/7lp3OXU5_normal.jpg"
"x705220995192381440","(Meu) Eu perdido.","_meueuperdido","Brasília, Brasil","Sou personagem de uma comédia dramática, de um romance que ainda não aconteceu. Uma desconselheira amorosa, protagonista de desventuras do coração",,FALSE,189,1008,0,1112,8983,2016-03-03 02:39:22,FALSE,,,"pt","https://pbs.twimg.com/profile_banners/705220995192381440/1522086776",,"http://pbs.twimg.com/profile_images/978486319142854656/uv_yuvg0_normal.jpg"
"x151182918","JoseCRufino","JoseCRufino","","",,FALSE,663,1429,2,9559,1000,2010-06-02 20:25:30,FALSE,,,"pt","https://pbs.twimg.com/profile_banners/151182918/1493560688","http://abs.twimg.com/images/themes/theme1/bg.png","http://pbs.twimg.com/profile_images/858683323715112960/IbiSdCyN_normal.jpg"
"x291660291","Alisson Stynner","AlissonStynner","Recife","Carpe Diem.","https://t.co/gK53prE4no",FALSE,1788,175,0,11836,653,2011-05-02 12:10:40,FALSE,"https://t.co/gK53prE4no","https://instagram.com/alissonstynner","pt","https://pbs.twimg.com/profile_banners/291660291/1517239732","http://pbs.twimg.com/profile_background_images/576015492135038976/AoO-ppO7.jpeg","http://pbs.twimg.com/profile_images/962456936447922176/ob7Xv4EW_normal.jpg"
"x65988916","quem cala consente, quem fala perde os dente","CherieBlesse","Brasil","",,FALSE,4431,3787,101,112026,14494,2009-08-15 22:10:56,FALSE,,,"pt","https://pbs.twimg.com/profile_banners/65988916/1514117570","http://pbs.twimg.com/profile_background_images/378800000172933593/Dz26kOM9.jpeg","http://pbs.twimg.com/profile_images/944903686995800064/wfYK8elH_normal.jpg"
"x2932607434","preGUIça","guig4o","Florianópolis, Brasil","Ninguém liga pra você, ninguém se importa.",,FALSE,244,161,1,6406,14833,2014-12-19 20:34:43,FALSE,,,"pt","https://pbs.twimg.com/profile_banners/2932607434/1520862134","http://abs.twimg.com/images/themes/theme1/bg.png","http://pbs.twimg.com/profile_images/966422627941257217/pnro0JAI_normal.jpg"
"x46227530","Mizter Cracker #MariellePresente","DaniloCursino","Sao Paulo, Brazil","Queer, ex-treteiro em abstinência, colecionador de porquinhos, universitário, desenvolvedor, vegetariano de boas e chapado de ar. Uma existência não política.","https://t.co/7uEsw8lWv9",FALSE,202,39,3,4499,1476,2009-06-10 21:12:37,FALSE,"https://t.co/7uEsw8lWv9","http://danilofonseca.xyz","en","https://pbs.twimg.com/profile_banners/46227530/1496254726","http://pbs.twimg.com/profile_background_images/564013129684627456/172n_8Aw.png","http://pbs.twimg.com/profile_images/976953635610550272/XH9_3dq5_normal.jpg"
"x594809564","Sônia Gutierrez","snia_gt","BRASIL","https://t.co/RYoi78Ocuq

https://t.co/RYoi78Ocuq
Artista visual.","https://t.co/ilnV3RIxCi",FALSE,355,491,11,20134,27663,2012-05-30 18:43:17,FALSE,"https://t.co/ilnV3RIxCi","http://www.soniagutierrez.com.br","pt","https://pbs.twimg.com/profile_banners/594809564/1522362128","http://pbs.twimg.com/profile_background_images/652682188308246528/u13tfLU7.jpg","http://pbs.twimg.com/profile_images/955756785197027328/bAPxracT_normal.jpg"
"x41898317","Uma esquerdista","Danski_Lutrida","Terra do Nunca","Dànskï, é um avatar de si mesma…  Quem souber mais sobre ela, avise... FB - https://t.co/D6vOCIzw76","https://t.co/QfecZCFw3O",FALSE,643,704,17,43395,597,2009-05-22 20:51:58,FALSE,"https://t.co/QfecZCFw3O","http://www.daniellanovais.blogspot.com","pt","https://pbs.twimg.com/profile_banners/41898317/1508461834","http://pbs.twimg.com/profile_background_images/112276769/klimt.jpg","http://pbs.twimg.com/profile_images/921181812998725634/hf36K0Kl_normal.jpg"
"x2993193051","safada emocionada <U+2206>","ViLins99","Brasília, Distrito Federal","Eu conquisto, logo existo <U+2648> 
Filo - UnB <f0><U+009F><U+0092><U+009A>","https://t.co/rn8tulILqZ",FALSE,522,519,2,52369,27532,2015-01-22 23:33:09,FALSE,"https://t.co/rn8tulILqZ","http://a-j-u-t-o-r.tumblr.com","pt","https://pbs.twimg.com/profile_banners/2993193051/1517367083","http://abs.twimg.com/images/themes/theme1/bg.png","http://pbs.twimg.com/profile_images/971256133917773824/ZbJ_4aOg_normal.jpg"
"x959165330441605121","zagaa","eusouozaga","","",,FALSE,13,55,0,161,137,2018-02-01 20:43:30,FALSE,,,"pt",,,"http://pbs.twimg.com/profile_images/971555471453839361/jSAaj_cp_normal.jpg"
"x2893562830","amanda","amandaagrein","<U+2649><U+FE0F>","","https://t.co/72xlNmgvKH",FALSE,743,551,1,17349,17105,2014-11-26 17:01:16,FALSE,"https://t.co/72xlNmgvKH","https://www.instagram.com/amaandagrein/","en","https://pbs.twimg.com/profile_banners/2893562830/1515506593","http://abs.twimg.com/images/themes/theme1/bg.png","http://pbs.twimg.com/profile_images/978458677106659328/dmjLC4RI_normal.jpg"
"x149952171","Jurunas Black","andfurtado","Belém, Brasil","vai, e segue em frente sem olhar pra trás, e leve os sentimentos que eu te dei..",,FALSE,226,254,4,7341,17995,2010-05-30 17:15:51,FALSE,,,"pt","https://pbs.twimg.com/profile_banners/149952171/1505480131","http://abs.twimg.com/images/themes/theme9/bg.gif","http://pbs.twimg.com/profile_images/965740331772899328/DB-93Ffg_normal.jpg"
"x4705953269",".","lanafeatdua","","",,FALSE,1202,1472,2,5669,1648,2016-01-04 15:23:11,FALSE,,,"pt","https://pbs.twimg.com/profile_banners/4705953269/1521061508",,"http://pbs.twimg.com/profile_images/974028684440064000/X4MeQsWq_normal.jpg"
"x154953394","Maruquineo(s) Cujo O....","maruxvb","Sao Paulo, Brazil","Músico de 3 acordes.
Escritor disleixco.
anti-nazi.
anti-fascistas. 
Punk/blues e HxCx/jazz.
Cubs, Bears, Bulls, BlackHawks.
34 milênios.",,FALSE,1735,3061,11,52419,117929,2010-06-12 17:49:41,FALSE,,,"pt","https://pbs.twimg.com/profile_banners/154953394/1519266912","http://pbs.twimg.com/profile_background_images/468382381963894784/JKlYzOUz.jpeg","http://pbs.twimg.com/profile_images/970052429680177152/D4liQ2NP_normal.jpg"
"x55623628","Ana Flávia Alvim","afalvim","Juiz de Fora, Brasil","fé no pai que agora meu TCC saí.
estudante de Jornalismo, defensora dos direitos humanos e piadista nas horas vagas","https://t.co/ZrO4dtyQsN",FALSE,961,415,19,31911,4069,2009-07-10 18:00:32,FALSE,"https://t.co/ZrO4dtyQsN","https://curiouscat.me/afalvim","pt","https://pbs.twimg.com/profile_banners/55623628/1515847840","http://abs.twimg.com/images/themes/theme14/bg.gif","http://pbs.twimg.com/profile_images/961410663494160384/xdRelqu-_normal.jpg"
"x21058954","plutônio","teresamachado","São Paulo, Brasil","the fool who dreams",,FALSE,591,474,13,17033,20024,2009-02-17 03:08:10,FALSE,,,"pt","https://pbs.twimg.com/profile_banners/21058954/1458533963","http://pbs.twimg.com/profile_background_images/453965843852824576/LSlWF7T3.jpeg","http://pbs.twimg.com/profile_images/976677162592931845/m9f-UR7v_normal.jpg"
"x350493425","Rodrigo Boçoen Polaco Batatero de Contenda Paraná","rudrigo","Contenda, Brasil","Historiador com problemas pra lembrar nomes e datas.",,FALSE,73,105,0,3258,2297,2011-08-07 21:32:36,FALSE,,,"pt","https://pbs.twimg.com/profile_banners/350493425/1435271582","http://abs.twimg.com/images/themes/theme19/bg.gif","http://pbs.twimg.com/profile_images/958473230020497408/tkB-bXNY_normal.jpg"
"x2857504353","Pretinha","maiaraalmeidat","Mato Grosso do Sul, Brasil","Nem sei",,FALSE,718,379,1,18470,3973,2014-11-02 20:06:16,FALSE,,,"pt","https://pbs.twimg.com/profile_banners/2857504353/1522121365","http://abs.twimg.com/images/themes/theme6/bg.gif","http://pbs.twimg.com/profile_images/978474913504878593/VTNLtdET_normal.jpg"
"x871709211830386689","Angemonn <f0><U+009F><U+0090><U+009C>  <f0><U+009F><U+0094><U+00B4><U+26AB>/<U+26AA><U+26AB>","Angemonn1","Natal, Brasil","Cristão;
Nada conservador; 
Pró movimento feminista; 
Diga não ao racismo;
Direitos humanos;
vamos Flamengo e ABC; 
Jesus, Maria e José, minha família vossa é.",,FALSE,1170,1687,2,16284,35669,2017-06-05 12:44:06,FALSE,,,"pt","https://pbs.twimg.com/profile_banners/871709211830386689/1522262616",,"http://pbs.twimg.com/profile_images/975457855615709185/ndvdLdnq_normal.jpg"
"x252307722","Leo The Red Thinker","leokbelo13","Mauá, SP, Brasil","Bacharel em Ciências da Computação, Cinéfilo, Blogueiro, Headbanger, Paulista, Palestrino, Politizado e Pai. Looking people to learn english.","https://t.co/DZUMdUrBUw",FALSE,327,346,0,9794,4506,2011-02-14 22:55:48,FALSE,"https://t.co/DZUMdUrBUw","http://www.theinformetal.blogspot.com","pt","https://pbs.twimg.com/profile_banners/252307722/1432207032","http://abs.twimg.com/images/themes/theme15/bg.png","http://pbs.twimg.com/profile_images/959887853420412928/mHwKypR4_normal.jpg"
"x120877394","Wel Oliveira","lantismkr2001","São Paulo/SP","",,FALSE,97,197,0,1088,718,2010-03-07 21:16:47,FALSE,,,"pt",,"http://pbs.twimg.com/profile_background_images/702424530/61a2e9e690620f41f2dee7b1145cfdf8.jpeg","http://pbs.twimg.com/profile_images/1786965509/IMG_0902_normal.jpg"
"x95987834","Guilherme Jardim","guiljlima","","",,FALSE,23,172,0,344,105,2009-12-10 21:30:14,FALSE,,,"en",,"http://abs.twimg.com/images/themes/theme15/bg.png","http://pbs.twimg.com/profile_images/702458241935155200/SThVTyLq_normal.jpg"
"x315566556","manu<f0><U+009F><U+008C><U+0088>","manubresquii_","","<f0><U+009F><U+008C><U+0088>",,FALSE,339,550,0,5013,1707,2011-06-12 02:53:22,FALSE,,,"pt","https://pbs.twimg.com/profile_banners/315566556/1496763532","http://pbs.twimg.com/profile_background_images/530054028407750656/-2SyGHzz.jpeg","http://pbs.twimg.com/profile_images/979172605453393921/mWJwDdHe_normal.jpg"
"x54667222","ouçam as mulheres","thaisclim","Fortaleza, Ceará","Jornalista do mar e agitadora dos tambores...",,FALSE,1469,382,23,58905,663,2009-07-07 20:35:37,FALSE,,,"pt","https://pbs.twimg.com/profile_banners/54667222/1522360442","http://pbs.twimg.com/profile_background_images/378800000009862846/9be79bab77e83dd15d6f6a5e8b6d4ea3.jpeg","http://pbs.twimg.com/profile_images/979476798638624769/RJwOpVjt_normal.jpg"
"x988733420","eduarda","marvelcmila","kcc","never forget you are full of good things",,FALSE,7915,378,31,211421,17406,2012-12-04 13:01:39,FALSE,,,"pt","https://pbs.twimg.com/profile_banners/988733420/1522417468","http://pbs.twimg.com/profile_background_images/621706288263729156/0we75Rmb.jpg","http://pbs.twimg.com/profile_images/979715789107417088/r5vpapym_normal.jpg"
"x52541387","Cristina F. Lopes","crisflopes1"," Brasil","Sempre de bem com a vida.",,FALSE,685,551,31,67218,15759,2009-06-30 22:21:28,FALSE,,,"pt","https://pbs.twimg.com/profile_banners/52541387/1497900616","http://abs.twimg.com/images/themes/theme13/bg.gif","http://pbs.twimg.com/profile_images/876884995314470912/jie6YfVA_normal.jpg"
"x1451704598","manu","somosdaanitta","ssss; pra sempre. ","pior é bater palma pra maluco dançar",,FALSE,1343,234,3,43530,10842,2013-05-23 14:52:05,FALSE,,,"pt","https://pbs.twimg.com/profile_banners/1451704598/1522379339","http://pbs.twimg.com/profile_background_images/625793506674540544/ezDVahek.jpg","http://pbs.twimg.com/profile_images/979555861461745670/KkzjYc89_normal.jpg"
"x451831589","<f0><U+009F><U+00A6><U+008A>","brntx__","","disappointed but not surprised",,FALSE,271,223,5,29664,4140,2012-01-01 02:45:16,FALSE,,,"pt","https://pbs.twimg.com/profile_banners/451831589/1483655308","http://pbs.twimg.com/profile_background_images/498572934/tumblr_lra7st2r2E1qm574l.png","http://pbs.twimg.com/profile_images/944160930576945152/nJttWSAn_normal.jpg"
"x764577349488771072","lavi","protectdefan","#1 delena and frary stan","Oh, evil may be powerful but wicked always wins •Promise me this is forever @fifthcabellow? •My person: @evilwickedjmo •Soulmate: @jadereign <U+2763>","https://t.co/ZcWoUUc50i",FALSE,3001,2053,11,10158,10066,2016-08-13 21:40:20,FALSE,"https://t.co/ZcWoUUc50i","http://curiouscat.me/protectdefan","pt","https://pbs.twimg.com/profile_banners/764577349488771072/1522416592","http://abs.twimg.com/images/themes/theme1/bg.png","http://pbs.twimg.com/profile_images/979712098656817152/WTqtYqXM_normal.jpg"
"x189583722","Lucas","sasukesemchakra","Bezerros, Brasil","transmitindo transparência e verdades; ainda é difícil ser eu",,FALSE,1729,347,366,55436,31137,2010-09-11 17:24:44,FALSE,,,"pt","https://pbs.twimg.com/profile_banners/189583722/1520789173","http://pbs.twimg.com/profile_background_images/563038062599364608/0q-jvWIC.jpeg","http://pbs.twimg.com/profile_images/978853019692527616/fDZLYZHq_normal.jpg"
"x335676194","Rica Salomé","Rica_salome","Paraná, Brasil","só num sei..",,FALSE,42,126,2,128,204,2011-07-15 02:04:16,FALSE,,,"pt","https://pbs.twimg.com/profile_banners/335676194/1412186254","http://abs.twimg.com/images/themes/theme1/bg.png","http://pbs.twimg.com/profile_images/974466905128996864/UGa0vM8k_normal.jpg"
"x49017242","<U+039B>lex <U+039B>ndre","achtung91","Rio de Janeiro, Brasil","The most important thing in communication is hearing what isn't said. Geographer; Law student; Bad musician <f0><U+009F><U+0087><U+00A7><f0><U+009F><U+0087><U+00B7> <f0><U+009F><U+0087><U+00AE><f0><U+009F><U+0087><U+00B9>",,FALSE,1008,155,4,3914,2148,2009-06-20 14:24:37,FALSE,,,"pt","https://pbs.twimg.com/profile_banners/49017242/1520716991","http://pbs.twimg.com/profile_background_images/592459451434536960/agLJUThO.jpg","http://pbs.twimg.com/profile_images/874762431528153089/WminmZLn_normal.jpg"
"x944769775695269888","gi","mazzaropigi","","whatever you are, be a good one",,FALSE,226,225,0,2855,771,2017-12-24 03:20:42,FALSE,,,"en","https://pbs.twimg.com/profile_banners/944769775695269888/1515204747",,"http://pbs.twimg.com/profile_images/979134475715137536/jFPqZSK-_normal.jpg"
"x226302067","Gabriel Sousa","Gabriel_soousa","","",,FALSE,203,199,17,1001,142,2010-12-13 20:57:15,FALSE,,,"en",,"http://abs.twimg.com/images/themes/theme1/bg.png","http://pbs.twimg.com/profile_images/1189875288/Eu_normal.jpg"
"x8404722","Há Thales que vem pra bem","thethales","Rio de Janeiro","Escritor, fã de HQs, pai em tempo integral e idiota em recuperação. 
PSN: thales1980 
Friend code: SW-6288-9963-6972","https://t.co/XwJqdN94Ya",FALSE,5276,980,98,65919,36262,2007-08-24 13:30:12,FALSE,"https://t.co/XwJqdN94Ya","http://thethales.tumblr.com/","pt","https://pbs.twimg.com/profile_banners/8404722/1515758247","http://pbs.twimg.com/profile_background_images/125034135/Imagem2.png","http://pbs.twimg.com/profile_images/951505837259939840/f-JJ5jex_normal.jpg"
"x58061924","Pedro Henrique","itorbidepedro","Porto Alegre ","nadando contra a corrente só pra se exercitar
-
snap: itorbidepedro","https://t.co/2v2icRQQwl",FALSE,626,347,1,67166,17980,2009-07-18 23:31:32,FALSE,"https://t.co/2v2icRQQwl","http://Instagram.com/itorbidepedro","pt","https://pbs.twimg.com/profile_banners/58061924/1497470873","http://pbs.twimg.com/profile_background_images/485964905732784128/UyVGk53R.jpeg","http://pbs.twimg.com/profile_images/965849532713103360/pDUujNHo_normal.jpg"
"x238768432","<U+F8FF> Evil Queen <U+F8FF>","FlahSummers","Brasilia","Aquela que é ""simpática"".",,FALSE,219,105,14,26578,2020,2011-01-16 00:38:20,FALSE,,,"pt","https://pbs.twimg.com/profile_banners/238768432/1501984933","http://pbs.twimg.com/profile_background_images/696409600/38a3e05f41594ec2e7703443f929734a.jpeg","http://pbs.twimg.com/profile_images/905242793815285761/8eczfMb__normal.jpg"
"x51751807","Gonzi","BiluneG","Bahía Blanca, Argentina","Programo cosas.",,FALSE,227,701,3,6781,2116,2009-06-28 15:13:01,FALSE,,,"es","https://pbs.twimg.com/profile_banners/51751807/1498692188","http://pbs.twimg.com/profile_background_images/443145232733835264/gnpZocl2.jpeg","http://pbs.twimg.com/profile_images/744909660810010624/w4bnkElP_normal.jpg"
"x2920456661","Raquel","raquelkirst","","",,FALSE,13,82,0,72,147,2014-12-13 22:33:53,FALSE,,,"en","https://pbs.twimg.com/profile_banners/2920456661/1418513788","http://abs.twimg.com/images/themes/theme1/bg.png","http://pbs.twimg.com/profile_images/543911536201576448/Ctjo59LZ_normal.jpeg"
"x2840674403","Ana Vilarino","anavilarinno","Espírito Santo, Brasil","Em rEvolução <U+23F3>",,FALSE,14192,3208,78,13884,21937,2014-10-21 21:09:45,FALSE,,,"pt","https://pbs.twimg.com/profile_banners/2840674403/1520346421","http://abs.twimg.com/images/themes/theme1/bg.png","http://pbs.twimg.com/profile_images/970632903813148672/BZod1-1Y_normal.jpg"
"x182573469","Lola Aronovich","lolaescreva","Fortaleza - CE","Professora da UFC, feminista, logicamente de esquerda, blogueira que escreve todo dia. Ingrata com o patriarcado desde criancinha.","http://t.co/Dcy4h7U5tW",FALSE,36282,1356,467,107013,8052,2010-08-24 22:39:11,FALSE,"http://t.co/Dcy4h7U5tW","http://escrevalolaescreva.blogspot.com/","en",,"http://pbs.twimg.com/profile_background_images/140316233/bg3.jpg","http://pbs.twimg.com/profile_images/721411379161341952/ENrPGfeH_normal.jpg"
"x164904375","My","myrellacandido","Natal, RN - Brasil","Nada frágil.",,FALSE,257,360,1,9341,368,2010-07-10 02:04:20,FALSE,,,"pt","https://pbs.twimg.com/profile_banners/164904375/1499124227","http://pbs.twimg.com/profile_background_images/791020837/787aeac527dae780b3e508190db3e51e.png","http://pbs.twimg.com/profile_images/909944486851170306/PIAcyvIa_normal.jpg"
"x37083100","Ricardo Romero","Richardbsas","La Boca Comuna 4 CABA Arg","Pa @LautaroAikeRO #Politólogo #UBA #UNSAM / Prof #CNBA #CPEL #ETEC #UCES SabonNin #TKD @ClubSanTelmo Sigo @RacingClub @sigagremio https://t.co/rNzFnXHLQH","https://t.co/0SuLftzdRf",FALSE,1601,1640,38,24457,275,2009-05-02 00:04:02,FALSE,"https://t.co/0SuLftzdRf","http://www.ricardoromero.com.ar","es","https://pbs.twimg.com/profile_banners/37083100/1465015042","http://pbs.twimg.com/profile_background_images/428828114/Richard_Redes.jpg","http://pbs.twimg.com/profile_images/808639766317174784/i7R5yXq0_normal.jpg"
"x878046750166188032","blobis","icastrx","Sorocaba, Brasil","to rindo mas to preocupada",,FALSE,166,161,0,7177,11041,2017-06-23 00:27:13,FALSE,,,"pt","https://pbs.twimg.com/profile_banners/878046750166188032/1519924368",,"http://pbs.twimg.com/profile_images/977365884766507009/2kTBuv3-_normal.jpg"
"x227700309","Thiago Almenara","thcad","","",,FALSE,95,487,0,3422,3621,2010-12-17 15:22:58,FALSE,,,"pt","https://pbs.twimg.com/profile_banners/227700309/1360407054","http://abs.twimg.com/images/themes/theme1/bg.png","http://pbs.twimg.com/profile_images/1529164143/th_normal.JPG"
"x77921016","(Ka)tuaba","KarianeDalpian","SP - Brasil.","Minha religião é o amor! <f0><U+009F><U+0092><U+0098>","https://t.co/zeo8YD4zIt",FALSE,350,172,3,12703,1029,2009-09-28 04:08:57,FALSE,"https://t.co/zeo8YD4zIt","http://www.facebook.com/kariane.dalpian","pt","https://pbs.twimg.com/profile_banners/77921016/1485707407","http://pbs.twimg.com/profile_background_images/729629470/13c139fe637f39486039216d1dfb1cf1.gif","http://pbs.twimg.com/profile_images/702999222682046464/RUMxYSF2_normal.jpg"
"x751533556678139904","pitadas de psicopatia","pfvrvaiestudar","Brasília, Brasil","degustadora profissional de suco de caju / Caixa Postal 9523 Cep. 70040-976",,FALSE,425,310,12,13175,4759,2016-07-08 21:48:57,FALSE,,,"pt","https://pbs.twimg.com/profile_banners/751533556678139904/1521869048","http://abs.twimg.com/images/themes/theme1/bg.png","http://pbs.twimg.com/profile_images/975704066331500545/9Mmk-qCo_normal.jpg"
"x104923488","Marcelo Procopio","Marprocopio2","Belo Horizonte, Minas Gerais","Jornalista      ---------
.
.

---- charge da capa: Casso
---- desenho do perfil: Mafalda, do Quino, dando uma dura no planeta Terra",,FALSE,314,407,4,4989,3768,2010-01-14 20:32:10,FALSE,,,"pt","https://pbs.twimg.com/profile_banners/104923488/1491771427","http://pbs.twimg.com/profile_background_images/106395417/cometaon2.jpg","http://pbs.twimg.com/profile_images/672104725/mafalda_normal.JPG"
"x98233249","Marco Antônio Lage Pena","MARCOPENA13","Belo Horizonte","",,FALSE,1751,1320,14,56108,42694,2009-12-20 23:50:48,FALSE,,,"pt","https://pbs.twimg.com/profile_banners/98233249/1520947236","http://pbs.twimg.com/profile_background_images/451774068107124736/j8fzNX38.jpeg","http://pbs.twimg.com/profile_images/979781508251705346/ClPz9StD_normal.jpg"
"x2945270825","walking piece of shit <U+2728>","rip_eu","velaris","Lyz // 15 // pseudocantora, pseudoescritora e futura filósofa <U+262E><U+FE0F>",,FALSE,90,119,0,2341,7918,2014-12-28 04:04:10,FALSE,,,"pt","https://pbs.twimg.com/profile_banners/2945270825/1522023034","http://abs.twimg.com/images/themes/theme1/bg.png","http://pbs.twimg.com/profile_images/977924102454464514/DD_f32M7_normal.jpg"
"x572407365","Guh","barbaguh","Atibaia - BRA","Escrevo uns textos, toco umas guitarras, conto umas piadas ruins. Acima de tudo: DEUS é top!, nois apenas topinhos... 

<f0><U+009F><U+0091><U+00BB>: incrivelbarbagu","https://t.co/FXVNciq4nP",FALSE,195,171,0,14359,2204,2012-05-06 05:06:44,FALSE,"https://t.co/FXVNciq4nP","http://medium.com/@barba.guh","pt","https://pbs.twimg.com/profile_banners/572407365/1521716683","http://pbs.twimg.com/profile_background_images/631638338844426240/7YjVMxMF.jpg","http://pbs.twimg.com/profile_images/979422324784029700/ONL1xsNa_normal.jpg"
"x3665788155","Petra Luana Rosa","petrussca","Brasília, Distrito Federal","se fuder.",,FALSE,240,292,0,2115,759,2015-09-15 16:53:40,FALSE,,,"pt","https://pbs.twimg.com/profile_banners/3665788155/1519760059","http://abs.twimg.com/images/themes/theme1/bg.png","http://pbs.twimg.com/profile_images/968522630960738304/mbuiY7Ou_normal.jpg"
"x2915825761","Marcelo Augusto","marcelodjry","Rio de Janeiro - Brasil","QUEIMA QUENGARAL                
                

 Instagram: marcelodjry","https://t.co/jo5y7qVKPB",FALSE,263,100,0,8711,10416,2014-12-01 16:38:56,FALSE,"https://t.co/jo5y7qVKPB","https://www.instagram.com/marcelodjry","pt","https://pbs.twimg.com/profile_banners/2915825761/1517252512","http://pbs.twimg.com/profile_background_images/644981197286850561/OraeTgJX.jpg","http://pbs.twimg.com/profile_images/975815216217972736/Qqk6h1g9_normal.jpg"
"x2853715263","enfermeira na empresa enfermagem","isadeisabela","027","seja bem viado",,FALSE,651,676,0,4134,6548,2014-10-31 20:19:29,FALSE,,,"pt","https://pbs.twimg.com/profile_banners/2853715263/1521171849","http://abs.twimg.com/images/themes/theme1/bg.png","http://pbs.twimg.com/profile_images/976645222477238272/jMOiCIpT_normal.jpg"
"x338302982","R","RafaelaNinja","","",,FALSE,349,2,2,11267,10371,2011-07-19 11:24:24,FALSE,,,"pt","https://pbs.twimg.com/profile_banners/338302982/1518970711","http://abs.twimg.com/images/themes/theme1/bg.png","http://pbs.twimg.com/profile_images/965259248061042690/YneJOrEB_normal.jpg"
"x255260706","babs","babspires","Belo Horizonte, Minas Gerais","Nobody puts Baby in a corner.",,FALSE,204,653,3,9362,3378,2011-02-21 00:45:00,FALSE,,,"pt","https://pbs.twimg.com/profile_banners/255260706/1458264677","http://pbs.twimg.com/profile_background_images/378800000175501978/R5ZxCK-1.png","http://pbs.twimg.com/profile_images/378800000183822462/153557cbf07289fc3ebe8d9e2feb97e3_normal.jpeg"
"x3133977057","#MariellePresente","FeministVaidosa","","se o meu feminismo de arco iris te incomoda porque eu estou seguindo no caminho certo","https://t.co/wMIFcuYFVk",FALSE,2981,931,20,15754,4434,2015-04-04 14:44:03,FALSE,"https://t.co/wMIFcuYFVk","https://afeministavaidosa.blogspot.com.br/","pt","https://pbs.twimg.com/profile_banners/3133977057/1514163882","http://pbs.twimg.com/profile_background_images/584368974906859520/z3WjaTv7.jpg","http://pbs.twimg.com/profile_images/945098214864228352/ux2XvkR4_normal.jpg"
"x2861004769","Seu amor <U+2764> #NPQ","crvgmuniz","Rio de Janeiro, Brasil","04.01.2018 <f0><U+009F><U+0091><U+00A3><U+2764>, eu vi a inveja comprar o homem, pro homem comprar o inútil..",,FALSE,456,433,0,22170,8916,2014-10-17 18:50:50,FALSE,,,"pt","https://pbs.twimg.com/profile_banners/2861004769/1521908414","http://abs.twimg.com/images/themes/theme1/bg.png","http://pbs.twimg.com/profile_images/978114477139922944/4EFpDnXv_normal.jpg"
"x59917007","Enzo_Valentina.mp4","theusl","","Leonino com telencéfalo altamente desenvolvido e polegar opositor!",,FALSE,2325,134,14,80011,205,2009-07-24 23:20:33,FALSE,,,"pt","https://pbs.twimg.com/profile_banners/59917007/1514839910","http://pbs.twimg.com/profile_background_images/378800000081122549/f3a76a11ba2353f780b2fdfabe42e513.jpeg","http://pbs.twimg.com/profile_images/977656785439002624/qExHxjbE_normal.jpg"
"x1122549402","Maria Alice Pavan","MariaAlicePavan","","",,FALSE,48,169,0,554,3647,2013-01-26 16:55:56,FALSE,,,"pt","https://pbs.twimg.com/profile_banners/1122549402/1490114422","http://abs.twimg.com/images/themes/theme1/bg.png","http://pbs.twimg.com/profile_images/844227184805974017/1bPdOEJU_normal.jpg"
"x2641253823","izaaAAaaA","izabellafrazaao","","só não repara na bagunça (que eu sou)","https://t.co/JjuU0Zxvzs",FALSE,1827,1293,10,44020,7258,2014-06-25 17:30:43,FALSE,"https://t.co/JjuU0Zxvzs","https://www.instagram.com/izabellafrazao_/?hl=pt-br","pt","https://pbs.twimg.com/profile_banners/2641253823/1516322414","http://abs.twimg.com/images/themes/theme1/bg.png","http://pbs.twimg.com/profile_images/973007153563873281/iKKL5Yxj_normal.jpg"
"x117389897","Lucas Menghin","bb_beraldo","Curitiba - PR - Brasil","Pai, filho, amigo, pensante...","https://t.co/o72Fjn5OKU",FALSE,106,355,1,1631,974,2010-02-25 12:11:46,FALSE,"https://t.co/o72Fjn5OKU","https://www.facebook.com/lucas.m.beraldo","pt","https://pbs.twimg.com/profile_banners/117389897/1408709327","http://abs.twimg.com/images/themes/theme9/bg.gif","http://pbs.twimg.com/profile_images/500436440216395776/r1mr46dP_normal.jpeg"
"x322635029","Mamonna","ramonnadias","Niterói , Rj","Você tem todas as armas que precisa. Agora LUTE!","http://t.co/gK8xBpEDZ2",FALSE,187,705,0,2099,1584,2011-06-23 14:08:52,FALSE,"http://t.co/gK8xBpEDZ2","http://ramonnadias.tumblr.com/","pt","https://pbs.twimg.com/profile_banners/322635029/1520522776","http://abs.twimg.com/images/themes/theme9/bg.gif","http://pbs.twimg.com/profile_images/966093459013726208/7KyQ3cXt_normal.jpg"
"x749808721","AilzaTrajano","AilzaTrajano","Caruaru-PE-Brasil","Produtora Cultural- Poetisa,Feminista, Coordenadora da UBM-União Brasileira de Mulheres Agreste- PE","https://t.co/MVrV9czMv8",FALSE,267,327,1,1432,1447,2012-08-10 18:15:20,FALSE,"https://t.co/MVrV9czMv8","http://poemavidaeverso.blogspot.com.br/","pt","https://pbs.twimg.com/profile_banners/749808721/1496884153","http://pbs.twimg.com/profile_background_images/630838356/ygjlydq8qx6i0svhc54y.jpeg","http://pbs.twimg.com/profile_images/872620252089257984/XEAxVbMg_normal.jpg"
"x17340898","Rogério Tomaz Jr.","rogeriotomazjr","Brasília, Brasil","Jornalista brasileiro vivendo entre Montevideo e Buenos Aires.
Política / politics / direitos humanos / derechos humanos / human rights","https://t.co/VV6V7lg6lv",FALSE,6239,4076,111,44132,11492,2008-11-12 15:14:54,FALSE,"https://t.co/VV6V7lg6lv","https://www.fb.com/brasilamericalatina","pt","https://pbs.twimg.com/profile_banners/17340898/1461731670","http://pbs.twimg.com/profile_background_images/44162866/sol_lua_twitter.jpg","http://pbs.twimg.com/profile_images/795086167419080705/jNjc4PTn_normal.jpg"
"x188975978","Rafaela","rafaelacalil","Curitiba, Brasil","always uncomfortable https://t.co/L4Hes9aNTZ","https://t.co/55svnSgCJk",FALSE,1299,462,58,24534,803,2010-09-10 01:39:57,FALSE,"https://t.co/55svnSgCJk","http://www.instagram.com/rafaelacalil","en","https://pbs.twimg.com/profile_banners/188975978/1516901609","http://pbs.twimg.com/profile_background_images/399101869/319442_173602246047343_100001927071719_369766_224176874_n.jpg","http://pbs.twimg.com/profile_images/963219505135669248/xJM4guS1_normal.jpg"
"x155959054","CaGonçalves<f0><U+009F><U+0095><U+0089><U+FE0F>","carlinha_mg02","São Paulo","Uma esteticista com alma de artista <f0><U+009F><U+0092><U+0083><f0><U+009F><U+0092><U+0086><U+270D><U+FE0F>",,FALSE,145,636,0,2351,4742,2010-06-15 16:41:36,FALSE,,,"pt","https://pbs.twimg.com/profile_banners/155959054/1522104029","http://pbs.twimg.com/profile_background_images/378800000182191756/-1Tn-pt6.jpeg","http://pbs.twimg.com/profile_images/970340540171550722/99WEedoR_normal.jpg"
"x339142862","L@  Feministe","LFeministe","","chaotique, poétique,  féministe, passionnée et...",,FALSE,5442,5961,127,49410,27086,2011-07-20 17:12:09,FALSE,,,"fr","https://pbs.twimg.com/profile_banners/339142862/1519047517","http://pbs.twimg.com/profile_background_images/527600160176484353/cAmhDmd4.jpeg","http://pbs.twimg.com/profile_images/965577304243101698/BUSAYezG_normal.jpg"
"x879496078441275393","Diafronta","fdiegobaston","Belém, Brasil","",,FALSE,22,394,0,10,513,2017-06-27 00:26:20,FALSE,,,"pt",,"http://abs.twimg.com/images/themes/theme1/bg.png","http://pbs.twimg.com/profile_images/879497547399798784/X43yTGoa_normal.jpg"
"x97660481","alice","howspayne","São Paulo","21 anos de decepção",,FALSE,1752,218,159,43293,1403,2009-12-18 12:58:42,FALSE,,,"pt","https://pbs.twimg.com/profile_banners/97660481/1522432966","http://pbs.twimg.com/profile_background_images/471652128910372865/AVBN0hLf.jpeg","http://pbs.twimg.com/profile_images/979782751191732225/44imx-0G_normal.jpg"
"x62603157","Tiago Santos","tsds1990","Cabreúva, Brasil","Estudante de direito.",,FALSE,76,960,0,164,358,2009-08-03 19:44:37,FALSE,,,"en","https://pbs.twimg.com/profile_banners/62603157/1475375923","http://abs.twimg.com/images/themes/theme1/bg.png","http://pbs.twimg.com/profile_images/782409438137356288/fPfxbMc7_normal.jpg"
"x628984097","Jully Mendes","jullyana_m","cwb","eu sou meu próprio lar",,FALSE,295,326,0,5602,1666,2012-07-07 04:08:02,FALSE,,,"pt","https://pbs.twimg.com/profile_banners/628984097/1501716377","http://pbs.twimg.com/profile_background_images/752536808/e69578cf1ce99b418b5f2f414212a0c4.jpeg","http://pbs.twimg.com/profile_images/862672320690872321/yPfiBxjI_normal.jpg"
"x1661180402","Adriana Ferreira","DriCatSitter","Brasil","Ex-estudante de Direito, atual estudante de Medicina Veterinária, beatlemaníaca, gamer e pet sitter louca-dos-gatos que fez do amor aos animais profissão. <f0><U+009F><U+0090><U+0095><f0><U+009F><U+0090><U+0088><U+2764>","https://t.co/y9eJwHwHGl",FALSE,128,267,2,2298,18435,2013-08-10 23:30:32,FALSE,"https://t.co/y9eJwHwHGl","http://petanjo.com/anjos/adriana-503","pt","https://pbs.twimg.com/profile_banners/1661180402/1400733333","http://pbs.twimg.com/profile_background_images/378800000094101301/84f0578cc8445d06b6ed541482d96039.jpeg","http://pbs.twimg.com/profile_images/911478510618898432/Ts8pdBQO_normal.jpg"
"x239543773","AntiCast","AntiCast","","Podcast sobre política, história, artes e qualquer outra forma de subversão.","https://t.co/93w1UTj7wm",FALSE,23347,265,221,4944,4899,2011-01-17 21:37:24,FALSE,"https://t.co/93w1UTj7wm","http://www.anticast.com.br","en","https://pbs.twimg.com/profile_banners/239543773/1381104953","http://pbs.twimg.com/profile_background_images/865345702/c2add37e8ba3eda27a27e8585794dcd1.jpeg","http://pbs.twimg.com/profile_images/756002132575281152/11TAFvq4_normal.jpg"
"x96587978","arengueira","opamari","Feira de Santana, BA","",,FALSE,358,116,3,51611,4375,2009-12-13 17:26:17,FALSE,,,"en","https://pbs.twimg.com/profile_banners/96587978/1519773609","http://pbs.twimg.com/profile_background_images/422881763/tumblr_ly2b6k50JD1qmtvouo1_500.jpg","http://pbs.twimg.com/profile_images/971590746993299456/J0mu3cns_normal.jpg"
"x4807642787","titia ke","aquarianaxl","","",,FALSE,323,439,0,7115,2058,2016-01-14 21:04:57,FALSE,,,"pt","https://pbs.twimg.com/profile_banners/4807642787/1522204132",,"http://pbs.twimg.com/profile_images/979763378007748609/IYzo1Y_B_normal.jpg"
"x25858078","Manuela","ManuelaDavila","Porto Alegre, Brasil","Em (R)evolução, mãe da Laura, mestranda, jornalista e deputada. Pré-candidata à presidência do Brasil pelo PCdoB <f0><U+009F><U+0087><U+00A7><f0><U+009F><U+0087><U+00B7><U+2764><U+FE0F>",,FALSE,162306,516,1731,46070,1836,2009-03-22 18:46:14,TRUE,,,"pt","https://pbs.twimg.com/profile_banners/25858078/1522357645","http://pbs.twimg.com/profile_background_images/887443945/657703404a66a4862dffacfbc8449dd8.jpeg","http://pbs.twimg.com/profile_images/979408423619088384/RrVOlhrd_normal.jpg"
"x782547441543503872","Desgosto","eva_jkkkk","fundo do poço","Minha genitália possui um gosto que se degustado, assemelha-se a Pepsi Cola",,FALSE,451,194,3,6559,3304,2016-10-02 11:47:03,FALSE,,,"pt","https://pbs.twimg.com/profile_banners/782547441543503872/1522022901",,"http://pbs.twimg.com/profile_images/975867178250657792/m_iu-hig_normal.jpg"
"x763103257543708672","CLAUDIA AMARAL","claudiaamaral31","Niterói, Brasil","@kalu",,FALSE,40,110,0,409,6292,2016-08-09 20:02:49,FALSE,,,"pt",,,"http://pbs.twimg.com/profile_images/763107263523483648/Db_HpMW5_normal.jpg"
"x298226698","Flävio Santos","FlvioLsantos","Brasil / América do Sul","Petista Lulista Dilmista Corinthiano

#EsquerdistasSeguemEsquerdistas",,FALSE,2477,2752,18,41397,28456,2011-05-13 23:12:40,FALSE,,,"pt","https://pbs.twimg.com/profile_banners/298226698/1519813835","http://pbs.twimg.com/profile_background_images/447074823055745024/_2ZXmA8y.jpeg","http://pbs.twimg.com/profile_images/977184055392456706/w3Z-ZLKw_normal.jpg"
"x3120204730","cara cansei","suckskate","Pernambuco, Brasil","i'm a free bitch, baby",,FALSE,609,397,1,17831,13489,2015-03-27 00:03:38,FALSE,,,"pt","https://pbs.twimg.com/profile_banners/3120204730/1522293945","http://abs.twimg.com/images/themes/theme1/bg.png","http://pbs.twimg.com/profile_images/979433536636768256/AbP-BODY_normal.jpg"
"x923380427334746112","Fe Machado","tilitesantos_","","Arianator / Gremista / Libriano / Bacana / Vittarlover",,FALSE,159,156,0,1284,819,2017-10-26 02:47:04,FALSE,,,"pt","https://pbs.twimg.com/profile_banners/923380427334746112/1519709849",,"http://pbs.twimg.com/profile_images/976470713237430272/9j0XZ4Xz_normal.jpg"
"x934272615631523840","Will <f0><U+009F><U+0087><U+00BE><f0><U+009F><U+0087><U+00AA>","httpsmarquinhos","Fortaleza, Brasil","um acriano perdido pelo ceará | I <U+2764><U+FE0F>",,FALSE,454,460,1,8699,3998,2017-11-25 04:08:44,FALSE,,,"pt","https://pbs.twimg.com/profile_banners/934272615631523840/1522279349","http://abs.twimg.com/images/themes/theme1/bg.png","http://pbs.twimg.com/profile_images/979520675831574528/O6o-NMop_normal.jpg"
"x976999759","csouzaA","CSA1103","","",,FALSE,3428,4971,42,109028,17624,2012-11-28 21:20:41,FALSE,,,"pt","https://pbs.twimg.com/profile_banners/976999759/1516760508","http://pbs.twimg.com/profile_background_images/732272088/55d366ac415ffccdc368757ddc4fc5a7.jpeg","http://pbs.twimg.com/profile_images/955997038482808832/dWBLdf5j_normal.jpg"
"x53687069","DriTro","AdrianoDaltro","Ijuí / RS / Brasil","you can't teach an old dog new tricks","https://t.co/b4zUTldkzr",FALSE,524,698,11,31369,25,2009-07-04 15:07:39,FALSE,"https://t.co/b4zUTldkzr","http://www.circomidia.wordpress.com","pt","https://pbs.twimg.com/profile_banners/53687069/1522339390","http://pbs.twimg.com/profile_background_images/268328855/Absolut_Brasil___Full_Pattern_by_cloning.jpg","http://pbs.twimg.com/profile_images/928817129855569920/m1BgsC8y_normal.jpg"
"x850251439","Wellington Tiago","WellingtonUPES","Curitiba-PR","Ela virá, a revolução conquistará a todos o direito não somente ao pão, mas também, a poesia!
-Presidente dá UPES - Paraná",,FALSE,39,78,0,212,78,2012-09-28 01:20:37,FALSE,,,"pt","https://pbs.twimg.com/profile_banners/850251439/1514867944","http://pbs.twimg.com/profile_background_images/378800000035168959/8bb9db4e7fd36c253015a8654d7c75cf.jpeg","http://pbs.twimg.com/profile_images/948050207916351489/vQBBsX0a_normal.jpg"
"x27510723","gente,","Leohenrique","Sao Paulo, Brazil","Gosto mais de escrever do que de batata.","https://t.co/zicszEbkcK",FALSE,449,236,9,8563,2734,2009-03-29 21:37:23,FALSE,"https://t.co/zicszEbkcK","http://barbosa.rocks","en","https://pbs.twimg.com/profile_banners/27510723/1514482577","http://abs.twimg.com/images/themes/theme14/bg.gif","http://pbs.twimg.com/profile_images/946434633348059136/YCNBVl19_normal.jpg"
"x44025306","Veliqs","veliqs","greenland","Filosofia, Teologia, Psicanálise e cotidiano. ""The doctor is in."" (VAN PELT, Lucy)","https://t.co/qxd92AijxR",FALSE,537,645,4,48561,997,2009-06-02 01:22:35,FALSE,"https://t.co/qxd92AijxR","http://www.veliqs.blogspot.com","en","https://pbs.twimg.com/profile_banners/44025306/1517491155","http://pbs.twimg.com/profile_background_images/773872926/4ebce690a626c7c92811b413c83ce474.gif","http://pbs.twimg.com/profile_images/847827709724151808/JoFMCHOb_normal.jpg"
"x3209051422","Eduardo Lima","eduinolima","Rio de Janeiro, Brasil","",,FALSE,66,196,0,833,1441,2015-04-26 19:28:06,FALSE,,,"pt","https://pbs.twimg.com/profile_banners/3209051422/1518788296","http://abs.twimg.com/images/themes/theme1/bg.png","http://pbs.twimg.com/profile_images/916316190372270081/Fsd2ddGI_normal.jpg"
"x322436930","gabriel","hardtoimaginx","Acre, Brasil","","https://t.co/3gWkbwvPZL",FALSE,1317,305,5,74335,18591,2011-06-23 05:05:35,FALSE,"https://t.co/3gWkbwvPZL","http://Instagram.com/newfadedboy","pt","https://pbs.twimg.com/profile_banners/322436930/1522215319","http://pbs.twimg.com/profile_background_images/618193009453232132/a_nP3L7Z.jpg","http://pbs.twimg.com/profile_images/978113660173406208/3U18O7V3_normal.jpg"
"x265999416","Maria","pooxanati","Uberlândia, Brasil","uma acriana perdida no triângulo mineiro",,FALSE,2653,2881,1,33327,15979,2011-03-14 13:39:16,FALSE,,,"pt","https://pbs.twimg.com/profile_banners/265999416/1509482237","http://pbs.twimg.com/profile_background_images/675022919098105856/zwdJPx2V.png","http://pbs.twimg.com/profile_images/971817616783433728/Ay1F_-xN_normal.jpg"
"x128761827","Lorde Normalidade","Lordemari","","",,FALSE,134,98,2,953,163,2010-04-02 03:39:48,FALSE,,,"pt","https://pbs.twimg.com/profile_banners/128761827/1520534041","http://pbs.twimg.com/profile_background_images/479115845080064000/ZWT-hTXk.jpeg","http://pbs.twimg.com/profile_images/703762862087471104/wBcNew7n_normal.jpg"
"x2843818772","p h o e b e","eletricmind","","20 <f0><U+009F><U+00A6><U+0084> wicca <f0><U+009F><U+0094><U+00AE> vegetariana <U+2652>",,FALSE,205,131,1,12834,2448,2014-10-07 16:48:51,FALSE,,,"pt","https://pbs.twimg.com/profile_banners/2843818772/1520816376","http://pbs.twimg.com/profile_background_images/519537388595322881/fF_XBfq0.jpeg","http://pbs.twimg.com/profile_images/973000518334320640/eixGriVo_normal.jpg"
"x741199214","Carina Gomes Franco","cgfNina","São Paulo, Brasil","Seja Bem-vind@ ao meu perfil!
Estou no Linkedin (carinagomesfranco), Face (carina.gomesfranco) e Insta (@carinagfnina). Abraço!",,FALSE,202,544,2,2415,295,2012-08-06 18:48:12,FALSE,,,"pt","https://pbs.twimg.com/profile_banners/741199214/1520386247","http://abs.twimg.com/images/themes/theme9/bg.gif","http://pbs.twimg.com/profile_images/971196354117668864/w05N-X4K_normal.jpg"
"x914710093","SAO","saosaoart","São Paulo, Brasil","visual artist",,FALSE,86,97,0,546,88,2012-10-30 13:57:59,FALSE,,,"pt","https://pbs.twimg.com/profile_banners/914710093/1430186591","http://pbs.twimg.com/profile_background_images/593897463699738624/hwHU93dm.jpg","http://pbs.twimg.com/profile_images/2784763974/504bee3dd197f9de1c9e68547426b9b8_normal.jpeg"
"x14383251","Daniela Abade","danielaabade","Brasil","Escritora de ficção e roteirista. Fiction novelist and screenwriter. (most of my tweets are in Portuguese)","https://t.co/jiEswi302q",FALSE,3894,712,106,31925,7461,2008-04-14 09:43:43,FALSE,"https://t.co/jiEswi302q","http://danielaabade.wordpress.com/","pt","https://pbs.twimg.com/profile_banners/14383251/1521706891","http://pbs.twimg.com/profile_background_images/523482266899476481/exdFdZe9.jpeg","http://pbs.twimg.com/profile_images/942836030188777473/NPagFDPb_normal.jpg"
"x64485818","maria ines","ineshypolito","","",,FALSE,120,416,5,2227,4931,2009-08-10 19:12:53,FALSE,,,"pt","https://pbs.twimg.com/profile_banners/64485818/1402185207","http://abs.twimg.com/images/themes/theme18/bg.gif","http://pbs.twimg.com/profile_images/1216229080/cartaz_mst_normal.jpg"
"x846544863562792962","Mariana Soares","Mariana23243840","","Lulista, Dilmista, petista, esquerdista, defensora da Democracia e dos direitos duramente golpeados no Brasil! Coxinhas, fora daqui!!!",,FALSE,1491,2346,4,22060,26973,2017-03-28 02:09:58,FALSE,,,"pt","https://pbs.twimg.com/profile_banners/846544863562792962/1494507581",,"http://pbs.twimg.com/profile_images/854390924385951746/alJZlm43_normal.jpg"
"x61351021","Weiller, L.","BlubliPlutao","Brasil","Eu tenho um unicórnio e um panda, sou neta de Alvo Dumbledore e sonserina de corpo e alma e você? <f0><U+009F><U+0092><U+009A><f0><U+009F><U+0090><U+008D>  Histórias: https://t.co/h8VF3k5TVi","https://t.co/QYzHE8ir2e",FALSE,120,374,4,6391,5922,2009-07-30 01:22:02,FALSE,"https://t.co/QYzHE8ir2e","http://instagram.com/lauraweiller","pt","https://pbs.twimg.com/profile_banners/61351021/1517337642","http://pbs.twimg.com/profile_background_images/748387077/df5a84082ea51578a51b53bcec8a1f5e.jpeg","http://pbs.twimg.com/profile_images/942214387414306816/WF9XUj7h_normal.jpg"
"x3298697535","<f0><U+009F><U+008C><U+00BC> serendipidade <f0><U+009F><U+008C><U+00BC>","sravenenosa","Recife, Pernambuco","Veneno de cobra p nois é drink",,FALSE,201,343,0,7967,7567,2015-05-26 03:02:58,FALSE,,,"pt","https://pbs.twimg.com/profile_banners/3298697535/1436284349","http://abs.twimg.com/images/themes/theme1/bg.png","http://pbs.twimg.com/profile_images/913925023810953216/VV3RaqXZ_normal.jpg"
"x4469657115","Quase Legal<f0><U+009F><U+0096><U+0095>","SheilaM1998","Sumaré, Brasil","Lulista,Petista e adoro falar uns palavrões!!",,FALSE,850,923,4,16025,22355,2015-12-13 11:29:42,FALSE,,,"pt","https://pbs.twimg.com/profile_banners/4469657115/1475429367",,"http://pbs.twimg.com/profile_images/790186197968707584/TnsZ-ITO_normal.jpg"
"x80678838","Givaldo Vieira","GivaldoVieira","Serra, Espírito Santo","Capixaba e morador da Serra, advogado, casado, pai de três filhos. Deputado federal pelo #PCdoB, presidente da @CamaraCDU e ex-vice-governador do ES","https://t.co/miGQKJ0gHI",FALSE,7500,3803,141,7331,2040,2009-10-07 20:57:21,TRUE,"https://t.co/miGQKJ0gHI","http://www.givaldovieira.com.br","pt","https://pbs.twimg.com/profile_banners/80678838/1520950528","http://abs.twimg.com/images/themes/theme15/bg.png","http://pbs.twimg.com/profile_images/971397413117288449/m9CeAqbP_normal.jpg"
"x79023463","Lou","lulurolim","Salvador-Ba","Quem comete uma injustiça é sempre mais infeliz que o injustiçado
- Platão",,FALSE,471,1038,1,2615,2745,2009-10-01 22:38:28,FALSE,,,"pt","https://pbs.twimg.com/profile_banners/79023463/1512074877","http://pbs.twimg.com/profile_background_images/164081097/lulu.JPG","http://pbs.twimg.com/profile_images/963566516326359042/nYI8uJQe_normal.jpg"
"x62449089","natan mattos","NatanOMattos","","Procurador Federal, flamenguista e gauche na vida...                                   Isso tudo acontecendo e eu aqui na praça dando milho aos pombos",,FALSE,123,372,1,1272,837,2009-08-03 05:52:51,FALSE,,,"en","https://pbs.twimg.com/profile_banners/62449089/1519520635","http://abs.twimg.com/images/themes/theme1/bg.png","http://pbs.twimg.com/profile_images/951554888596688898/xZFHg4WN_normal.jpg"
"x29762744","Renata Magalhães","renatamagalhaes","iPhone: -8.049301,-34.904190","Pernambucana, Pós -Jornalista e torcedora do Santa Cruz",,FALSE,2861,999,31,34483,10573,2009-04-08 17:05:02,FALSE,,,"pt","https://pbs.twimg.com/profile_banners/29762744/1426601957","http://abs.twimg.com/images/themes/theme18/bg.gif","http://pbs.twimg.com/profile_images/875054497495732228/3BFRxwwd_normal.jpg"
"x23604272","Fabiane Pereira","afabianepereira","Rio de Janeiro, Brasil","Jornalista l Apresentadora do @FaroMPB, domingo, 22h, na rádio Paradiso FM l Livros: Som&Pausa (Guarda Chuva); amadorA (Galateia) l https://t.co/3MFozXaXM4…","https://t.co/As8Gwj3hm0",FALSE,1833,224,18,51858,8939,2009-03-10 15:23:54,FALSE,"https://t.co/As8Gwj3hm0","https://facebook.com/livroamadora","pt","https://pbs.twimg.com/profile_banners/23604272/1504193342","http://pbs.twimg.com/profile_background_images/766565124/fa1672235cca461f4866a85c37777ed8.jpeg","http://pbs.twimg.com/profile_images/962509906472505344/NBOulugj_normal.jpg"
"x80683954","Rodrigo Costa <f0><U+009F><U+0094><U+00B4><U+26AB>","pregadorodrigo","Brasil","Eu sei que o meu Redentor vive!!!","https://t.co/nPJYI0pUGS",FALSE,725,1233,3,10255,14380,2009-10-07 21:22:56,FALSE,"https://t.co/nPJYI0pUGS","http://facebook.com/pregadorodrigo","pt","https://pbs.twimg.com/profile_banners/80683954/1462844431","http://pbs.twimg.com/profile_background_images/118406659/rdrdrd.jpg","http://pbs.twimg.com/profile_images/949872734561021952/v0-hBNYF_normal.jpg"
"x549750711","Eu Sou o Frank!","SigaFrank","Ao Sul de Algum Lugar","A veces el logico es lo mas dificil.",,FALSE,229,1285,0,7802,1350,2012-04-10 00:28:19,FALSE,,,"pt","https://pbs.twimg.com/profile_banners/549750711/1440031602","http://pbs.twimg.com/profile_background_images/859097144/82c600cbb0d5b2cecd26148acf8d1d43.jpeg","http://pbs.twimg.com/profile_images/740850361972457473/37ZXxdYa_normal.jpg"
"x60985936","Bruno Dias","Bruno_Splash","BH","","https://t.co/nQ6GsfuOH8",FALSE,349,234,4,22771,5280,2009-07-28 18:48:15,FALSE,"https://t.co/nQ6GsfuOH8","https://www.instagram.com/brunosplash/","en","https://pbs.twimg.com/profile_banners/60985936/1513639570","http://pbs.twimg.com/profile_background_images/548802287460564992/mdseE8PS.png","http://pbs.twimg.com/profile_images/967034597899997184/D-llcx91_normal.jpg"
"x307642132","Bih<f0><U+009F><U+008C><U+00BB>","bianca_hsm","são paulo","Depois cês ainda quer falar, não fala nada
Que gratidão não se resume a uma palavra.",,FALSE,471,129,0,16703,5283,2011-05-30 01:16:47,FALSE,,,"en","https://pbs.twimg.com/profile_banners/307642132/1522362146","http://pbs.twimg.com/profile_background_images/590629702915620864/7cnvtfQy.jpg","http://pbs.twimg.com/profile_images/979490421905788928/CHLArLsE_normal.jpg"
"x62080673","Lívia Aguiar","eusouatoa","here, there and everywhere","burning like a roman candle into the night","https://t.co/HM3GERk5vo",FALSE,2582,1061,103,63229,4706,2009-08-01 17:46:08,FALSE,"https://t.co/HM3GERk5vo","http://www.eusouatoa.com","en","https://pbs.twimg.com/profile_banners/62080673/1522064675","http://pbs.twimg.com/profile_background_images/804327590/6a1e8388bda4e1991e42ca6470c8146c.png","http://pbs.twimg.com/profile_images/978238982159990784/uBm0Yanh_normal.jpg"
"x46887521","juliana","itsjuhb_","Ceará, Brasil","@britneyspears follows me since 02.12.11, listed me, and replied me (05.06.13 | 17.06.13 | 02.12.13) <U+2764>","https://t.co/PEik3ng556",FALSE,1487,593,149,205266,9828,2009-06-13 13:45:14,FALSE,"https://t.co/PEik3ng556","http://instagram.com/juhcsousa","en","https://pbs.twimg.com/profile_banners/46887521/1521345258","http://pbs.twimg.com/profile_background_images/378800000159809377/9dGrHb7N.png","http://pbs.twimg.com/profile_images/979416992988979200/lBENaHXU_normal.jpg"
"x942768836419387394","Baby","_Obtuso","Rio de Janeiro, Brasil","séculos apaixonado <f0><U+009F><U+008C><U+00BB> Sampleio ideias de filósofos famosos e letras de bandas desconhecidas na maior cara de pau...

a.k.a ~ Kdyn",,FALSE,93,126,0,1100,1643,2017-12-18 14:49:41,FALSE,,,"pt","https://pbs.twimg.com/profile_banners/942768836419387394/1522018215",,"http://pbs.twimg.com/profile_images/975475211482038273/uVsVRuWk_normal.jpg"
"x1175430350","adrielle","itzcapshaw","cruzeiro esporte clube","""Adrielle, I love you right back"" - Bellamy Young",,FALSE,6802,4118,8,81116,1441,2013-02-13 14:14:17,FALSE,,,"pt","https://pbs.twimg.com/profile_banners/1175430350/1522168309","http://pbs.twimg.com/profile_background_images/378800000060173596/4f4376e5d6960df4c47931de3ab54957.jpeg","http://pbs.twimg.com/profile_images/978671350738014209/tHmQH0oX_normal.jpg"
"x372425105","Pagu","Naoapurrinha","Recife","Uma vilã de coração mole.",,FALSE,196,390,2,14074,14806,2011-09-12 19:07:39,FALSE,,,"pt","https://pbs.twimg.com/profile_banners/372425105/1459728318","http://pbs.twimg.com/profile_background_images/450414799323541505/-BCMvO9g.jpeg","http://pbs.twimg.com/profile_images/962837444877082624/PG6jxlFX_normal.jpg"
"x52505617","Paulo Shetara","PauloShetara","Campinas - Brasil","DJ, Jornalista diplomado, Historiador, produtor cultural, Pós Graduado-MBA na FGV em Administração de Empresas; escritor de 3 livros, é cidadão do mundo! <U+F8FF>","https://t.co/p7CMqYlYiY",FALSE,2328,2217,181,27132,4369,2009-06-30 20:13:47,FALSE,"https://t.co/p7CMqYlYiY","http://visioncursos.com.br","pt","https://pbs.twimg.com/profile_banners/52505617/1398382715","http://pbs.twimg.com/profile_background_images/56880503/shetara_4_.jpg","http://pbs.twimg.com/profile_images/659706112/shetara_normal.jpg"
"x971610565033512960","Mara Freitas","MaraFreitas30","Maceió, Brasil","Alagoana de Maceió, ariana,
comunicadora social que ama cerveja.",,FALSE,45,140,0,306,936,2018-03-08 04:56:25,FALSE,,,"pt","https://pbs.twimg.com/profile_banners/971610565033512960/1520967928",,"http://pbs.twimg.com/profile_images/973694809516007426/LMkqiYJp_normal.jpg"
"x2269073059","Dani","Tbellisariow","","Por que amar, se vamos todos morrer?<f0><U+009F><U+008C><U+0088>",,FALSE,922,689,1,25082,7136,2013-12-30 16:02:48,FALSE,,,"pt","https://pbs.twimg.com/profile_banners/2269073059/1522197931","http://abs.twimg.com/images/themes/theme4/bg.gif","http://pbs.twimg.com/profile_images/968983065757409280/uBoJl2Ic_normal.jpg"
"x2432407056","Pipipi-pópópó","pouconha","","",,FALSE,253,222,0,5093,4788,2014-04-07 18:09:26,FALSE,,,"pt","https://pbs.twimg.com/profile_banners/2432407056/1497997364","http://pbs.twimg.com/profile_background_images/453238373230968832/jjDZABoW.jpeg","http://pbs.twimg.com/profile_images/900005676101107716/7cCFo-3U_normal.jpg"
"x41293908","Hideiuke Takemura","hideiuke","Brasil","Eng. Computação",,FALSE,674,1592,2,5305,6868,2009-05-20 04:13:34,FALSE,,,"en","https://pbs.twimg.com/profile_banners/41293908/1456343144","http://abs.twimg.com/images/themes/theme1/bg.png","http://pbs.twimg.com/profile_images/702578299587919872/csxqqWfT_normal.jpg"
"x25847441","Cole","rabellera_","São Paulo, Brasil","um gesto hippie, um desenho estranho",,FALSE,590,427,18,25405,3681,2009-03-22 17:33:21,FALSE,,,"en","https://pbs.twimg.com/profile_banners/25847441/1522286308","http://pbs.twimg.com/profile_background_images/608358057446371328/9-RBcNId.jpg","http://pbs.twimg.com/profile_images/975063362156617728/i1evkhjq_normal.jpg"
"x158155889","AugustoVilelaPereira","AugustoVilelaP","Iporá-Goiás-Brasil","Em busca de evolução. Eterno estudante!  Um ser entre os mais de 28 bilhões. I want to learn English! De Iporá, Goiás!",,FALSE,744,577,4,12089,3533,2010-06-21 23:08:17,FALSE,,,"pt","https://pbs.twimg.com/profile_banners/158155889/1495318828","http://abs.twimg.com/images/themes/theme8/bg.gif","http://pbs.twimg.com/profile_images/974839634323755008/7keY6fDE_normal.jpg"
"x823750136123756544","Vanessa Lula da Silva <U+262D>","VanessaPeinado9","Brasil","<U+262D>  Exército de Um",,FALSE,3054,3179,8,19569,25075,2017-01-24 04:31:51,FALSE,,,"pt","https://pbs.twimg.com/profile_banners/823750136123756544/1504134503",,"http://pbs.twimg.com/profile_images/978033822204923904/3334_pje_normal.jpg"
"x164833294","Yuri Santos","yurialves1","Rio de Janeiro, Brasil","Geógrafo por opção, desconstruindo, desaprendendo e reinterpretando. Em busca de uma palavra que defina ser...",,FALSE,200,404,0,467,1789,2010-07-09 21:56:29,FALSE,,,"pt","https://pbs.twimg.com/profile_banners/164833294/1402085787","http://abs.twimg.com/images/themes/theme7/bg.gif","http://pbs.twimg.com/profile_images/850028518155186177/g7UCzxMx_normal.jpg"
"x248902241","Josias Israel","josias31oc","RJ","UERJ- Filosofia
Quem tem alma não tem calma","https://t.co/NZVRJgWB60",FALSE,35,206,2,703,521,2011-02-07 23:35:10,FALSE,"https://t.co/NZVRJgWB60","https://www.instagram.com/josias.i/","pt","https://pbs.twimg.com/profile_banners/248902241/1521771732","http://abs.twimg.com/images/themes/theme14/bg.gif","http://pbs.twimg.com/profile_images/977004152416063488/APHTRerF_normal.jpg"
"x779014360043773952","Ai","Gessikkkkk1","Brasil","",,FALSE,203,472,0,3929,2623,2016-09-22 17:47:51,FALSE,,,"pt","https://pbs.twimg.com/profile_banners/779014360043773952/1519522238",,"http://pbs.twimg.com/profile_images/967572509414641665/12erzvYx_normal.jpg"
"x50134577","reny","reny_renata","Melbourne, Victoria","brazilian journalist. salvador <f0><U+009F><U+0087><U+00A7><f0><U+009F><U+0087><U+00B7><f0><U+009F><U+0087><U+00A6><f0><U+009F><U+0087><U+00BA> melbourne. team blackberry smoke. i believe in beatles, bowie and karma.","https://t.co/umjYyRpOfy",FALSE,627,844,17,20582,3612,2009-06-23 23:10:19,FALSE,"https://t.co/umjYyRpOfy","http://www.tasteofmedia.com","pt","https://pbs.twimg.com/profile_banners/50134577/1487217856","http://pbs.twimg.com/profile_background_images/566058150/tumblr_m2uajdIcFV1qg8kvqo1_1280.png","http://pbs.twimg.com/profile_images/913054488872730624/TGgQz79H_normal.jpg"
"x426731738","Poly","1dfeatlylas","Brasil  04.24 tnlt <U+2661>","paz filhos da puta",,FALSE,9944,8616,12,51565,1711,2011-12-02 16:32:06,FALSE,,,"pt","https://pbs.twimg.com/profile_banners/426731738/1453136913","http://pbs.twimg.com/profile_background_images/671836046565490688/28hFnzdx.jpg","http://pbs.twimg.com/profile_images/951631782650236928/GysBaiiV_normal.jpg"
"x304092926","Orlando Silva","orlandosilva","São Paulo, Brasil","Comunista, deputado federal e presidente do PCdoB no Estado de São Paulo.","https://t.co/FVsDwDz21r",FALSE,42187,422,209,10431,2888,2011-05-23 22:40:11,TRUE,"https://t.co/FVsDwDz21r","http://deputadoorlandosilva.com.br","pt","https://pbs.twimg.com/profile_banners/304092926/1513972951","http://pbs.twimg.com/profile_background_images/608564072/4xv9wmn6e2wfya60dg99.jpeg","http://pbs.twimg.com/profile_images/925694812698890240/4eTK7nZI_normal.jpg"
"x45167446","Thiago Moro","thiagomoro65","Ponta Grossa - PR - Brasil","<f0><U+009F><U+0091><U+00BB><f0><U+009F><U+008D><U+00B9><U+270A> Torcedor do Operário Ferroviário; Cachaçólogo; Militante dos movimentos sociais.","https://t.co/ybRbW7Qrhp",FALSE,2370,1211,36,9454,914,2009-06-06 17:01:29,FALSE,"https://t.co/ybRbW7Qrhp","http://www.facebook.com/thiagomoro65","pt","https://pbs.twimg.com/profile_banners/45167446/1447692379","http://pbs.twimg.com/profile_background_images/39890113/picasabackground333.jpg","http://pbs.twimg.com/profile_images/654098631595827201/aIasYAlm_normal.jpg"
"x338566041","ah pronto, a madame Sumaia","Princesa_Sumaia","Vahalah","My pussy is the power",,FALSE,1152,785,3,48387,5927,2011-07-19 19:31:42,FALSE,,,"pt","https://pbs.twimg.com/profile_banners/338566041/1517539643","http://pbs.twimg.com/profile_background_images/378800000022317000/7227bb132f90bc4790ec53f9064d1529.jpeg","http://pbs.twimg.com/profile_images/959256699260538880/5-5RQY9f_normal.jpg"
"x2317732118","Muel Sá","SamuelMizael","","Só quero sossego e um quilo do bom.",,FALSE,426,694,6,14449,10087,2014-01-29 20:11:22,FALSE,,,"pt","https://pbs.twimg.com/profile_banners/2317732118/1489184388","http://abs.twimg.com/images/themes/theme1/bg.png","http://pbs.twimg.com/profile_images/979368659016736768/SvqSRW_G_normal.jpg"
"x17626655","Eduardo Scricco","escricco","Porto Alegre, Brazil","Senior System Engineer at Dell | SharePoint Engineer | Laura's Dad | Guitar Player | Explorer","https://t.co/eGBoayCNdY",FALSE,363,792,14,4154,657,2008-11-25 18:23:00,FALSE,"https://t.co/eGBoayCNdY","https://www.linkedin.com/in/escricco/","en","https://pbs.twimg.com/profile_banners/17626655/1371813055","http://abs.twimg.com/images/themes/theme15/bg.png","http://pbs.twimg.com/profile_images/714472846429396997/_M0n9W-v_normal.jpg"
"x3040632856","Alessandra Rocha","a_alejc","","",,FALSE,30,138,0,694,2864,2015-02-16 11:58:55,FALSE,,,"pt","https://pbs.twimg.com/profile_banners/3040632856/1512856025","http://abs.twimg.com/images/themes/theme1/bg.png","http://pbs.twimg.com/profile_images/939612604762394624/ZXfGHprc_normal.jpg"
"x248818201","Heitor Iglesias de Paula","heitoriglesias","Campinas, Brasil","Ser feliz e nada menos que isso!
Food, Mkt, conversas, séries e filmes.
<f0><U+009F><U+0093><U+00B8>@heitoriglesias","https://t.co/aUeV9wfDs7",FALSE,623,826,8,5473,3237,2011-02-07 19:57:08,FALSE,"https://t.co/aUeV9wfDs7","http://fb.com/heitoriglesias","pt","https://pbs.twimg.com/profile_banners/248818201/1520626827","http://pbs.twimg.com/profile_background_images/510237807302815746/1kEnAHK4.png","http://pbs.twimg.com/profile_images/970990073150877696/7MBCHZzD_normal.jpg"
"x2337155514","webtrouxa","sparklesbiitch","na sua",";not all stars live in the sky, jung hoseok live in my heart <U+2728>","https://t.co/e9avPlyPmx",FALSE,312,275,1,3178,2673,2014-02-10 19:29:47,FALSE,"https://t.co/e9avPlyPmx","https://curiouscat.me/jhopeutted","pt","https://pbs.twimg.com/profile_banners/2337155514/1520375264","http://pbs.twimg.com/profile_background_images/501476979682443264/rpMrWWoj.jpeg","http://pbs.twimg.com/profile_images/971151705122406401/IcteBfFT_normal.jpg"
"x2863972552","Dua Lipa","crvgluizaa","Praia de itaparica, ES ","@vascodagama @realmadrid/ <f0><U+009F><U+0087><U+00A7><f0><U+009F><U+0087><U+00B7>-<f0><U+009F><U+0087><U+00B5><f0><U+009F><U+0087><U+00B9> insta: luizandrad_",,FALSE,3808,1896,17,75733,46411,2014-11-06 15:11:03,FALSE,,,"pt","https://pbs.twimg.com/profile_banners/2863972552/1521067726","http://abs.twimg.com/images/themes/theme1/bg.png","http://pbs.twimg.com/profile_images/972650168758800385/36s_J73o_normal.jpg"
"x15678859","Marco Tritapepe","marcotritapepe","Sampa City","Corinthiano amante do bom futebol, ligas de futebol europeu sempre presentes,música, cinema, vinhos, pale ale e algumas idéias nada transgressoras.",,FALSE,391,2441,3,15780,7430,2008-07-31 18:59:30,FALSE,,,"pt","https://pbs.twimg.com/profile_banners/15678859/1443717480","http://abs.twimg.com/images/themes/theme3/bg.gif","http://pbs.twimg.com/profile_images/480783488640372736/LLbU8opM_normal.jpeg"
"x772996072872574976","Mau²","mauinamine3","São Paulo, Brasil","Não sou simpático.",,FALSE,23,452,0,358,704,2016-09-06 03:13:20,FALSE,,,"pt",,,"http://pbs.twimg.com/profile_images/915908539624849408/fUKOWxGh_normal.jpg"
"x167894718","Gustavo <f0><U+009F><U+008D><U+00BB>","guuhzeta","GRAJAÚ","palmeirense pagodeiro e economista","https://t.co/hmuObm013y",FALSE,552,197,3,100915,15182,2010-07-17 20:25:08,FALSE,"https://t.co/hmuObm013y","http://Instagram.com/guuhzeta","pt","https://pbs.twimg.com/profile_banners/167894718/1509813696","http://pbs.twimg.com/profile_background_images/648061444/yqxsh22bv2fjiqxm54gm.jpeg","http://pbs.twimg.com/profile_images/941879996402069504/LQw5XE2Y_normal.jpg"
"x275167837","Gata das breja","Gracyeely","Manaus-Brasil","Odeio política e religião, besteirol odeio televisão, globalização tchau!!!",,FALSE,1401,491,15,22676,9151,2011-03-31 19:19:46,FALSE,,,"pt","https://pbs.twimg.com/profile_banners/275167837/1515198080","http://pbs.twimg.com/profile_background_images/715882229/313d814fe564e7270e05ce258deba189.jpeg","http://pbs.twimg.com/profile_images/968608053288423424/PzG8GEu__normal.jpg"
"x806315325671219201","effly","effycongrossi","Brazil","Eu não mexo no Twitter, quem posta é meu assessor. Atriz e eu gostaria de falar mais de mim, mas vai parecer que estou me gabando.","https://t.co/N3VBVcyERH",FALSE,807,142,6,10561,932,2016-12-07 01:52:09,FALSE,"https://t.co/N3VBVcyERH","https://www.instagram.com/effycngr/","pt","https://pbs.twimg.com/profile_banners/806315325671219201/1515189405",,"http://pbs.twimg.com/profile_images/979514004929425409/mzyu1P8H_normal.jpg"
"x964944942786326530","Claudio Pimentel","pimentelcs","São Paulo, Brasil","Professor, pesquiso religiões afro-brasileiras e o catolicismo popular.",,FALSE,56,311,0,277,1909,2018-02-17 19:29:36,FALSE,,,"pt","https://pbs.twimg.com/profile_banners/964944942786326530/1522418152",,"http://pbs.twimg.com/profile_images/979827050826600449/0Fhp-JWs_normal.jpg"
"x924649066193149954","Débora Xavier","debb_xavier","Barra Bonita, Brasil","|<U+2651>| Tua voz e tua respiração são meus sons preferidos.",,FALSE,32,50,0,542,105,2017-10-29 14:48:11,FALSE,,,"es","https://pbs.twimg.com/profile_banners/924649066193149954/1520208592",,"http://pbs.twimg.com/profile_images/976097472786370561/Dji-WshU_normal.jpg"
"x3392162057","LXCVØ","lucaasbaal","Tijucas, SC","mentalmente desequilibrado",,FALSE,241,131,0,8634,2346,2015-07-28 15:01:27,FALSE,,,"pt","https://pbs.twimg.com/profile_banners/3392162057/1514083928","http://pbs.twimg.com/profile_background_images/679061410979160066/GA38aSss.jpg","http://pbs.twimg.com/profile_images/948625404499234817/ccgk_eyC_normal.jpg"
"x843952830532800512","Tete; a+ fenty <f0><U+009F><U+008C><U+00BB>","joonhoseok_","drake's dick or bangtans heart","<U+C2A4><U+D14C><U+D310><U+B2C8> <U+273F> 'How you live and love like fuck rules?' - Rihanna // Wild bitchez like trap music",,FALSE,541,236,5,42729,9833,2017-03-20 22:30:09,FALSE,,,"pt","https://pbs.twimg.com/profile_banners/843952830532800512/1520436643","http://abs.twimg.com/images/themes/theme1/bg.png","http://pbs.twimg.com/profile_images/979838004243156993/Qgur7Aqt_normal.jpg"
"x841640517578444800","Juju<f0><U+009F><U+0085><U+00B1><U+FE0F><f0><U+009F><U+0085><U+00B0><U+FE0F>","jujudusilek","Na merda","eai galera adivinha onde eu to",,FALSE,71,202,0,220,134,2017-03-14 13:21:51,FALSE,,,"pt","https://pbs.twimg.com/profile_banners/841640517578444800/1491253573",,"http://pbs.twimg.com/profile_images/940400479175102464/PgnsZysd_normal.jpg"
"x16230835","Grace","cheiadegrace","Campinas SP","Caqui é caqui, tomate é tomate e um lance é um lance",,FALSE,681,545,25,3852,1291,2008-09-11 00:28:14,FALSE,,,"pt","https://pbs.twimg.com/profile_banners/16230835/1365018432","http://pbs.twimg.com/profile_background_images/424676474/tattoo_Raul.jpg","http://pbs.twimg.com/profile_images/378800000142619429/c32f219108c2b3c44c10c6344477b431_normal.jpeg"
"x871105533239058432","kakasho sensei","heinzewn","31/03","ainda não me chame de 'meu nego'.",,FALSE,62,73,0,244,165,2017-06-03 20:45:18,FALSE,,,"pt","https://pbs.twimg.com/profile_banners/871105533239058432/1521823388",,"http://pbs.twimg.com/profile_images/977224230751305729/-T8liz6U_normal.jpg"
"x122111781","<U+262D>Otariu<U+262D>","FansBrasil4","","não sejas cuzão. JUSTIÇA COMPRADA","https://t.co/hAS6s6z0DX",FALSE,12439,669,28,26889,8732,2010-03-11 16:41:11,FALSE,"https://t.co/hAS6s6z0DX","https://www.facebook.com/Otariu1/","pt","https://pbs.twimg.com/profile_banners/122111781/1521435144","http://abs.twimg.com/images/themes/theme1/bg.png","http://pbs.twimg.com/profile_images/958057928262606849/ea80MAbH_normal.jpg"
"x2498842308","Gisele Araújo","GiGisaAraujo","","Sou a prima lésbica da família <f0><U+009F><U+008C><U+0088><U+2764><U+FE0F>",,FALSE,270,90,1,2243,310,2014-05-16 13:00:57,FALSE,,,"pt","https://pbs.twimg.com/profile_banners/2498842308/1496673218","http://abs.twimg.com/images/themes/theme1/bg.png","http://pbs.twimg.com/profile_images/772923196324581376/uLq73u1x_normal.jpg"
"x749046315036844032","Beca","monteirolira2","Fortaleza, Brasil","É um dom saber se envaidecer. Por si, saber mudar de tom. <f0><U+009F><U+008C><U+00BB>",,FALSE,45,97,0,1307,1435,2016-07-02 01:05:32,FALSE,,,"pt","https://pbs.twimg.com/profile_banners/749046315036844032/1521039142","http://abs.twimg.com/images/themes/theme1/bg.png","http://pbs.twimg.com/profile_images/973934875689529347/MZPTMNzK_normal.jpg"
"x978621511790710784","Ádria","Adria_qr","","Seja quem você quiser! <f0><U+009F><U+0091><U+008A><f0><U+009F><U+0092><U+00AA>
TT NOVO <f0><U+009F><U+0094><U+00A5>",,FALSE,162,300,0,18,40,2018-03-27 13:15:25,FALSE,,,"pt","https://pbs.twimg.com/profile_banners/978621511790710784/1522198915",,"http://pbs.twimg.com/profile_images/979817076549439488/CWiwEZtx_normal.jpg"
"x391072901","La libertad y la iguald","progiuri","Rio de Janeiro, Brasil","#manu2018 #EsquerdistaSegueEsquerdistas
https://t.co/xSB79YDbNk",,FALSE,829,1392,45,48722,32059,2011-10-15 00:45:41,FALSE,,,"pt","https://pbs.twimg.com/profile_banners/391072901/1518610422","http://pbs.twimg.com/profile_background_images/580485663109218304/fCaNaSOv.jpg","http://pbs.twimg.com/profile_images/973359382439321600/u2oa1XTG_normal.jpg"
"x148779846","o felipe neto é um deus","1goledetequila","","90% das pessoas que me beijaram, encontraram o amor da vida delas depois.",,FALSE,1409,785,54,88116,4967,2010-05-27 15:47:16,FALSE,,,"pt","https://pbs.twimg.com/profile_banners/148779846/1481022862","http://pbs.twimg.com/profile_background_images/611561655/5k7c9joxg0h8m67rjx7l.jpeg","http://pbs.twimg.com/profile_images/949504010947579904/tD6Fwxqu_normal.jpg"
"x525330154","isabelle","kccsprouses","recomeçando nessa conta ","","https://t.co/uz7SGZ6Fjg",FALSE,15565,8696,22,18371,19938,2012-03-15 12:34:20,FALSE,"https://t.co/uz7SGZ6Fjg","https://curiouscat.me/kccsprouse","pt","https://pbs.twimg.com/profile_banners/525330154/1522373929","http://abs.twimg.com/images/themes/theme18/bg.gif","http://pbs.twimg.com/profile_images/979533401345744897/bUOZRQvV_normal.jpg"
"x79278818","Dil da Towner Azul Bebê","dilgenova","Blumenau, Brasil","enciclopédia ambulante da música & guru do mercado informal","http://instagram.com/dilgenova",FALSE,1049,539,19,156106,20360,2009-10-02 20:25:02,FALSE,"http://instagram.com/dilgenova",,"pt","https://pbs.twimg.com/profile_banners/79278818/1493908034","http://pbs.twimg.com/profile_background_images/869101158/4d9586bbf473344bc2fd326eaedbcfe0.jpeg","http://pbs.twimg.com/profile_images/977196295994658818/hXqTUSav_normal.jpg"
"x263827162","M<U+25B2>RCOS","marquitufas","porto alegre","Not negative, just diferent. <f0><U+009F><U+0090><U+00BC>","https://t.co/EAyFX3ZdJx",FALSE,437,1195,0,23156,8975,2011-03-10 20:31:52,FALSE,"https://t.co/EAyFX3ZdJx","http://flavors.me/marquitufas","pt","https://pbs.twimg.com/profile_banners/263827162/1450712424","http://abs.twimg.com/images/themes/theme5/bg.gif","http://pbs.twimg.com/profile_images/780225895500025856/jQHPZOgu_normal.jpg"
"x3374146252","sabrina","meninasimas","Realengo, Rio de Janeiro","aquariana com ascendente em @rihanna e vênus em @selsensey <U+2764><U+FE0F>","https://t.co/lWeCJHVkkF",FALSE,583,660,1,25761,14412,2015-07-13 15:04:45,FALSE,"https://t.co/lWeCJHVkkF","http://www.instagram.com/gauthiersimas","pt","https://pbs.twimg.com/profile_banners/3374146252/1517631534","http://abs.twimg.com/images/themes/theme1/bg.png","http://pbs.twimg.com/profile_images/978768798110113792/F75j8xi0_normal.jpg"
"x51487372","Machines","MadMaxyne","Brasil - Aquiri","Trago a moeda estrangeira amada em 3 dias. Jogo búzios, bolsa de valores e just dance. Economista por formação e feminista com convicção","https://t.co/R8RHyGk3HZ",FALSE,413,131,6,67757,6107,2009-06-27 16:48:24,FALSE,"https://t.co/R8RHyGk3HZ","http://Instagram.com/maxynecacau","pt","https://pbs.twimg.com/profile_banners/51487372/1514429626","http://pbs.twimg.com/profile_background_images/378800000154863353/HnJUeEh-.jpeg","http://pbs.twimg.com/profile_images/978319080338882560/05Np58Zp_normal.jpg"
"x2506314862","mr kitty","hsgropen","Belo Horizonte, Minas Gerais","Mais um dia de tragédias na vida de Pedro Grojpen","https://t.co/ztl28iTI0G",FALSE,126,101,1,6935,3436,2014-04-24 14:14:29,FALSE,"https://t.co/ztl28iTI0G","https://nyancatthethird.tumblr.com","pt","https://pbs.twimg.com/profile_banners/2506314862/1521549665","http://abs.twimg.com/images/themes/theme1/bg.png","http://pbs.twimg.com/profile_images/976161721483227136/OugtRYMT_normal.jpg"
"x288519018","CostaVSF","look_me_down","","",,FALSE,14,139,0,433,8,2011-04-27 00:31:31,FALSE,,,"pt","https://pbs.twimg.com/profile_banners/288519018/1521594984","http://abs.twimg.com/images/themes/theme1/bg.png","http://pbs.twimg.com/profile_images/976265884401483776/ezULK5mN_normal.jpg"
"x628292465","Regina Salomão","ReginaSalomo","","professora,mãe de 3,avó de 2, botafoguense.Dilmista desde sempre. Minhas pautas quem faz e dá sou eu.",,FALSE,18135,572,90,153218,93645,2012-07-06 11:26:58,FALSE,,,"pt","https://pbs.twimg.com/profile_banners/628292465/1503940095","http://abs.twimg.com/images/themes/theme1/bg.png","http://pbs.twimg.com/profile_images/839976571138105346/77XiLMn8_normal.jpg"
"x331695092","gee","fireyeollie","","<U+C6B0><U+B9AC><U+B294> <U+D558><U+B098> #<U+C5D1><U+C18C>","https://t.co/vV3Gni6TT3",FALSE,286,403,0,6700,3280,2011-07-08 15:43:16,FALSE,"https://t.co/vV3Gni6TT3","http://90diasdeinverno.tumblr.com/","pt","https://pbs.twimg.com/profile_banners/331695092/1519798802","http://pbs.twimg.com/profile_background_images/552965518/twitter.jpg","http://pbs.twimg.com/profile_images/968732586850779136/C7j-QcnS_normal.jpg"
"x986940464","Ágatha","htalixo","Pelotas ","Promíscua que ignora macho escroto, se for conservador(a) e eleitor(a) do bolsonaro nem segue porque não vai ser recíproco.",,FALSE,1556,890,4,32687,8169,2012-12-03 16:18:22,FALSE,,,"pt","https://pbs.twimg.com/profile_banners/986940464/1522023730","http://pbs.twimg.com/profile_background_images/687456378080903168/e6hRrKBE.jpg","http://pbs.twimg.com/profile_images/978283547675983872/oYdURS4M_normal.jpg"
"x3690582075","Delto Neves","DeltoNeves","","Colorado!!",,FALSE,60,75,1,708,8976,2015-09-17 23:33:22,FALSE,,,"pt","https://pbs.twimg.com/profile_banners/3690582075/1465072151","http://abs.twimg.com/images/themes/theme1/bg.png","http://pbs.twimg.com/profile_images/806671249816567817/AQOWccTN_normal.jpg"
"x748978544429109248","UmaTrouxa aka CamillyStil","retardissdois","Podia ta sentada no Eccleston","Eu to rindo mas to na merda. Jedi na horas vagas, bruxa, sem graça e sapatão. A louca do Raphael Sbarge.",,FALSE,110,447,0,1052,1116,2016-07-01 20:36:15,FALSE,,,"pt","https://pbs.twimg.com/profile_banners/748978544429109248/1521682647",,"http://pbs.twimg.com/profile_images/978678305997180928/nVBFd2-x_normal.jpg"
"x65055140","ManuCastelo","manucastelo1","Belo Horizonte","Mãe, Esposa, Publicitária, Jornalista, Web Writing, Social Media. Completamente apaixonada por Jesus, meu Salvador!!",,FALSE,405,735,2,3216,1274,2009-08-12 14:56:41,FALSE,,,"pt","https://pbs.twimg.com/profile_banners/65055140/1508519665","http://pbs.twimg.com/profile_background_images/510066398928723971/A5_eXJ3X.jpeg","http://pbs.twimg.com/profile_images/921424045203185666/6XlEQhMf_normal.jpg"
"x59149154","Jr.","Arth2009","","",,FALSE,225,408,2,16782,16027,2009-07-22 15:07:10,FALSE,,,"pt","https://pbs.twimg.com/profile_banners/59149154/1476311729","http://abs.twimg.com/images/themes/theme1/bg.png","http://pbs.twimg.com/profile_images/911287772979351554/Gbed9aeI_normal.jpg"
"x82092741","Carlox","carlosmdutra","São Luís ","Me respeite que eu sou evangélica","https://t.co/TbIBGG52RC",FALSE,1449,1103,1,47762,17881,2009-10-13 13:22:55,FALSE,"https://t.co/TbIBGG52RC","http://Instagram.com/carlosmdutra_","pt","https://pbs.twimg.com/profile_banners/82092741/1464443137","http://pbs.twimg.com/profile_background_images/625821431629279237/MYZxLbJx.png","http://pbs.twimg.com/profile_images/947928296087572482/pG4NGssz_normal.jpg"
"x624284176","Marcos Sousa","MarcosSousa85","Timon-MA","Mesmo sendo meio esquizofrênico adoraria que você me seguisse; mas, mantenha a distância, porque eu sou é Caba Macho! Then, follow me the goods!","http://t.co/O4sH4jV1i1",FALSE,31,442,0,1017,10,2012-07-02 02:21:03,FALSE,"http://t.co/O4sH4jV1i1","http://www.facebook.com/marcos.sousa.522","pt","https://pbs.twimg.com/profile_banners/624284176/1493110016","http://pbs.twimg.com/profile_background_images/593496625/23tq2cfo76jayjnlc40t.jpeg","http://pbs.twimg.com/profile_images/2359443788/fv722y3qft0gdslez0dz_normal.png"
"x849248245364781056","Nicole Wirschke","nickwazevedo","Santa Terezinha de Itaipu, Bra","tanto faz, vou querer fritas com queijo",,FALSE,507,605,0,9320,6367,2017-04-04 13:12:14,FALSE,,,"pt","https://pbs.twimg.com/profile_banners/849248245364781056/1503320561",,"http://pbs.twimg.com/profile_images/975886002765160449/luBwXW6e_normal.jpg"
"x33411030","Tiago Braga","tibraga","Brasília, Brasil","Servidor Federal do @IBICTBR","http://t.co/XdKmOMuoqA",FALSE,711,999,13,3513,3046,2009-04-20 03:46:09,FALSE,"http://t.co/XdKmOMuoqA","http://www.tiagobraga.com.br","en","https://pbs.twimg.com/profile_banners/33411030/1421677067","http://abs.twimg.com/images/themes/theme9/bg.gif","http://pbs.twimg.com/profile_images/794217448065138688/ATXkvr3K_normal.jpg"
"x854185273688821760","Nanda Matinny","NandaMatinnyOfi","São Gonçalo, Brasil","<f0><U+009F><U+008E><U+00A4>Apresentadora de Eventos<f0><U+009F><U+008E><U+00A4>
/Humorista<f0><U+009F><U+0098><U+0085>
/Modelo que não deu certo<f0><U+009F><U+0098><U+00A2>
/ Trans<f0><U+009F><U+0092><U+008B>

<f0><U+009F><U+0094><U+00A5>CONTRATE JÁ PARA SEUS EVENTOS<f0><U+009F><U+0094><U+00A5>
<U+260E> (21) 99443-0221
<U+260E> (21)   2694-0641","https://t.co/AZk2Y4110m",FALSE,417,392,0,5724,5525,2017-04-18 04:10:14,FALSE,"https://t.co/AZk2Y4110m","http://www.instagram.com/nandamatinnyoficial","pt","https://pbs.twimg.com/profile_banners/854185273688821760/1519221868",,"http://pbs.twimg.com/profile_images/977993370063790080/V5uaIj3G_normal.jpg"
"x67737121","divad","dvdpradel","Porto Alegre, Brasil","Snapchat: davidraksa","https://t.co/23UiI7GjJ2",FALSE,304,66,6,19204,1385,2009-08-21 22:23:37,FALSE,"https://t.co/23UiI7GjJ2","http://Instagram.com/davidraksa","pt","https://pbs.twimg.com/profile_banners/67737121/1502228323","http://pbs.twimg.com/profile_background_images/378800000120961633/a137f534cab226f71447b14b892334cb.jpeg","http://pbs.twimg.com/profile_images/974481512686080000/OcWWFyW5_normal.jpg"
"x25577585","Flávio Dino","FlavioDino","Maranhão","Governador do Maranhão. Advogado e professor da Universidade Federal do Maranhão. Foi juiz federal, deputado federal e presidente da EMBRATUR","http://t.co/YG2zI5rUtp",FALSE,186275,541,498,54211,27237,2009-03-20 21:14:30,TRUE,"http://t.co/YG2zI5rUtp","http://www.flaviodino.com.br","en","https://pbs.twimg.com/profile_banners/25577585/1502172921","http://pbs.twimg.com/profile_background_images/485631968294359040/FLhuSl9s.jpeg","http://pbs.twimg.com/profile_images/979883885277401088/U5h8QVTC_normal.jpg"
"x433579498","Iza","fionnrolezeiro","","<U+270C>",,FALSE,1219,1771,2,36278,38744,2011-12-10 19:00:00,FALSE,,,"pt","https://pbs.twimg.com/profile_banners/433579498/1522296720","http://pbs.twimg.com/profile_background_images/578203959698980864/kELiuyUT.jpeg","http://pbs.twimg.com/profile_images/979209531333935104/rJqY0NH9_normal.jpg"
"x3060793198","Concurseira","concurseiraest1","","",,FALSE,641,1255,3,9064,116994,2015-02-25 04:15:47,FALSE,,,"pt",,"http://abs.twimg.com/images/themes/theme1/bg.png","http://pbs.twimg.com/profile_images/661754711708684288/8CncboiA_normal.jpg"
"x748696270370471936","lena loves grigio","ilusmcabeyo","luana | camila follows","camila cabello • the nbhd • gigi grigio • manu aliperti • lana del rey • crf • st • twd • everything sucks!","https://t.co/Bxer1FpFVD",FALSE,8696,5042,141,99093,11091,2016-07-01 01:54:35,FALSE,"https://t.co/Bxer1FpFVD","http://rockinrio.com","pt","https://pbs.twimg.com/profile_banners/748696270370471936/1522418115","http://abs.twimg.com/images/themes/theme1/bg.png","http://pbs.twimg.com/profile_images/979718661744267264/lzibRwNL_normal.jpg"
"x588347783","Celso Morelli","Ce_Go_Mo","","Cinema; literatura; séries de TV; ficção científica; horror.",,FALSE,118,114,0,5407,39533,2012-05-23 14:59:38,FALSE,,,"pt","https://pbs.twimg.com/profile_banners/588347783/1508081349","http://abs.twimg.com/images/themes/theme15/bg.png","http://pbs.twimg.com/profile_images/919583786748334080/dVWiS1tB_normal.jpg"
"x55003384","Tiago Roseta","tiagoroseta","São Paulo, Brasil","Nerd, Geek, Gamer, Java Developer e nas horas vagas tenta estudar filosofia.",,FALSE,191,1020,3,1407,215,2009-07-08 19:39:08,FALSE,,,"pt","https://pbs.twimg.com/profile_banners/55003384/1521629356","http://abs.twimg.com/images/themes/theme15/bg.png","http://pbs.twimg.com/profile_images/868071970746900480/zQ6RDU9t_normal.jpg"
