"status_id","created_at","user_id","screen_name","text","source","reply_to_status_id","reply_to_user_id","reply_to_screen_name","is_quote","is_retweet","favorite_count","retweet_count","hashtags","symbols","urls_url","urls_t.co","urls_expanded_url","media_url","media_t.co","media_expanded_url","media_type","ext_media_url","ext_media_t.co","ext_media_expanded_url","ext_media_type","mentions_user_id","mentions_screen_name","lang","quoted_status_id","quoted_text","retweet_status_id","retweet_text","place_url","place_name","place_full_name","place_type","country","country_code","geo_coords","coords_coords","bbox_coords","favorited_by"
"x979526970932432896",2018-03-30 01:13:23,"x69303815","rodrigo_firmino","@mizanzuk @ManuelaDavila Parabéns pela entrevista. Sensacional!","Twitter for iPhone","x979526760751616000","x223474750","mizanzuk",FALSE,FALSE,2,0,,,,,,,,,,,,,,"x223474750 25858078","mizanzuk ManuelaDavila","pt",,,,,,,,,,,,,,"ManuelaDavila"
"x979511150600753153",2018-03-30 00:10:31,"x358766758","nauj_g","Gente vocês já pensaram o impacto(positivo) que seria ter alguém”jovem” e diferenciada no comando?? Alguém que não segue de olhos tampados, alguém que pise no calo dos grandes “chefes” do poder, a única candidata que eu vejo com esse poder é a @ManuelaDavila sério... seria mt bom","Twitter for iPhone",,,,FALSE,FALSE,2,0,,,,,,,,,,,,,,"x25858078","ManuelaDavila","pt",,,,,,,,,,,,,,"ManuelaDavila"
"x979510824153870336",2018-03-30 00:09:13,"x38043575","oivanrodrigues","Coisa linda o @AntiCast com a @ManuelaDavila. Questões bem trabalhadas e bem respondidas pela pré-candidata! https://t.co/Zj40k6bOyQ","Twitter Web Client",,,,FALSE,FALSE,2,0,,,"anticast.com.br/2018/03/antica…","https://t.co/Zj40k6bOyQ","http://anticast.com.br/2018/03/anticast/anticast-330-manuela-davila/",,,,,,,,,"x239543773 25858078","AntiCast ManuelaDavila","pt",,,,,"https://api.twitter.com/1.1/geo/id/e60cc1f72c303272.json","Salvador","Salvador, Brazil","city","Brazil","BR",,,"-38.700244 -38.305051 -38.305051 -38.700244 -13.02679 -13.02679 -12.723879 -12.723879","ManuelaDavila"
"x979508351615885312",2018-03-29 23:59:24,"x3680128636","emersonmdca","Amando @ManuelaDavila no programa panico tentando mostrar pras pessoas q ser machista é féio, q falar sem saber é feio...
Achei bonito a paciencia q ela teve pra falar com quem n sabe ouvir.","Twitter Web Client",,,,FALSE,FALSE,11,0,,,,,,,,,,,,,,"x25858078","ManuelaDavila","pt",,,,,,,,,,,,,,"ManuelaDavila"
"x979508289565315072",2018-03-29 23:59:09,"x4107163959","LarissaNeumann4","Dois candidatos à presidência da república
De um lado homem q tratou com mérito manifestantes, agressores que abriram fogo contra a caravana do ex-presidente Lula
Do outro uma candidata q se juntou a caravana do ex-presidente pra pregar contra o fascismo e o ódio @ManuelaDavila https://t.co/UQIyy2gyjP","Twitter for iPhone",,,,FALSE,FALSE,161,18,,,,,,"http://pbs.twimg.com/media/DZfpl6OXkAE_2_k.jpg","https://t.co/UQIyy2gyjP","https://twitter.com/LarissaNeumann4/status/979508289565315072/photo/1","photo","http://pbs.twimg.com/media/DZfpl6OXkAE_2_k.jpg http://pbs.twimg.com/media/DZfpl6IW4AEN5HD.jpg","https://t.co/UQIyy2gyjP https://t.co/UQIyy2gyjP","https://twitter.com/LarissaNeumann4/status/979508289565315072/photo/1 https://twitter.com/LarissaNeumann4/status/979508289565315072/photo/1",,"x25858078","ManuelaDavila","pt",,,,,,,,,,,,,,"ManuelaDavila"
"x979507259519782913",2018-03-29 23:55:03,"x1631022972","glowsmcyrus","@ManuelaDavila Rainha, dona das eleições 2018","Twitter for iPhone","x979506673256628224","x25858078","ManuelaDavila",FALSE,FALSE,3,0,,,,,,,,,,,,,,"x25858078","ManuelaDavila","pt",,,,,,,,,,,,,,"ManuelaDavila"
"x979499772460617729",2018-03-29 23:25:18,"x20054053","tassiaporto","Preciso exaltar publicamente o @AntiCast com a @ManuelaDavila. Que programa maravilhoso, @mizanzuk conduziu super bem a entrevista e ela talvez tenha até conquistado meu voto. Recomendo super!","Twitter for iPhone",,,,FALSE,FALSE,7,0,,,,,,,,,,,,,,"x239543773 25858078 223474750","AntiCast ManuelaDavila mizanzuk","pt",,,,,,,,,,,,,,"ManuelaDavila"
"x979499435741843456",2018-03-29 23:23:58,"x1597375237","bonnerzin","Corre lá no site do @AntiCast e ouve o entrevistão com a @ManuelaDavila que tá bem interessante. Tá no meu radar de possível voto junto com o Boulos.","Twitter for Android",,,,FALSE,FALSE,1,0,,,,,,,,,,,,,,"x239543773 25858078","AntiCast ManuelaDavila","pt",,,,,,,,,,,,,,"ManuelaDavila"
"x979497407825285122",2018-03-29 23:15:54,"x1320810385","occhijj","Sem contar que vai ter a maravilhosa @ManuelaDavila no EME da @uneoficial . Estamos te aguardando, miga","Twitter for iPhone",,,,FALSE,FALSE,1,0,,,,,,,,,,,,,,"x25858078 60640635","ManuelaDavila uneoficial","pt",,,,,,,,,,,,,,"ManuelaDavila"
"x979492528016719872",2018-03-29 22:56:31,"x2984954459","fonsecahcs","@ManuelaDavila pooo me ganhou nessa entrevista ao antcast","Twitter Web Client",,"x25858078","ManuelaDavila",FALSE,FALSE,1,0,,,,,,,,,,,,,,"x25858078","ManuelaDavila","pt",,,,,,,,,,,,,,"ManuelaDavila"
"x979492065666093056",2018-03-29 22:54:41,"x705220995192381440","_meueuperdido","@petrussca @ManuelaDavila Eu amei ela, to seguindo a um tempo tb","Twitter for iPhone","x979375634177843202","x3665788155","petrussca",FALSE,FALSE,2,0,,,,,,,,,,,,,,"x3665788155 25858078","petrussca ManuelaDavila","pt",,,,,,,,,,,,,,"ManuelaDavila"
"x979490910550593537",2018-03-29 22:50:05,"x151182918","JoseCRufino","#ManuelaPresidente!
Unidade do povo contra o golpe! https://t.co/jCj4XEE6oF","Twitter Web Client",,,,TRUE,FALSE,2,1,"ManuelaPresidente",,"twitter.com/ManuelaDavila/…","https://t.co/jCj4XEE6oF","https://twitter.com/ManuelaDavila/status/979170188582162432",,,,,,,,,,,"pt","x979170188582162432","Somos três pré-candidatos à presidência, por três partidos diferentes. Mas defendemos a democracia. #obrasilvaivenceráoódio #oBrasilvaivencerofascismo
<f0><U+009F><U+0093><U+00B7>@ricardostucker https://t.co/2aub8XN2xz",,,,,,,,,,,,"ManuelaDavila"
"x979490571596247040",2018-03-29 22:48:44,"x291660291","AlissonStynner","""Nossas ideias são à prova de bala."" @ManuelaDavila","Twitter for Windows",,,,FALSE,FALSE,1,0,,,,,,,,,,,,,,"x25858078","ManuelaDavila","pt",,,,,,,,,,,,,,"ManuelaDavila"
"x979488132587491329",2018-03-29 22:39:03,"x65988916","CherieBlesse","@rogeriotomazjr @ManuelaDavila essa foto é sua? parabéns! maravilhosa!","Twitter for Android","x979330917402595328","x17340898","rogeriotomazjr",FALSE,FALSE,2,0,,,,,,,,,,,,,,"x17340898 25858078","rogeriotomazjr ManuelaDavila","pt",,,,,,,,,,,,,,"ManuelaDavila"
"x979486901454430209",2018-03-29 22:34:09,"x2932607434","guig4o","Posso mudar, mas decidi que por enquanto estou apoiando a candidatura da @ManuelaDavila. Sei que ela está com percentual minoritário mas me sinto representado","Twitter for iPhone",,,,FALSE,FALSE,169,22,,,,,,,,,,,,,,"x25858078","ManuelaDavila","pt",,,,,"https://api.twitter.com/1.1/geo/id/c44302d542084bfe.json","Florianópolis","Florianópolis, Brazil","city","Brazil","BR",,,"-48.6103127 -48.3474853 -48.3474853 -48.6103127 -27.8389356 -27.8389356 -27.3804458 -27.3804458","ManuelaDavila"
"x979480014445006848",2018-03-29 22:06:47,"x46227530","DaniloCursino","@ManuelaDavila @AntiCast Orgulho da minha candidata!","Twitter Web Client","x979478606891094021","x25858078","ManuelaDavila",FALSE,FALSE,1,0,,,,,,,,,,,,,,"x25858078 239543773","ManuelaDavila AntiCast","pt",,,,,,,,,,,,,,"ManuelaDavila"
"x979477853304709123",2018-03-29 21:58:12,"x46227530","DaniloCursino","A entrevista da @ManuelaDavila para o @AntiCast está incrível! Que mulher incrível, consciente e bem articulada! Adorei.","Twitter Web Client",,,,FALSE,FALSE,28,1,,,,,,,,,,,,,,"x25858078 239543773","ManuelaDavila AntiCast","pt",,,,,,,,,,,,,,"ManuelaDavila"
"x979477130181578752",2018-03-29 21:55:20,"x594809564","snia_gt","Entrevista Manuela https://t.co/cCMxOBZVrw","Twitter Web Client",,,,TRUE,FALSE,1,0,,,"twitter.com/ManuelaDavila/…","https://t.co/cCMxOBZVrw","https://twitter.com/ManuelaDavila/status/979411902240641024",,,,,,,,,,,"es","x979411902240641024","Entrevista concedida ao Ivan Mizanzuk para o @AntiCast! 
<U+27A1><U+FE0F> trajetória política
<U+27A1><U+FE0F> opiniões sobre políticas que visam conciliação de classes
<U+27A1><U+FE0F> como a esquerda deve encarar a questão da segurança pública
E muito mais! <f0><U+009F><U+0092><U+00BB><f0><U+009F><U+008E><U+0099><U+FE0F><f0><U+009F><U+0093><U+00BB>
https://t.co/OTFCwUkVkQ",,,,,,,,,,,,"ManuelaDavila"
"x979469137654185984",2018-03-29 21:23:34,"x41898317","Danski_Lutrida","@ManuelaDavila Arrasou, @ManuelaDavila. Fico super feliz!!!","Twitter for Android","x979418301825732613","x25858078","ManuelaDavila",FALSE,FALSE,1,0,,,,,,,,,,,,,,"x25858078 25858078","ManuelaDavila ManuelaDavila","pt",,,,,,,,,,,,,,"ManuelaDavila"
"x979440782384955392",2018-03-29 19:30:54,"x2993193051","ViLins99","Essa mulher é meu orgulho PQP!!! https://t.co/On13Dx6tpT","Twitter for Android",,,,TRUE,FALSE,4,0,,,"twitter.com/ManuelaDavila/…","https://t.co/On13Dx6tpT","https://twitter.com/ManuelaDavila/status/979410383776747521",,,,,,,,,,,"pt","x979410383776747521","O Brasil vai vencer o fascismo!
 O Brasil vencerá o ódio!
 
 <f0><U+009F><U+0093><U+00B8> Guilherme Imbassay https://t.co/sFB3CM6LQa",,,,,,,,,,,,"ManuelaDavila"
"x979440451190165504",2018-03-29 19:29:35,"x959165330441605121","eusouozaga","que mulher, meus caros, que mulher... https://t.co/cb0OQATOyS","Twitter for Android",,,,TRUE,FALSE,1,0,,,"twitter.com/ManuelaDavila/…","https://t.co/cb0OQATOyS","https://twitter.com/ManuelaDavila/status/979410383776747521",,,,,,,,,,,"pt","x979410383776747521","O Brasil vai vencer o fascismo!
 O Brasil vencerá o ódio!
 
 <f0><U+009F><U+0093><U+00B8> Guilherme Imbassay https://t.co/sFB3CM6LQa",,,,,,,,,,,,"ManuelaDavila"
"x979440182528274434",2018-03-29 19:28:31,"x2893562830","amandaagrein","que mulher https://t.co/cjq6Xj9ulr","Twitter for iPhone",,,,TRUE,FALSE,28,0,,,"twitter.com/manueladavila/…","https://t.co/cjq6Xj9ulr","https://twitter.com/manueladavila/status/979167893073080320",,,,,,,,,,,"pt","x979167893073080320","Nossas ideias são à prova de bala.

Foto: Guilherme Imbassay https://t.co/ya9tB137N1",,,,,,,,,,,,"ManuelaDavila"
"x979438621982973953",2018-03-29 19:22:19,"x149952171","andfurtado","Pois é, acho que encontrei minha candidata pra presidência, apesar de não concordar com todos os pontos da sua plataforma, é a que mais me agrada e vejo um bom potencial nela. Fechado com @ManuelaDavila !!","Twitter for Android",,,,FALSE,FALSE,7,0,,,,,,,,,,,,,,"x25858078","ManuelaDavila","pt",,,,,"https://api.twitter.com/1.1/geo/id/f3587bc643e7d7b8.json","Belém","Belém, Brazil","city","Brazil","BR",,,"-48.623684 -48.295911 -48.295911 -48.623684 -1.526453 -1.526453 -1.019406 -1.019406","ManuelaDavila"
"x979438477275054080",2018-03-29 19:21:44,"x4705953269","lanafeatdua","... https://t.co/hV6qHl06fk","Twitter for Android",,,,TRUE,FALSE,1,0,,,"twitter.com/ManuelaDavila/…","https://t.co/hV6qHl06fk","https://twitter.com/ManuelaDavila/status/979410383776747521",,,,,,,,,,,"und","x979410383776747521","O Brasil vai vencer o fascismo!
 O Brasil vencerá o ódio!
 
 <f0><U+009F><U+0093><U+00B8> Guilherme Imbassay https://t.co/sFB3CM6LQa",,,,,,,,,,,,"ManuelaDavila"
"x979438235167477761",2018-03-29 19:20:47,"x154953394","maruxvb","@ManuelaDavila é um anjo e irei protege-la 
*-*","Twitter for Android",,"x25858078","ManuelaDavila",FALSE,FALSE,1,0,,,,,,,,,,,,,,"x25858078","ManuelaDavila","pt",,,,,,,,,,,,,,"ManuelaDavila"
"x979437289641336832",2018-03-29 19:17:01,"x55623628","afalvim","É representatividade que vocês querem? https://t.co/AXkid8o364","Twitter for Android",,,,TRUE,FALSE,5,1,,,"twitter.com/ManuelaDavila/…","https://t.co/AXkid8o364","https://twitter.com/ManuelaDavila/status/979167893073080320",,,,,,,,,,,"pt","x979167893073080320","Nossas ideias são à prova de bala.

Foto: Guilherme Imbassay https://t.co/ya9tB137N1",,,,,,,,,,,,"ManuelaDavila"
"x979433608531402754",2018-03-29 19:02:23,"x21058954","teresamachado","<U+2764><U+FE0F> https://t.co/iC2AzXdCY3","Twitter for iPhone",,,,TRUE,FALSE,2,0,,,"twitter.com/manueladavila/…","https://t.co/iC2AzXdCY3","https://twitter.com/manueladavila/status/979170188582162432",,,,,,,,,,,"und","x979170188582162432","Somos três pré-candidatos à presidência, por três partidos diferentes. Mas defendemos a democracia. #obrasilvaivenceráoódio #oBrasilvaivencerofascismo
<f0><U+009F><U+0093><U+00B7>@ricardostucker https://t.co/2aub8XN2xz",,,,,,,,,,,,"ManuelaDavila"
"x979431542194917376",2018-03-29 18:54:11,"x350493425","rudrigo","Baita entrevista, digassi dipassage https://t.co/aaueW7gerg","Twitter for Android",,,,TRUE,FALSE,2,0,,,"twitter.com/ManuelaDavila/…","https://t.co/aaueW7gerg","https://twitter.com/ManuelaDavila/status/979411902240641024",,,,,,,,,,,"ca","x979411902240641024","Entrevista concedida ao Ivan Mizanzuk para o @AntiCast! 
<U+27A1><U+FE0F> trajetória política
<U+27A1><U+FE0F> opiniões sobre políticas que visam conciliação de classes
<U+27A1><U+FE0F> como a esquerda deve encarar a questão da segurança pública
E muito mais! <f0><U+009F><U+0092><U+00BB><f0><U+009F><U+008E><U+0099><U+FE0F><f0><U+009F><U+0093><U+00BB>
https://t.co/OTFCwUkVkQ",,,,,,,,,,,,"ManuelaDavila"
"x979430678155624454",2018-03-29 18:50:45,"x2857504353","maiaraalmeidat","Ja roubaram meu coração https://t.co/sIOPPfv9n3","Twitter for Android",,,,TRUE,FALSE,2,0,,,"twitter.com/ManuelaDavila/…","https://t.co/sIOPPfv9n3","https://twitter.com/ManuelaDavila/status/979170188582162432",,,,,,,,,,,"pt","x979170188582162432","Somos três pré-candidatos à presidência, por três partidos diferentes. Mas defendemos a democracia. #obrasilvaivenceráoódio #oBrasilvaivencerofascismo
<f0><U+009F><U+0093><U+00B7>@ricardostucker https://t.co/2aub8XN2xz",,,,,,,,,,,,"ManuelaDavila"
"x979429787038093312",2018-03-29 18:47:12,"x871709211830386689","Angemonn1","@ManuelaDavila @lolaescreva Ai meu Deus, ela me respondeu <f0><U+009F><U+0098><U+008D>","Twitter for Android","x979429285768376322","x25858078","ManuelaDavila",FALSE,FALSE,1,0,,,,,,,,,,,,,,"x25858078 182573469","ManuelaDavila lolaescreva","pt",,,,,,,,,,,,,,"ManuelaDavila"
"x979415383743623168",2018-03-29 17:49:58,"x252307722","leokbelo13","@ManuelaDavila Manuela, parabéns pela sua atitude de apoiar o presidente Lula. Muitos da esquerda ficaram só nas declarações. Precisamos de uma esquerda unida, porque a direita já descobriu há muito tempo que unindo-se ficam mais fortes.","Twitter for Android","x979410383776747521","x25858078","ManuelaDavila",FALSE,FALSE,14,2,,,,,,,,,,,,,,"x25858078","ManuelaDavila","pt",,,,,,,,,,,,,,"ManuelaDavila"
"x979412837461385216",2018-03-29 17:39:51,"x120877394","lantismkr2001","@ManuelaDavila @AntiCast Acabei de ouvir, parabéns pela entrevista e por prestigiar a mídia podcast, idéias mais claras com mais tempo para desenvolver os assuntos.","Twitter for Android","x979411902240641024","x25858078","ManuelaDavila",FALSE,FALSE,14,0,,,,,,,,,,,,,,"x25858078 239543773","ManuelaDavila AntiCast","pt",,,,,,,,,,,,,,"ManuelaDavila"
"x979412390755426304",2018-03-29 17:38:05,"x95987834","guiljlima","@ManuelaDavila @AntiCast Acabei de ouvir, ficou realmente muito boa. 
Ótima a participação da Laura também rs","Twitter Web Client","x979411902240641024","x25858078","ManuelaDavila",FALSE,FALSE,7,0,,,,,,,,,,,,,,"x25858078 239543773","ManuelaDavila AntiCast","pt",,,,,,,,,,,,,,"ManuelaDavila"
"x979411185517957120",2018-03-29 17:33:17,"x315566556","manubresquii_","Que mulher minha gente, que mulher https://t.co/bJrMGJpjFX","Twitter for Android",,,,TRUE,FALSE,50,1,,,"twitter.com/ManuelaDavila/…","https://t.co/bJrMGJpjFX","https://twitter.com/ManuelaDavila/status/979410383776747521",,,,,,,,,,,"pt","x979410383776747521","O Brasil vai vencer o fascismo!
 O Brasil vencerá o ódio!
 
 <f0><U+009F><U+0093><U+00B8> Guilherme Imbassay https://t.co/sFB3CM6LQa",,,,,,,,,,,,"ManuelaDavila"
"x979410494808346624",2018-03-29 17:30:33,"x54667222","thaisclim","Aaaaaa que lindas <f0><U+009F><U+0091><U+008A><U+2764><U+FE0F> https://t.co/lJFcuQhF7A","Twitter for iPhone",,,,TRUE,FALSE,2,0,,,"twitter.com/manueladavila/…","https://t.co/lJFcuQhF7A","https://twitter.com/manueladavila/status/979410383776747521",,,,,,,,,,,"pt","x979410383776747521","O Brasil vai vencer o fascismo!
 O Brasil vencerá o ódio!
 
 <f0><U+009F><U+0093><U+00B8> Guilherme Imbassay https://t.co/sFB3CM6LQa",,,,,,,,,,,,"ManuelaDavila"
"x979409687379632130",2018-03-29 17:27:20,"x988733420","marvelcmila","@ManuelaDavila mulher eu te amo","Twitter for Android","x979398602522005504","x25858078","ManuelaDavila",FALSE,FALSE,2,0,,,,,,,,,,,,,,"x25858078","ManuelaDavila","pt",,,,,,,,,,,,,,"ManuelaDavila"
"x979408356229214209",2018-03-29 17:22:03,"x52541387","crisflopes1","@ManuelaDavila Desejo que a esquerda fique unida. Só assim tudo dará certo.","Twitter Web Client","x979170188582162432","x25858078","ManuelaDavila",FALSE,FALSE,1,0,,,,,,,,,,,,,,"x25858078","ManuelaDavila","pt",,,,,,,,,,,,,,"ManuelaDavila"
"x979408223454326784",2018-03-29 17:21:31,"x1451704598","somosdaanitta","@ManuelaDavila vem pro espírito santo, xará!","Twitter Web Client","x979402390704095233","x25858078","ManuelaDavila",FALSE,FALSE,3,0,,,,,,,,,,,,,,"x25858078","ManuelaDavila","pt",,,,,,,,,,,,,,"ManuelaDavila"
"x979407707227738113",2018-03-29 17:19:28,"x451831589","brntx__","Estou ouvindo o @AntiCast com a @ManuelaDavila. MARAVILHOSA! Inclusive, por que não temos tanta gente incrível como ela aqui no Paraná?","Twitter Web Client",,,,FALSE,FALSE,1,0,,,,,,,,,,,,,,"x239543773 25858078","AntiCast ManuelaDavila","pt",,,,,,,,,,,,,,"ManuelaDavila"
"x979405643835637766",2018-03-29 17:11:16,"x764577349488771072","protectdefan","@ManuelaDavila vemmm pro rj","Twitter for Android","x979402390704095233","x25858078","ManuelaDavila",FALSE,FALSE,2,0,,,,,,,,,,,,,,"x25858078","ManuelaDavila","pt",,,,,,,,,,,,,,"ManuelaDavila"
"x979405095963123724",2018-03-29 17:09:06,"x189583722","sasukesemchakra","aqui vemos o real significado de democracia https://t.co/Baij5x4Zmj","Twitter Web Client",,,,TRUE,FALSE,2,0,,,"twitter.com/ManuelaDavila/…","https://t.co/Baij5x4Zmj","https://twitter.com/ManuelaDavila/status/979170188582162432",,,,,,,,,,,"es","x979170188582162432","Somos três pré-candidatos à presidência, por três partidos diferentes. Mas defendemos a democracia. #obrasilvaivenceráoódio #oBrasilvaivencerofascismo
<f0><U+009F><U+0093><U+00B7>@ricardostucker https://t.co/2aub8XN2xz",,,,,,,,,,,,"ManuelaDavila"
"x979404688008335362",2018-03-29 17:07:28,"x335676194","Rica_salome","Ótima entrevista! Muito bem conduzida. Adorei a @ManuelaDavila. Indico ouvirem! https://t.co/vt0YQCU0rZ","Twitter Web Client",,,,TRUE,FALSE,5,0,,,"twitter.com/mizanzuk/statu…","https://t.co/vt0YQCU0rZ","https://twitter.com/mizanzuk/status/979227194475122688",,,,,,,,,"x25858078","ManuelaDavila","pt","x979227194475122688","Para fechar a campanha #OPodcastÉDelas2018 com chave de ouro, entrevistamos @ManuelaDavila, pré-candidata à presidência do Brasil pelo PCdoB!

AntiCast 330 – Manuela d’Ávila

https://t.co/jBIzGOmzYL",,,,,,,,,,,,"ManuelaDavila"
"x979403192189497344",2018-03-29 17:01:32,"x49017242","achtung91","@ManuelaDavila @ManuelaDavila Quando vem ao RJ?","Twitter Web Client","x979402390704095233","x25858078","ManuelaDavila",FALSE,FALSE,3,0,,,,,,,,,,,,,,"x25858078 25858078","ManuelaDavila ManuelaDavila","pt",,,,,,,,,,,,,,"ManuelaDavila"
"x979402985473232898",2018-03-29 17:00:42,"x944769775695269888","mazzaropigi","@ManuelaDavila Venha para Vitória-ES novamente, quero muitooo te ver! <U+2764><U+FE0F>","Twitter for iPhone","x979402390704095233","x25858078","ManuelaDavila",FALSE,FALSE,4,0,,,,,,,,,,,,,,"x25858078","ManuelaDavila","pt",,,,,,,,,,,,,,"ManuelaDavila"
"x979401358645350400",2018-03-29 16:54:14,"x226302067","Gabriel_soousa","E o tweet número #1000 é com a imagem mais linda e fofa e sensacional que você vai ver hoje. @LulapeloBrasil e @ManuelaDavila https://t.co/XpUowiDDpe","Twitter Web Client",,,,FALSE,FALSE,3,0,,,,,,"http://pbs.twimg.com/media/DZeIVjJX0AATjOE.jpg","https://t.co/XpUowiDDpe","https://twitter.com/Gabriel_soousa/status/979401358645350400/photo/1","photo","http://pbs.twimg.com/media/DZeIVjJX0AATjOE.jpg","https://t.co/XpUowiDDpe","https://twitter.com/Gabriel_soousa/status/979401358645350400/photo/1",,"x2670726740 25858078","LulapeloBrasil ManuelaDavila","pt",,,,,,,,,,,,,,"ManuelaDavila"
"x979400050542432256",2018-03-29 16:49:03,"x8404722","thethales","Um governante sério consideraria esse modelo de contrução de casas populares pra resolver de vez a falta de moradia no Brasil

Dica para @ManuelaDavila @GuilhermeBoulos @MottaTarcisio @FlavioDino https://t.co/U82lViXNBF","Twitter for Android",,,,TRUE,FALSE,18,4,,,"twitter.com/bbcbrasil/stat…","https://t.co/U82lViXNBF","https://twitter.com/bbcbrasil/status/979397037623070720",,,,,,,,,"x25858078 762402774260875265 799260530 25577585","ManuelaDavila GuilhermeBoulos MottaTarcisio FlavioDino","pt","x979397037623070720","As casas impressas em 3D que ficam prontas em 48 horas https://t.co/wcw4w7dVjy https://t.co/wOZdJ9SkLN",,,,,,,,,,,,"ManuelaDavila"
"x979397205386809344",2018-03-29 16:37:44,"x58061924","itorbidepedro","@ManuelaDavila pra presidente! parem um pouco pra ouvir essa mulher","Twitter for Android",,"x25858078","ManuelaDavila",FALSE,FALSE,2,1,,,,,,,,,,,,,,"x25858078","ManuelaDavila","pt",,,,,,,,,,,,,,"ManuelaDavila"
"x979396972938440706",2018-03-29 16:36:49,"x238768432","FlahSummers","As blusinhas que a @ManuelaDavila usa tem umas frases maravilhosas. Quero todas.","Twitter for iPhone",,,,FALSE,FALSE,10,0,,,,,,,,,,,,,,"x25858078","ManuelaDavila","pt",,,,,"https://api.twitter.com/1.1/geo/id/5722ff20ba67083b.json","Brasília","Brasília, Brazil","city","Brazil","BR",,,"-48.285982 -47.307264 -47.307264 -48.285982 -16.0524045 -16.0524045 -15.5001029 -15.5001029","ManuelaDavila"
"x979394348063318018",2018-03-29 16:26:23,"x51751807","BiluneG","<f0><U+009F><U+0098><U+008D> https://t.co/Ug5fW3Iv4m","Twitter for Android",,,,TRUE,FALSE,1,0,,,"twitter.com/ManuelaDavila/…","https://t.co/Ug5fW3Iv4m","https://twitter.com/ManuelaDavila/status/979170188582162432",,,,,,,,,,,"und","x979170188582162432","Somos três pré-candidatos à presidência, por três partidos diferentes. Mas defendemos a democracia. #obrasilvaivenceráoódio #oBrasilvaivencerofascismo
<f0><U+009F><U+0093><U+00B7>@ricardostucker https://t.co/2aub8XN2xz",,,,,,,,,,,,"ManuelaDavila"
"x979392779066462208",2018-03-29 16:20:09,"x2920456661","raquelkirst","@mizanzuk @ManuelaDavila Acabei de escutar a entrevista, me lembro da Manuela fazendo campanha na fila do RU da UFRGS. Bons tempos...","Twitter for Android","x979227194475122688","x223474750","mizanzuk",FALSE,FALSE,2,0,,,,,,,,,,,,,,"x223474750 25858078","mizanzuk ManuelaDavila","pt",,,,,,,,,,,,,,"ManuelaDavila"
"x979389989648764928",2018-03-29 16:09:04,"x2840674403","anavilarinno","Mesmo com todo emblema
Todo o problema
Todo o sistema
A gente vai levando essa vida
@ManuelaDavila https://t.co/FYwiOFJrXO","Twitter for Android",,,,FALSE,FALSE,706,138,,,,,,"http://pbs.twimg.com/media/DZd9_zrX0AAAwYF.jpg","https://t.co/FYwiOFJrXO","https://twitter.com/anavilarinno/status/979389989648764928/photo/1","photo","http://pbs.twimg.com/media/DZd9_zrX0AAAwYF.jpg","https://t.co/FYwiOFJrXO","https://twitter.com/anavilarinno/status/979389989648764928/photo/1",,"x25858078","ManuelaDavila","pt",,,,,,,,,,,,,,"ManuelaDavila"
"x979389460076027907",2018-03-29 16:06:58,"x182573469","lolaescreva","A esquerda resiste ao fascismo: @ManuelaDavila @LulapeloBrasil @GuilhermeBoulos Não podemos aceitar atentados à democracia  https://t.co/pGHnAkIfm0 https://t.co/HoLx7ndzAN","Twitter Web Client",,,,FALSE,FALSE,107,14,,,"goo.gl/kYH7Bm","https://t.co/pGHnAkIfm0","https://goo.gl/kYH7Bm","http://pbs.twimg.com/media/DZd9aO0XcAARlXG.jpg","https://t.co/HoLx7ndzAN","https://twitter.com/lolaescreva/status/979389460076027907/photo/1","photo","http://pbs.twimg.com/media/DZd9aO0XcAARlXG.jpg","https://t.co/HoLx7ndzAN","https://twitter.com/lolaescreva/status/979389460076027907/photo/1",,"x25858078 2670726740 762402774260875265","ManuelaDavila LulapeloBrasil GuilhermeBoulos","pt",,,,,,,,,,,,,,"ManuelaDavila"
"x979387859487592448",2018-03-29 16:00:36,"x164904375","myrellacandido","Tenho lido, visto muita coisa! As eleições estão chegando, com a graça de Deus! E é hora de começar a pensar, formar opinião e escolher uma opção que nos represente. E cada vez mais me sinto não só representada, mas contemplada pela @ManuelaDavila","Twitter for iPhone",,,,FALSE,FALSE,31,2,,,,,,,,,,,,,,"x25858078","ManuelaDavila","pt",,,,,,,,,,,,,,"ManuelaDavila"
"x979385729544605697",2018-03-29 15:52:08,"x37083100","Richardbsas","Com @dilmabr e @ManuelaDavila o Brasil tem futuro! https://t.co/AfKwk1VHDU","Twitter for Android",,,,FALSE,FALSE,3,0,,,,,,"http://pbs.twimg.com/media/DZd6HYxWkAYshls.jpg","https://t.co/AfKwk1VHDU","https://twitter.com/Richardbsas/status/979385729544605697/photo/1","photo","http://pbs.twimg.com/media/DZd6HYxWkAYshls.jpg","https://t.co/AfKwk1VHDU","https://twitter.com/Richardbsas/status/979385729544605697/photo/1",,"x131574396 25858078","dilmabr ManuelaDavila","pt",,,,,,,,,,,,,,"ManuelaDavila"
"x979384027059802112",2018-03-29 15:45:22,"x878046750166188032","icastrx","meu coração tá com essa foto https://t.co/Wlzqg0lPkH","Twitter for Android",,,,TRUE,FALSE,2,0,,,"twitter.com/ManuelaDavila/…","https://t.co/Wlzqg0lPkH","https://twitter.com/ManuelaDavila/status/979374012798324737",,,,,,,,,,,"pt","x979374012798324737","""Aqui estão duas das pessoas que têm o meu respeito e o meu amor.
Dois candidatos a presidência, dois guerreiros"". @FlavioRenegado 

Texto completo de @FlavioRenegado em: https://t.co/seZQMuexUo https://t.co/cgw5CHu0pb",,,,,,,,,,,,"ManuelaDavila"
"x979383630714888192",2018-03-29 15:43:48,"x227700309","thcad","@ManuelaDavila Comecei a te seguir por conta do @AntiCast, gostei dos seus posicionamentos durante a entrevista, espero que volte ao programa em outras oportunidades.","Twitter Web Client",,"x25858078","ManuelaDavila",FALSE,FALSE,1,0,,,,,,,,,,,,,,"x25858078 239543773","ManuelaDavila AntiCast","pt",,,,,,,,,,,,,,"ManuelaDavila"
"x979383417291722752",2018-03-29 15:42:57,"x77921016","KarianeDalpian","Meu dedinho confirma Manuuuuuu! https://t.co/pbMxdmj2wu","Twitter for Android",,,,TRUE,FALSE,3,0,,,"twitter.com/ManuelaDavila/…","https://t.co/pbMxdmj2wu","https://twitter.com/ManuelaDavila/status/979170188582162432",,,,,,,,,,,"pt","x979170188582162432","Somos três pré-candidatos à presidência, por três partidos diferentes. Mas defendemos a democracia. #obrasilvaivenceráoódio #oBrasilvaivencerofascismo
<f0><U+009F><U+0093><U+00B7>@ricardostucker https://t.co/2aub8XN2xz",,,,,,,,,,,,"ManuelaDavila"
"x979383279416741888",2018-03-29 15:42:24,"x751533556678139904","pfvrvaiestudar","Da vontade de enquadrar essa foto. https://t.co/mWSKoGZBra","Twitter for iPhone",,,,TRUE,FALSE,3,0,,,"twitter.com/manueladavila/…","https://t.co/mWSKoGZBra","https://twitter.com/manueladavila/status/979170188582162432",,,,,,,,,,,"pt","x979170188582162432","Somos três pré-candidatos à presidência, por três partidos diferentes. Mas defendemos a democracia. #obrasilvaivenceráoódio #oBrasilvaivencerofascismo
<f0><U+009F><U+0093><U+00B7>@ricardostucker https://t.co/2aub8XN2xz",,,"https://api.twitter.com/1.1/geo/id/5722ff20ba67083b.json","Brasília","Brasília, Brazil","city","Brazil","BR",,,"-48.285982 -47.307264 -47.307264 -48.285982 -16.0524045 -16.0524045 -15.5001029 -15.5001029","ManuelaDavila"
"x979382692977561600",2018-03-29 15:40:04,"x104923488","Marprocopio2","Peita, mulher(es), peita esse país canalha
peita que a gente está junto e junto mudamos essa história para melhor https://t.co/MglhZdusH8","Twitter Web Client",,,,TRUE,FALSE,2,0,,,"twitter.com/ManuelaDavila/…","https://t.co/MglhZdusH8","https://twitter.com/ManuelaDavila/status/979370240168681472",,,,,,,,,,,"pt","x979370240168681472","Ontem aconteceu uma das coisas que mais adoro! Conheci a Ka! Idealizadora da PEITA. No ano passado, comprei na internet a camiseta “lute como uma garota”, produzida por elas. Tento sempre valorizar iniciativas de mulheres empreendedoras. Ainda mais quando é de luta. Que massa, Ka https://t.co/9UGgNpwkSZ",,,,,,,,,,,,"ManuelaDavila"
"x979382288944427009",2018-03-29 15:38:28,"x98233249","MARCOPENA13","É impossível não amar essa mulher. <U+2764><U+FE0F><U+270A><f0><U+009F><U+008F><U+00BB> https://t.co/ScDJgaHk9y","Twitter for iPhone",,,,TRUE,FALSE,13,1,,,"twitter.com/manueladavila/…","https://t.co/ScDJgaHk9y","https://twitter.com/manueladavila/status/979170188582162432",,,,,,,,,,,"pt","x979170188582162432","Somos três pré-candidatos à presidência, por três partidos diferentes. Mas defendemos a democracia. #obrasilvaivenceráoódio #oBrasilvaivencerofascismo
<f0><U+009F><U+0093><U+00B7>@ricardostucker https://t.co/2aub8XN2xz",,,,,,,,,,,,"ManuelaDavila"
"x979379462247723013",2018-03-29 15:27:14,"x2945270825","rip_eu","preciso dessa camisa, é real https://t.co/Iuz6wIhg25","Twitter for iPhone",,,,TRUE,FALSE,1,0,,,"twitter.com/manueladavila/…","https://t.co/Iuz6wIhg25","https://twitter.com/manueladavila/status/979167893073080320",,,,,,,,,,,"pt","x979167893073080320","Nossas ideias são à prova de bala.

Foto: Guilherme Imbassay https://t.co/ya9tB137N1",,,,,,,,,,,,"ManuelaDavila"
"x979377113164902401",2018-03-29 15:17:54,"x572407365","barbaguh","Tava fazendo umas pesquisas e a pré candidatura da @ManuelaDavila é um baita lampejo de esperança. Tudo que os Velhões barões temem é uma jovem no comando, seria lindo.","Twitter Web Client",,,,FALSE,FALSE,145,19,,,,,,,,,,,,,,"x25858078","ManuelaDavila","pt",,,,,"https://api.twitter.com/1.1/geo/id/68e019afec7d0ba5.json","Sao Paulo","Sao Paulo, Brazil","city","Brazil","BR",,,"-46.826039 -46.365052 -46.365052 -46.826039 -24.008814 -24.008814 -23.356792 -23.356792","ManuelaDavila"
"x979375634177843202",2018-03-29 15:12:01,"x3665788155","petrussca","Gostei da candidata @ManuelaDavila","Twitter for Android",,,,FALSE,FALSE,9,1,,,,,,,,,,,,,,"x25858078","ManuelaDavila","pt",,,,,,,,,,,,,,"ManuelaDavila"
"x979375357236301831",2018-03-29 15:10:55,"x871709211830386689","Angemonn1","@ManuelaDavila @lolaescreva Manu mulher, tu és muito MINHA presidenta.","Twitter for Android","x978721874162184192","x25858078","ManuelaDavila",FALSE,FALSE,1,0,,,,,,,,,,,,,,"x25858078 182573469","ManuelaDavila lolaescreva","pt",,,,,,,,,,,,,,"ManuelaDavila"
"x979374730481369088",2018-03-29 15:08:26,"x2915825761","marcelodjry","Nossa queria hein https://t.co/fwq6HvfBZO","Twitter for Android",,,,TRUE,FALSE,1,0,,,"twitter.com/ManuelaDavila/…","https://t.co/fwq6HvfBZO","https://twitter.com/ManuelaDavila/status/979374012798324737",,,,,,,,,,,"pt","x979374012798324737","""Aqui estão duas das pessoas que têm o meu respeito e o meu amor.
Dois candidatos a presidência, dois guerreiros"". @FlavioRenegado 

Texto completo de @FlavioRenegado em: https://t.co/seZQMuexUo https://t.co/cgw5CHu0pb",,,,,,,,,,,,"ManuelaDavila"
"x979372940297940993",2018-03-29 15:01:19,"x2853715263","isadeisabela","essa mulher é um hino https://t.co/ogVcaVPABW","Twitter for Android",,,,TRUE,FALSE,1,0,,,"twitter.com/ManuelaDavila/…","https://t.co/ogVcaVPABW","https://twitter.com/ManuelaDavila/status/979370240168681472",,,,,,,,,,,"pt","x979370240168681472","Ontem aconteceu uma das coisas que mais adoro! Conheci a Ka! Idealizadora da PEITA. No ano passado, comprei na internet a camiseta “lute como uma garota”, produzida por elas. Tento sempre valorizar iniciativas de mulheres empreendedoras. Ainda mais quando é de luta. Que massa, Ka https://t.co/9UGgNpwkSZ",,,,,,,,,,,,"ManuelaDavila"
"x979366463994810370",2018-03-29 14:35:35,"x338302982","RafaelaNinja","@ManuelaDavila Já tem o meu voto <U+2764><U+FE0F>","Twitter for iPhone","x979133117603688449","x25858078","ManuelaDavila",FALSE,FALSE,2,0,,,,,,,,,,,,,,"x25858078","ManuelaDavila","pt",,,,,,,,,,,,,,"ManuelaDavila"
"x979364102232518658",2018-03-29 14:26:12,"x255260706","babspires","@AntiCast @ManuelaDavila Está fantástico! Parabéns!","Twitter for iPhone","x979227618041098240","x239543773","AntiCast",FALSE,FALSE,2,0,,,,,,,,,,,,,,"x239543773 25858078","AntiCast ManuelaDavila","pt",,,,,,,,,,,,,,"ManuelaDavila"
"x979353865198997504",2018-03-29 13:45:31,"x3133977057","FeministVaidosa","minha presidenta <U+2764><U+FE0F><U+2764><U+FE0F><U+2764><U+FE0F><U+2764><U+FE0F><U+2764><U+FE0F><U+2764><U+FE0F><U+2764><U+FE0F> https://t.co/epiz2ScB1l","Twitter Web Client",,,,TRUE,FALSE,17,0,,,"twitter.com/ManuelaDavila/…","https://t.co/epiz2ScB1l","https://twitter.com/ManuelaDavila/status/979167893073080320",,,,,,,,,,,"pt","x979167893073080320","Nossas ideias são à prova de bala.

Foto: Guilherme Imbassay https://t.co/ya9tB137N1",,,,,,,,,,,,"ManuelaDavila"
"x979351362881376257",2018-03-29 13:35:35,"x2861004769","crvgmuniz","@amandinhaa028  tô no chão https://t.co/6gnNWze2Vw","Twitter for Android",,"x796756845608181760","amandinhaa028",TRUE,FALSE,2,1,,,"twitter.com/ManuelaDavila/…","https://t.co/6gnNWze2Vw","https://twitter.com/ManuelaDavila/status/976446409804312576",,,,,,,,,"x796756845608181760","amandinhaa028","pt","x976446409804312576","""Pagamento desigual é inaceitável aos olhos de uma criança. Por que aceitar isso quando somos adultos?"" 
#MarçoRebelde #8M https://t.co/vbCgmHWFSL",,,,,,,,,,,,"ManuelaDavila"
"x979350155622342662",2018-03-29 13:30:47,"x59917007","theusl","@ManuelaDavila O amor vencerá o Ódio!","Twitter for iPhone","x979170188582162432","x25858078","ManuelaDavila",FALSE,FALSE,1,0,,,,,,,,,,,,,,"x25858078","ManuelaDavila","pt",,,,,,,,,,,,,,"ManuelaDavila"
"x979349667954733056",2018-03-29 13:28:50,"x2861004769","crvgmuniz","@amandinhaa028 @ManuelaDavila Você não sabe a felicidade que essa foto trás <f0><U+009F><U+0099><U+0086><U+200D><U+2640><U+FE0F><f0><U+009F><U+0098><U+008D>","Twitter for Android","x979189476445573121","x796756845608181760","amandinhaa028",FALSE,FALSE,2,1,,,,,,,,,,,,,,"x796756845608181760 25858078","amandinhaa028 ManuelaDavila","pt",,,,,,,,,,,,,,"ManuelaDavila"
"x979349264269828096",2018-03-29 13:27:14,"x1122549402","MariaAlicePavan","@ManuelaDavila São mesmo Manu. Muito bom ter você no encerramento da caravana ontem. Eu já sabia que você é GRANDE. Mas quem não sabia pode saber. Forte abraço.","Twitter for Android","x979167893073080320","x25858078","ManuelaDavila",FALSE,FALSE,1,0,,,,,,,,,,,,,,"x25858078","ManuelaDavila","pt",,,,,,,,,,,,,,"ManuelaDavila"
"x979346382363484161",2018-03-29 13:15:47,"x2641253823","izabellafrazaao","a gente precisa fazer a Manuela acontecer https://t.co/XyhX3fqlmr","Twitter for iPhone",,,,TRUE,FALSE,152,37,,,"twitter.com/manueladavila/…","https://t.co/XyhX3fqlmr","https://twitter.com/manueladavila/status/979309901985009664",,,,,,,,,,,"pt","x979309901985009664","Eu nunca imaginei que a maternidade ia transformar tanto a minha vida e que mudaria de forma tão radical a minha militância política. Todos os dias encontro uma das minhas. Uma mulher  que é mãe e que sabe exatamente do que estamos falando. <U+2764><U+FE0F><f0><U+009F><U+0091><U+008A><f0><U+009F><U+008F><U+00BD> <f0><U+009F><U+0093><U+00B8>André Rodrigues https://t.co/y73ezFjSap",,,,,,,,,,,,"ManuelaDavila"
"x979341110798581761",2018-03-29 12:54:50,"x117389897","bb_beraldo","@mizanzuk @ManuelaDavila Parabéns. Acabei de ouvir essa entrevista e achei excelente. Seria muito bom ter entrevistas assim com vários candidatos.","Twitter for Android","x979227194475122688","x223474750","mizanzuk",FALSE,FALSE,1,0,,,,,,,,,,,,,,"x223474750 25858078","mizanzuk ManuelaDavila","pt",,,,,,,,,,,,,,"ManuelaDavila"
"x979340235514568704",2018-03-29 12:51:22,"x322635029","ramonnadias","@AntiCast @ManuelaDavila @claramelo14  já falei pra ouvir podcast hj?","Twitter Web Client","x979227618041098240","x239543773","AntiCast",FALSE,FALSE,1,0,,,,,,,,,,,,,,"x239543773 25858078 201452751","AntiCast ManuelaDavila claramelo14","pt",,,,,,,,,,,,,,"ManuelaDavila"
"x979336032473763840",2018-03-29 12:34:39,"x749808721","AilzaTrajano","Em defesa  da  Democracia!  Sigamos!
#oBrasilvaivencerofascismo https://t.co/6PGMWplh4Z","Twitter Web Client",,,,TRUE,FALSE,1,0,"oBrasilvaivencerofascismo",,"twitter.com/ManuelaDavila/…","https://t.co/6PGMWplh4Z","https://twitter.com/ManuelaDavila/status/979170188582162432",,,,,,,,,,,"pt","x979170188582162432","Somos três pré-candidatos à presidência, por três partidos diferentes. Mas defendemos a democracia. #obrasilvaivenceráoódio #oBrasilvaivencerofascismo
<f0><U+009F><U+0093><U+00B7>@ricardostucker https://t.co/2aub8XN2xz",,,,,,,,,,,,"ManuelaDavila"
"x979330917402595328",2018-03-29 12:14:20,"x17340898","rogeriotomazjr","Que orgulho ter uma foto minha publicada pela guerreira @ManuelaDavila que inspira tantas mulheres (inclusive minha filha) a não se submeterem ao machismo de cada esquina que as quer fracas porque as teme fortes! Valeu, Manu! https://t.co/GSU0E4dQyI","Twitter for Android",,,,FALSE,FALSE,269,25,,,,,,"http://pbs.twimg.com/media/DZdIMXaX0AE638D.jpg","https://t.co/GSU0E4dQyI","https://twitter.com/rogeriotomazjr/status/979330917402595328/photo/1","photo","http://pbs.twimg.com/media/DZdIMXaX0AE638D.jpg http://pbs.twimg.com/media/DZdIOuQWsAAkoVc.jpg","https://t.co/GSU0E4dQyI https://t.co/GSU0E4dQyI","https://twitter.com/rogeriotomazjr/status/979330917402595328/photo/1 https://twitter.com/rogeriotomazjr/status/979330917402595328/photo/1",,"x25858078","ManuelaDavila","pt",,,,,"https://api.twitter.com/1.1/geo/id/6d5542f8d837770d.json","Curitiba","Curitiba, Brazil","city","Brazil","BR",,,"-49.3916434 -49.1852775 -49.1852775 -49.3916434 -25.6447517 -25.6447517 -25.3457471 -25.3457471","ManuelaDavila"
"x979328817058762755",2018-03-29 12:05:59,"x188975978","rafaelacalil","@ManuelaDavila vc quer meu voto? Toma eu te dou <U+2764><U+FE0F><f0><U+009F><U+008C><U+00B8>","Twitter for iPhone",,"x25858078","ManuelaDavila",FALSE,FALSE,1,0,,,,,,,,,,,,,,"x25858078","ManuelaDavila","pt",,,,,,,,,,,,,,"ManuelaDavila"
"x979323916954099712",2018-03-29 11:46:31,"x155959054","carlinha_mg02","@AntiCast com a incrível @ManuelaDavila e participação especial da Laura <U+2764>. É amor que chama, né! https://t.co/2wTNxQ8mOT","Twitter for Android",,"x239543773","AntiCast",FALSE,FALSE,1,0,,,,,,"http://pbs.twimg.com/tweet_video_thumb/DZdB58OXkAAzJF-.jpg","https://t.co/2wTNxQ8mOT","https://twitter.com/carlinha_mg02/status/979323916954099712/photo/1","photo","http://pbs.twimg.com/tweet_video_thumb/DZdB58OXkAAzJF-.jpg","https://t.co/2wTNxQ8mOT","https://twitter.com/carlinha_mg02/status/979323916954099712/photo/1",,"x239543773 25858078","AntiCast ManuelaDavila","pt",,,,,"https://api.twitter.com/1.1/geo/id/68e019afec7d0ba5.json","Sao Paulo","Sao Paulo, Brazil","city","Brazil","BR",,,"-46.826039 -46.365052 -46.365052 -46.826039 -24.008814 -24.008814 -23.356792 -23.356792","ManuelaDavila"
"x979317215651561472",2018-03-29 11:19:53,"x339142862","LFeministe","A caravana de @LulapeloBrasil foi um sucesso. Não só pelo carisma do nosso presidente, mas também pelo gesto de generosidade de @ManuelaDavila , @GuilhermeBoulos , @requiaopmdb mostrando que o fascismo se combate com diálogo, união, respeito e companheirismo. Parabéns a todos!","Twitter Web Client",,,,FALSE,FALSE,4,0,,,,,,,,,,,,,,"x2670726740 25858078 762402774260875265 95253000","LulapeloBrasil ManuelaDavila GuilhermeBoulos requiaopmdb","pt",,,,,,,,,,,,,,"ManuelaDavila"
"x979307359225999361",2018-03-29 10:40:43,"x879496078441275393","fdiegobaston","@ManuelaDavila @cynaramenezes Te amo manu! <f0><U+009F><U+0092><U+009C>","Twitter for Android","x979167893073080320","x25858078","ManuelaDavila",FALSE,FALSE,3,0,,,,,,,,,,,,,,"x25858078 74763991","ManuelaDavila cynaramenezes","es",,,,,,,,,,,,,,"ManuelaDavila"
"x979297279470440448",2018-03-29 10:00:40,"x97660481","howspayne","essa foto fez minha manhã mais feliz https://t.co/0dSHPdma7i","Twitter Lite",,,,TRUE,FALSE,1,0,,,"twitter.com/ManuelaDavila/…","https://t.co/0dSHPdma7i","https://twitter.com/ManuelaDavila/status/979170188582162432",,,,,,,,,,,"pt","x979170188582162432","Somos três pré-candidatos à presidência, por três partidos diferentes. Mas defendemos a democracia. #obrasilvaivenceráoódio #oBrasilvaivencerofascismo
<f0><U+009F><U+0093><U+00B7>@ricardostucker https://t.co/2aub8XN2xz",,,,,,,,,,,,"ManuelaDavila"
"x979255384186806272",2018-03-29 07:14:11,"x62603157","tsds1990","@mizanzuk @ManuelaDavila Que Anticast lindo com a Manuela e a Laura rs","Twitter for iPhone","x979227194475122688","x223474750","mizanzuk",FALSE,FALSE,3,1,,,,,,,,,,,,,,"x223474750 25858078","mizanzuk ManuelaDavila","pt",,,,,,,,,,,,,,"ManuelaDavila"
"x979253974330171392",2018-03-29 07:08:35,"x628984097","jullyana_m","@joao__ce MT ALEATÓRIO mas é que eu fui pesquisar sobre essa mulher agora e vim aqui lembrar o nome e acabei achando isso https://t.co/RyUotyQSkT","Twitter for Android","x976596878577094656","x473037182","joao__ce",TRUE,FALSE,1,0,,,"twitter.com/ManuelaDavila/…","https://t.co/RyUotyQSkT","https://twitter.com/ManuelaDavila/status/976247386837221377?s=19",,,,,,,,,"x473037182","joao__ce","pt","x976247386837221377","De tempos em tempos surgem 'fake news' a meu respeito. Essa mentira  patética de que eu tenho uma aliança com o PMDB é quase uma piada para quem enfrenta eles no RS e nacionalmente. Mas é bom dizer: isso tem nome. É fake news! https://t.co/wYVCJgUcMb",,,,,,,,,,,,"ManuelaDavila"
"x979252022716370944",2018-03-29 07:00:50,"x1661180402","DriCatSitter","Admiro os 3, de coração, mas meu voto é da @ManuelaDavila <U+2764> https://t.co/b0Zk059O92","Twitter for Android",,,,TRUE,FALSE,11,0,,,"twitter.com/ManuelaDavila/…","https://t.co/b0Zk059O92","https://twitter.com/ManuelaDavila/status/979170188582162432",,,,,,,,,"x25858078","ManuelaDavila","pt","x979170188582162432","Somos três pré-candidatos à presidência, por três partidos diferentes. Mas defendemos a democracia. #obrasilvaivenceráoódio #oBrasilvaivencerofascismo
<f0><U+009F><U+0093><U+00B7>@ricardostucker https://t.co/2aub8XN2xz",,,,,,,,,,,,"ManuelaDavila"
"x979227618041098240",2018-03-29 05:23:51,"x239543773","AntiCast","Para fechar a campanha #OPodcastÉDelas2018 com chave de ouro, entrevistamos @ManuelaDavila, pré-candidata à presidência do Brasil pelo PCdoB!

AntiCast 330 – Manuela d’Ávila

https://t.co/5HIScTHR2n","Twitter Web Client",,,,FALSE,FALSE,512,105,"OPodcastÉDelas2018",,"anticast.com.br/2018/03/antica…","https://t.co/5HIScTHR2n","http://anticast.com.br/2018/03/anticast/anticast-330-manuela-davila/",,,,,,,,,"x25858078","ManuelaDavila","pt",,,,,,,,,,,,,,"ManuelaDavila"
"x979226866086236160",2018-03-29 05:20:52,"x96587978","opamari","Que mulher........ https://t.co/c8IaVty5Bb","Twitter for iPhone",,,,TRUE,FALSE,18,2,,,"twitter.com/manueladavila/…","https://t.co/c8IaVty5Bb","https://twitter.com/manueladavila/status/979167893073080320",,,,,,,,,,,"pt","x979167893073080320","Nossas ideias são à prova de bala.

Foto: Guilherme Imbassay https://t.co/ya9tB137N1",,,,,,,,,,,,"ManuelaDavila"
"x979224522728595458",2018-03-29 05:11:33,"x4807642787","aquarianaxl","meu amor https://t.co/DbzHfNfhTV","Twitter for Android",,,,TRUE,FALSE,4,0,,,"twitter.com/ManuelaDavila/…","https://t.co/DbzHfNfhTV","https://twitter.com/ManuelaDavila/status/979167893073080320",,,,,,,,,,,"pt","x979167893073080320","Nossas ideias são à prova de bala.

Foto: Guilherme Imbassay https://t.co/ya9tB137N1",,,,,,,,,,,,"ManuelaDavila"
"x979170188582162432",2018-03-29 01:35:39,"x25858078","ManuelaDavila","Somos três pré-candidatos à presidência, por três partidos diferentes. Mas defendemos a democracia. #obrasilvaivenceráoódio #oBrasilvaivencerofascismo
<f0><U+009F><U+0093><U+00B7>@ricardostucker https://t.co/2aub8XN2xz","Twitter for iPhone",,,,FALSE,FALSE,3936,817,"obrasilvaivenceráoódio oBrasilvaivencerofascismo",,,,,"http://pbs.twimg.com/media/DZa2Eo6WkAA0M7c.jpg","https://t.co/2aub8XN2xz","https://twitter.com/ManuelaDavila/status/979170188582162432/photo/1","photo","http://pbs.twimg.com/media/DZa2Eo6WkAA0M7c.jpg","https://t.co/2aub8XN2xz","https://twitter.com/ManuelaDavila/status/979170188582162432/photo/1",,,,"pt",,,,,,,,,,,,,,"ManuelaDavila"
"x979079804812189696",2018-03-28 19:36:30,"x782547441543503872","eva_jkkkk","@ManuelaDavila gente, que mulher maravilhosa","Twitter for Android","x978418992401481728","x25858078","ManuelaDavila",FALSE,FALSE,1,0,,,,,,,,,,,,,,"x25858078","ManuelaDavila","pt",,,,,,,,,,,,,,"ManuelaDavila"
"x979073195868385280",2018-03-28 19:10:14,"x763103257543708672","claudiaamaral31","@ManuelaDavila @capitulinha @GuilhermeBoulos @LulapeloBrasil Ainda sei muito pouco sobre ti, mas já te admiro! Esse é o momento de unir forças!","Twitter for Android","x978972979823632384","x25858078","ManuelaDavila",FALSE,FALSE,7,0,,,,,,,,,,,,,,"x25858078 915880187014844416 762402774260875265 2670726740","ManuelaDavila capitulinha GuilhermeBoulos LulapeloBrasil","pt",,,,,,,,,,,,,,"ManuelaDavila"
"x979069045378093058",2018-03-28 18:53:45,"x298226698","FlvioLsantos","#AtentadoContraDemocracia https://t.co/bDRK8tuVB2","Twitter Web Client",,,,TRUE,FALSE,3,1,"AtentadoContraDemocracia",,"twitter.com/ManuelaDavila/…","https://t.co/bDRK8tuVB2","https://twitter.com/ManuelaDavila/status/978972979823632384",,,,,,,,,,,"und","x978972979823632384","Estaremos juntos: eu, @GuilhermeBoulos e @LulapeloBrasil hoje em Curitiba. Nossa unidade é contra o fascismo, contra a destruição do Brasil e da democracia!",,,,,,,,,,,,"ManuelaDavila"
"x979068370174861312",2018-03-28 18:51:04,"x3120204730","suckskate","UM MULHERÃO, com uma mente incrível e projetos maravilhosos. Meu voto é dela e vou apresentar ela pra todo mundo que conheço sim. Com muita fé... Futura presidenta @ManuelaDavila","Twitter for Android",,,,FALSE,FALSE,14,0,,,,,,,,,,,,,,"x25858078","ManuelaDavila","pt",,,,,,,,,,,,,,"ManuelaDavila"
"x979066972414541824",2018-03-28 18:45:31,"x923380427334746112","tilitesantos_","Pfvr @ManuelaDavila vem salvar o Brasil","Twitter for Android",,,,FALSE,FALSE,12,0,,,,,,,,,,,,,,"x25858078","ManuelaDavila","pt",,,,,,,,,,,,,,"ManuelaDavila"
"x979065128955019264",2018-03-28 18:38:11,"x934272615631523840","httpsmarquinhos","Ei mulher, vi teus projetos e meu voto já é teu @ManuelaDavila","Twitter for iPhone",,,,FALSE,FALSE,20,1,,,,,,,,,,,,,,"x25858078","ManuelaDavila","pt",,,,,,,,,,,,,,"ManuelaDavila"
"x979064266262306816",2018-03-28 18:34:45,"x976999759","CSA1103","@ManuelaDavila @GuilhermeBoulos @LulapeloBrasil Meu respeito e admiração @ManuelaDavila. Sua postura sempre fiel aos bons princípios fazem de você uma pessoa diferenciada. Seu apoio ao Presidente Lula nessa luta contra a injustiça evidenciam seu caráter. Seu futuro político será brilhante.","Twitter for Android","x978972979823632384","x25858078","ManuelaDavila",FALSE,FALSE,3,0,,,,,,,,,,,,,,"x25858078 762402774260875265 2670726740 25858078","ManuelaDavila GuilhermeBoulos LulapeloBrasil ManuelaDavila","pt",,,,,,,,,,,,,,"ManuelaDavila"
"x979024784586571776",2018-03-28 15:57:52,"x53687069","AdrianoDaltro","Minha Candidata me representa, contra o fascismo e em solidariedade a Caravana #LulaPeloSul #LulaPeloBrasil antes, primeiro a #DEMOCRACIA https://t.co/2cCkq9myqD","Twitter for iPad",,,,TRUE,FALSE,2,0,"LulaPeloSul LulaPeloBrasil DEMOCRACIA",,"twitter.com/manueladavila/…","https://t.co/2cCkq9myqD","https://twitter.com/manueladavila/status/978972979823632384",,,,,,,,,,,"pt","x978972979823632384","Estaremos juntos: eu, @GuilhermeBoulos e @LulapeloBrasil hoje em Curitiba. Nossa unidade é contra o fascismo, contra a destruição do Brasil e da democracia!",,,,,,,,,,,,"ManuelaDavila"
"x979014373183115266",2018-03-28 15:16:30,"x850251439","WellingtonUPES","@ManuelaDavila @GuilhermeBoulos @LulapeloBrasil Estamos te esperando minha presidenta!","Twitter for Android","x978972979823632384","x25858078","ManuelaDavila",FALSE,FALSE,14,0,,,,,,,,,,,,,,"x25858078 762402774260875265 2670726740","ManuelaDavila GuilhermeBoulos LulapeloBrasil","pt",,,,,,,,,,,,,,"ManuelaDavila"
"x979011116759166976",2018-03-28 15:03:34,"x27510723","Leohenrique","@oeventual @ManuelaDavila A caravana foi atingida por tiros de arma de fogo. Consegue entender a diferença entre ovos e projéteis?","Twitter for iPhone","x979009005786812418","x4431328521","oeventual",FALSE,FALSE,3,0,,,,,,,,,,,,,,"x4431328521 25858078","oeventual ManuelaDavila","pt",,,,,,,,,,,,,,"ManuelaDavila"
"x979008016514211841",2018-03-28 14:51:14,"x44025306","veliqs","Eleições livres já !!!! https://t.co/p3cpDkyIiS","Twitter Web Client",,,,TRUE,FALSE,3,0,,,"twitter.com/ManuelaDavila/…","https://t.co/p3cpDkyIiS","https://twitter.com/ManuelaDavila/status/979006471148068864",,,,,,,,,,,"pt","x979006471148068864","Exigimos eleições livres! https://t.co/ZksN44W9Dn",,,,,,,,,,,,"ManuelaDavila"
"x979007415973830656",2018-03-28 14:48:51,"x3209051422","eduinolima","Frente ampla contra o Fascismo, já! https://t.co/Is6hrxZvBx","Twitter Web Client",,,,TRUE,FALSE,2,0,,,"twitter.com/ManuelaDavila/…","https://t.co/Is6hrxZvBx","https://twitter.com/ManuelaDavila/status/979006471148068864",,,,,,,,,,,"pt","x979006471148068864","Exigimos eleições livres! https://t.co/ZksN44W9Dn",,,,,,,,,,,,"ManuelaDavila"
"x979004516573089792",2018-03-28 14:37:20,"x322436930","hardtoimaginx","@pooxanati @ManuelaDavila concordo, muito rainha mesmo ela","Twitter for Android","x979004093455839233","x265999416","pooxanati",FALSE,FALSE,1,0,,,,,,,,,,,,,,"x265999416 25858078","pooxanati ManuelaDavila","pt",,,,,,,,,,,,,,"ManuelaDavila"
"x979004093455839233",2018-03-28 14:35:39,"x265999416","pooxanati","@hardtoimaginx @ManuelaDavila Lindíssima mesmo é a minha presidenta","Twitter for Android","x979002253515329539","x322436930","hardtoimaginx",FALSE,FALSE,1,0,,,,,,,,,,,,,,"x322436930 25858078","hardtoimaginx ManuelaDavila","pt",,,,,,,,,,,,,,"ManuelaDavila"
"x979003722591240192",2018-03-28 14:34:11,"x128761827","Lordemari","Eu salvei essa foto ou essa foto me salvou? @ManuelaDavila @LulapeloBrasil https://t.co/2i0tUvgb70","Twitter for Android",,,,FALSE,FALSE,3,0,,,,,,"http://pbs.twimg.com/media/DZYera1XkAA7SeW.jpg","https://t.co/2i0tUvgb70","https://twitter.com/Lordemari/status/979003722591240192/photo/1","photo","http://pbs.twimg.com/media/DZYera1XkAA7SeW.jpg","https://t.co/2i0tUvgb70","https://twitter.com/Lordemari/status/979003722591240192/photo/1",,"x25858078 2670726740","ManuelaDavila LulapeloBrasil","pt",,,,,,,,,,,,,,"ManuelaDavila"
"x978998740622114816",2018-03-28 14:14:23,"x2843818772","eletricmind","Eu to amando essa mulher
@ManuelaDavila 

MANAS, se conscientizem sobre em quem votar! Pesquisem antes, interajam, perguntem. Nós merecemos um Brasil mais justo.

Print: site do PC do B https://t.co/LEjzaptoYu","Twitter for Android",,,,FALSE,FALSE,117,16,,,,,,"http://pbs.twimg.com/media/DZYaJTfW4AE4vcn.jpg","https://t.co/LEjzaptoYu","https://twitter.com/eletricmind/status/978998740622114816/photo/1","photo","http://pbs.twimg.com/media/DZYaJTfW4AE4vcn.jpg","https://t.co/LEjzaptoYu","https://twitter.com/eletricmind/status/978998740622114816/photo/1",,"x25858078","ManuelaDavila","pt",,,,,,,,,,,,,,"ManuelaDavila"
"x978998259099238400",2018-03-28 14:12:28,"x741199214","cgfNina","@ManuelaDavila Fascismo está ganhando corpo no Brasil desde 2013, isso precisa ser dito: foi Golpe e é fascismo","Twitter for Android","x978798033654730758","x25858078","ManuelaDavila",FALSE,FALSE,1,0,,,,,,,,,,,,,,"x25858078","ManuelaDavila","pt",,,,,,,,,,,,,,"ManuelaDavila"
"x978997998226157568",2018-03-28 14:11:26,"x914710093","saosaoart","@ManuelaDavila ótimo discurso","Twitter Web Client","x978993493904207875","x25858078","ManuelaDavila",FALSE,FALSE,5,0,,,,,,,,,,,,,,"x25858078","ManuelaDavila","pt",,,,,,,,,,,,,,"ManuelaDavila"
"x978996209779200000",2018-03-28 14:04:19,"x14383251","danielaabade","Minha presidenta. https://t.co/fp9CJJPkbP","Twitter Web Client",,,,TRUE,FALSE,31,3,,,"twitter.com/ManuelaDavila/…","https://t.co/fp9CJJPkbP","https://twitter.com/ManuelaDavila/status/978993493904207875",,,,,,,,,,,"pt","x978993493904207875","Ontem à tarde a Manu falava dos ataques q a caravana do Lula vinha sofrendo. Depois, no Paraná, o grupo foi alvejado por tiros.
(A urgência do tema nos obrigou a publicar o vídeo s/ legendas <f0><U+009F><U+0099><U+008F>)
#oBrasilVenceráoÓdio #AtentadoALula
Mande um Whats p/ receber o vídeo: (11) 961690546 https://t.co/RDL68aSwek",,,,,,,,,,,,"ManuelaDavila"
"x978991129055051777",2018-03-28 13:44:08,"x64485818","ineshypolito","@ManuelaDavila @GuilhermeBoulos @LulapeloBrasil Parabéns,  com o fascismo não se brinca!","Twitter for Android","x978972979823632384","x25858078","ManuelaDavila",FALSE,FALSE,4,0,,,,,,,,,,,,,,"x25858078 762402774260875265 2670726740","ManuelaDavila GuilhermeBoulos LulapeloBrasil","pt",,,,,,,,,,,,,,"ManuelaDavila"
"x978989273130008576",2018-03-28 13:36:46,"x846544863562792962","Mariana23243840","Lindo!!!!! O momento é de UNIÃO contra o fascismo!!!!!!! https://t.co/YUNNYRPaTU","Twitter Lite",,,,TRUE,FALSE,3,0,,,"twitter.com/ManuelaDavila/…","https://t.co/YUNNYRPaTU","https://twitter.com/ManuelaDavila/status/978972979823632384",,,,,,,,,,,"pt","x978972979823632384","Estaremos juntos: eu, @GuilhermeBoulos e @LulapeloBrasil hoje em Curitiba. Nossa unidade é contra o fascismo, contra a destruição do Brasil e da democracia!",,,,,,,,,,,,"ManuelaDavila"
"x978985491612782593",2018-03-28 13:21:44,"x61351021","BlubliPlutao","@ManuelaDavila @GuilhermeBoulos @LulapeloBrasil Aí coisinha linda. Tu me da tanta esperança que até tenho vontade de trabalhar na sua campanha <U+2764>","Twitter for Android","x978972979823632384","x25858078","ManuelaDavila",FALSE,FALSE,5,0,,,,,,,,,,,,,,"x25858078 762402774260875265 2670726740","ManuelaDavila GuilhermeBoulos LulapeloBrasil","pt",,,,,,,,,,,,,,"ManuelaDavila"
"x978985251052621825",2018-03-28 13:20:47,"x3298697535","sravenenosa","ERA PRA TODOS SE UNIREM PRA APOIAR A CANDIDATURA DE MANU, GRRRR 

Meu sonho uma chapa composta por Manu e Guajajara <f0><U+009F><U+0098><U+008D> https://t.co/cErNS0vMvM","Twitter for Android",,,,TRUE,FALSE,2,0,,,"twitter.com/ManuelaDavila/…","https://t.co/cErNS0vMvM","https://twitter.com/ManuelaDavila/status/978972979823632384",,,,,,,,,,,"pt","x978972979823632384","Estaremos juntos: eu, @GuilhermeBoulos e @LulapeloBrasil hoje em Curitiba. Nossa unidade é contra o fascismo, contra a destruição do Brasil e da democracia!",,,,,,,,,,,,"ManuelaDavila"
"x978985001348976640",2018-03-28 13:19:47,"x4469657115","SheilaM1998","<f0><U+009F><U+0091><U+008F><f0><U+009F><U+0091><U+008F><f0><U+009F><U+0091><U+008F><f0><U+009F><U+0091><U+008F><f0><U+009F><U+0091><U+008F> https://t.co/JfcSROByTL","Twitter for Android",,,,TRUE,FALSE,1,0,,,"twitter.com/ManuelaDavila/…","https://t.co/JfcSROByTL","https://twitter.com/ManuelaDavila/status/978972979823632384",,,,,,,,,,,"und","x978972979823632384","Estaremos juntos: eu, @GuilhermeBoulos e @LulapeloBrasil hoje em Curitiba. Nossa unidade é contra o fascismo, contra a destruição do Brasil e da democracia!",,,,,,,,,,,,"ManuelaDavila"
"x978984824760426497",2018-03-28 13:19:05,"x80678838","GivaldoVieira","Isso não é democracia. @ManuelaDavila @PCdoB_Oficial @LulapeloBrasil 

https://t.co/rBcWWP6kKw","Twitter Web Client",,,,FALSE,FALSE,21,5,,,"brasil247.com/pt/247/rs247/3…","https://t.co/rBcWWP6kKw","https://www.brasil247.com/pt/247/rs247/348936/Manuela-condena-atentado-contra-Lula-fascismo-quer-matar-quem-pensa-diferente.htm",,,,,,,,,"x25858078 54312869 2670726740","ManuelaDavila PCdoB_Oficial LulapeloBrasil","pt",,,,,,,,,,,,,,"ManuelaDavila"
"x978979336907870210",2018-03-28 12:57:17,"x79023463","lulurolim","@ManuelaDavila @marcossibulka @GuilhermeBoulos @LulapeloBrasil Esquerda unida contra o fascimo!","Twitter for Android","x978972979823632384","x25858078","ManuelaDavila",FALSE,FALSE,8,0,,,,,,,,,,,,,,"x25858078 132007506 762402774260875265 2670726740","ManuelaDavila marcossibulka GuilhermeBoulos LulapeloBrasil","pt",,,,,,,,,,,,,,"ManuelaDavila"
"x978978521187045376",2018-03-28 12:54:02,"x62449089","NatanOMattos","@ManuelaDavila @GuilhermeBoulos @LulapeloBrasil Fantástico!!! Que a esquerda esqueça suas diferenças e se una! A cadela do fascismo está sempre no cio, cabe a nós combatê-la.","Twitter for iPhone","x978972979823632384","x25858078","ManuelaDavila",FALSE,FALSE,12,1,,,,,,,,,,,,,,"x25858078 762402774260875265 2670726740","ManuelaDavila GuilhermeBoulos LulapeloBrasil","pt",,,,,,,,,,,,,,"ManuelaDavila"
"x978977945430773760",2018-03-28 12:51:45,"x29762744","renatamagalhaes","Era hora de unir forças e lutar contra o fascismo. https://t.co/Ne7ooH1THB","Twitter for iPhone",,,,TRUE,FALSE,4,0,,,"twitter.com/manueladavila/…","https://t.co/Ne7ooH1THB","https://twitter.com/manueladavila/status/978972979823632384",,,,,,,,,,,"pt","x978972979823632384","Estaremos juntos: eu, @GuilhermeBoulos e @LulapeloBrasil hoje em Curitiba. Nossa unidade é contra o fascismo, contra a destruição do Brasil e da democracia!",,,,,,,,,,,,"ManuelaDavila"
"x978977565523238912",2018-03-28 12:50:14,"x23604272","afabianepereira","<f0><U+009F><U+0091><U+008F><f0><U+009F><U+0091><U+008F><f0><U+009F><U+0091><U+008F><f0><U+009F><U+0091><U+008F><f0><U+009F><U+0091><U+008F><f0><U+009F><U+0091><U+008F><f0><U+009F><U+0091><U+008F> https://t.co/rYf3YYVNb7","Twitter for Android",,,,TRUE,FALSE,1,0,,,"twitter.com/ManuelaDavila/…","https://t.co/rYf3YYVNb7","https://twitter.com/ManuelaDavila/status/978972979823632384",,,,,,,,,,,"und","x978972979823632384","Estaremos juntos: eu, @GuilhermeBoulos e @LulapeloBrasil hoje em Curitiba. Nossa unidade é contra o fascismo, contra a destruição do Brasil e da democracia!",,,,,,,,,,,,"ManuelaDavila"
"x978973534272749568",2018-03-28 12:34:13,"x98233249","MARCOPENA13","Que notícia maravilhosa. <U+2764><U+FE0F> https://t.co/a38uHed8WI","Twitter Web Client",,,,TRUE,FALSE,12,1,,,"twitter.com/ManuelaDavila/…","https://t.co/a38uHed8WI","https://twitter.com/ManuelaDavila/status/978972979823632384",,,,,,,,,,,"pt","x978972979823632384","Estaremos juntos: eu, @GuilhermeBoulos e @LulapeloBrasil hoje em Curitiba. Nossa unidade é contra o fascismo, contra a destruição do Brasil e da democracia!",,,,,,,,,,,,"ManuelaDavila"
"x978957895273508865",2018-03-28 11:32:05,"x80683954","pregadorodrigo","A desinformados que acreditam que o Chuchu é de Centro kkkkkkkk https://t.co/krgs0thbfF","Twitter Lite",,,,TRUE,FALSE,2,1,,,"twitter.com/ManuelaDavila/…","https://t.co/krgs0thbfF","https://twitter.com/ManuelaDavila/status/978934290485534720",,,,,,,,,,,"pt","x978934290485534720","Quando eu digo que não existe candidato de centro nessa eleição. Taí: o “centro” ultra direita  justificando faroeste. #obrasilvaivenveroodio #obrasilvaivencerofascismo https://t.co/z6KFfYStJm",,,,,,,,,,,,"ManuelaDavila"
"x978942958073507840",2018-03-28 10:32:43,"x549750711","SigaFrank","@ManuelaDavila @RolimMarcos O marido dela era o Sargento e sobreviveu. Caroline era Soldado. <f0><U+009F><U+0098><U+0089>","Twitter for Android","x978942654774996992","x25858078","ManuelaDavila",FALSE,FALSE,3,0,,,,,,,,,,,,,,"x25858078 83493801","ManuelaDavila RolimMarcos","pt",,,,,,,,,,,,,,"ManuelaDavila"
"x978936443992199168",2018-03-28 10:06:50,"x60985936","Bruno_Splash","Essa noite sonhei com @ManuelaDavila presidente. Quem nos dera viu","Twitter for Android",,,,FALSE,FALSE,5,0,,,,,,,,,,,,,,"x25858078","ManuelaDavila","pt",,,,,,,,,,,,,,"ManuelaDavila"
"x978936283564265472",2018-03-28 10:06:12,"x307642132","bianca_hsm","@ManuelaDavila que mulher...<U+2764>","Twitter Lite",,"x25858078","ManuelaDavila",FALSE,FALSE,1,0,,,,,,,,,,,,,,"x25858078","ManuelaDavila","pt",,,,,,,,,,,,,,"ManuelaDavila"
"x978924783776751617",2018-03-28 09:20:30,"x62080673","eusouatoa","caralho, onde estamos indo parar. https://t.co/lRNwDzLJQF","Twitter Web Client",,,,TRUE,FALSE,2,0,,,"twitter.com/ManuelaDavila/…","https://t.co/lRNwDzLJQF","https://twitter.com/ManuelaDavila/status/978798033654730758",,,,,,,,,,,"pt","x978798033654730758","4 tiros contra a caravana de Lula. O nome disso é atentado. O nome disso é fascismo.",,,,,,,,,,,,"ManuelaDavila"
"x978860529526755328",2018-03-28 05:05:11,"x46887521","itsjuhb_","Olha, vejam as pages da @ManuelaDavila, se informem e vamo colocar essa mulher no poder!","Twitter for Android",,,,FALSE,FALSE,2,0,,,,,,,,,,,,,,"x25858078","ManuelaDavila","pt",,,,,,,,,,,,,,"ManuelaDavila"
"x978857802008494087",2018-03-28 04:54:20,"x942768836419387394","_Obtuso","PRA GALERA Q TA ACREDITANDO  LEVANDO FÉ EM FAKE NEWs toma ai explicadinho <f0><U+009F><U+008C><U+00BB> https://t.co/1Az3QdF8tJ","Twitter for Android",,,,TRUE,FALSE,2,1,,,"twitter.com/ManuelaDavila/…","https://t.co/1Az3QdF8tJ","https://twitter.com/ManuelaDavila/status/978311209421242368",,,,,,,,,,,"pt","x978311209421242368","Aliança com o PMDB? 
FAKE NEWS! <U+274C>
FAKE NEWS! <U+274C>
FAKE NEWS! <U+274C>

O foco deve ser: quem financia essas notícias falsas?!

Quer receber esse vídeo pelo WhatsApp? Manda uma mensagem para o nosso número <U+27A1><U+FE0F> (11) 96169-0546 https://t.co/Be4yuWXB5B",,,,,,,,,,,,"ManuelaDavila"
"x978815939838955521",2018-03-28 02:08:00,"x1175430350","itzcapshaw","@ManuelaDavila quer meu voto princesa? eu te dou <U+2764><U+FE0F>","Twitter for iPhone","x978721874162184192","x25858078","ManuelaDavila",FALSE,FALSE,1,0,,,,,,,,,,,,,,"x25858078","ManuelaDavila","pt",,,,,,,,,,,,,,"ManuelaDavila"
"x978815440184102912",2018-03-28 02:06:01,"x372425105","Naoapurrinha","Eu devia ter continuado off e na rua. Cada dia mais assustador as notícias. https://t.co/ind5uno5X1","Twitter for Android",,,,TRUE,FALSE,1,0,,,"twitter.com/ManuelaDavila/…","https://t.co/ind5uno5X1","https://twitter.com/ManuelaDavila/status/978798033654730758",,,,,,,,,,,"pt","x978798033654730758","4 tiros contra a caravana de Lula. O nome disso é atentado. O nome disso é fascismo.",,,,,,,,,,,,"ManuelaDavila"
"x978809949970227200",2018-03-28 01:44:12,"x52505617","PauloShetara","@ManuelaDavila Já discordei de você aqui! Mas acho isso uma vergonha! Que a guerra seja nas ideias Manu!","Twitter for iPhone","x978798033654730758","x25858078","ManuelaDavila",FALSE,FALSE,2,0,,,,,,,,,,,,,,"x25858078","ManuelaDavila","pt",,,,,,,,,,,,,,"ManuelaDavila"
"x978799626638757888",2018-03-28 01:03:10,"x971610565033512960","MaraFreitas30","E continua... Democracia cade? Ditadura tá logo ali https://t.co/U7KGB2ghnk","Twitter for Android",,,,TRUE,FALSE,3,0,,,"twitter.com/ManuelaDavila/…","https://t.co/U7KGB2ghnk","https://twitter.com/ManuelaDavila/status/978798033654730758",,,,,,,,,,,"pt","x978798033654730758","4 tiros contra a caravana de Lula. O nome disso é atentado. O nome disso é fascismo.",,,,,,,,,,,,"ManuelaDavila"
"x978798786893017089",2018-03-28 00:59:50,"x2269073059","Tbellisariow","Manuela eu te venero https://t.co/q1GtOHRq1E","Twitter for Android",,,,TRUE,FALSE,1,0,,,"twitter.com/ManuelaDavila/…","https://t.co/q1GtOHRq1E","https://twitter.com/ManuelaDavila/status/978798033654730758",,,,,,,,,,,"es","x978798033654730758","4 tiros contra a caravana de Lula. O nome disso é atentado. O nome disso é fascismo.",,,,,,,,,,,,"ManuelaDavila"
"x978798676725334016",2018-03-28 00:59:24,"x2432407056","pouconha","Ta foda ser esquerdista nessa porra https://t.co/B8uh22Wa42","Twitter Lite",,,,TRUE,FALSE,2,1,,,"twitter.com/ManuelaDavila/…","https://t.co/B8uh22Wa42","https://twitter.com/ManuelaDavila/status/978798033654730758",,,,,,,,,,,"pt","x978798033654730758","4 tiros contra a caravana de Lula. O nome disso é atentado. O nome disso é fascismo.",,,,,,,,,,,,"ManuelaDavila"
"x978797036903464960",2018-03-28 00:52:53,"x41293908","hideiuke","jesus q bizarro essa frase dele https://t.co/d0VDXfINMN","Twitter Web Client",,,,TRUE,FALSE,1,0,,,"twitter.com/ManuelaDavila/…","https://t.co/d0VDXfINMN","https://twitter.com/ManuelaDavila/status/978438257632522240",,,,,,,,,,,"es","x978438257632522240","Acho que é isso que querem dizer quando falam que os homens amadurecem mais devagar... <f0><U+009F><U+0098><U+0082><f0><U+009F><U+0098><U+0082><f0><U+009F><U+0098><U+0082>
(contém ironia <f0><U+009F><U+0098><U+008F>) https://t.co/9ubm0MjDU0",,,,,,,,,,,,"ManuelaDavila"
"x978796991860834304",2018-03-28 00:52:42,"x25847441","rabellera_","@ManuelaDavila a galera ta perdendo a linha mesmo, espumando de ódio, culpando o PT pelas escolhas de merda que fizeram na vida","Twitter for iPad","x978792741210648576","x25858078","ManuelaDavila",FALSE,FALSE,2,0,,,,,,,,,,,,,,"x25858078","ManuelaDavila","pt",,,,,,,,,,,,,,"ManuelaDavila"
"x978795758769012736",2018-03-28 00:47:48,"x158155889","AugustoVilelaP","Que loucura estão fazendo no Brasil, que vergonha dessa elite! https://t.co/tOLsMyzIrk","Twitter for Android",,,,TRUE,FALSE,4,1,,,"twitter.com/ManuelaDavila/…","https://t.co/tOLsMyzIrk","https://twitter.com/ManuelaDavila/status/978755740474269696",,,,,,,,,,,"pt","x978755740474269696","Falei sobre isso na sexta, falei sobre isso hoje na tribuna. O fascismo quer calar quem pensa diferente, quer matar quem pensa diferente. Não é petismo, não é lulismo. Hoje é um tiro contra  a caravana de Lula, o líder das pesquisas de opinião no Brasil, amanhã em quem? https://t.co/yWIHN6hbPd",,,,,,,,,,,,"ManuelaDavila"
"x978794629909962753",2018-03-28 00:43:19,"x823750136123756544","VanessaPeinado9","#AtentadoContraLula https://t.co/2IHD0uXJrp","Twitter for Android",,,,TRUE,FALSE,1,0,"AtentadoContraLula",,"twitter.com/ManuelaDavila/…","https://t.co/2IHD0uXJrp","https://twitter.com/ManuelaDavila/status/978792741210648576",,,,,,,,,,,"und","x978792741210648576","O Brasil precisa derrotar o fascismo e o ódio! https://t.co/sM4skbQDRV",,,,,,,,,,,,"ManuelaDavila"
"x978787068087357440",2018-03-28 00:13:16,"x164833294","yurialves1","@ManuelaDavila Perdão, são pessoas como Manuela que trazem, a esperança ao Brasil, de uma forma extraordinária, simples e complexa, perfeitamente pura.","Twitter for Android","x978785868201824256","x25858078","ManuelaDavila",FALSE,FALSE,1,0,,,,,,,,,,,,,,"x25858078","ManuelaDavila","pt",,,,,,,,,,,,,,"ManuelaDavila"
"x978786043330691074",2018-03-28 00:09:12,"x164833294","yurialves1","@ManuelaDavila Obrigado por vc existir!","Twitter for Android","x978635046746640384","x25858078","ManuelaDavila",FALSE,FALSE,1,0,,,,,,,,,,,,,,"x25858078","ManuelaDavila","pt",,,,,,,,,,,,,,"ManuelaDavila"
"x978785783439077381",2018-03-28 00:08:10,"x248902241","josias31oc","Já avisei que meu voto é da @ManuelaDavila? 
Bom, tá avisado. 
#Manu2018","Twitter Lite",,,,FALSE,FALSE,9,2,"Manu2018",,,,,,,,,,,,,"x25858078","ManuelaDavila","pt",,,,,,,,,,,,,,"ManuelaDavila"
"x978785528312160256",2018-03-28 00:07:09,"x164833294","yurialves1","@ManuelaDavila São pessoas como Manuela que traz de volta a esperança no Brasil e no ser humano.","Twitter for Android","x978635046746640384","x25858078","ManuelaDavila",FALSE,FALSE,1,0,,,,,,,,,,,,,,"x25858078","ManuelaDavila","pt",,,,,,,,,,,,,,"ManuelaDavila"
"x978783097645944833",2018-03-27 23:57:30,"x779014360043773952","Gessikkkkk1","@ManuelaDavila Dá até vontade de votar agora","Twitter for Android","x978418992401481728","x25858078","ManuelaDavila",FALSE,FALSE,1,0,,,,,,,,,,,,,,"x25858078","ManuelaDavila","pt",,,,,,,,,,,,,,"ManuelaDavila"
"x978773186039787520",2018-03-27 23:18:06,"x50134577","reny_renata","Parem os facistas!!! https://t.co/APhKY4YRiJ","Twitter for iPhone",,,,TRUE,FALSE,3,0,,,"twitter.com/manueladavila/…","https://t.co/APhKY4YRiJ","https://twitter.com/manueladavila/status/978755906518298625",,,,,,,,,,,"pt","x978755906518298625","<U+261D> :: URGENTE :: Um dos ônibus da Caravana #LulaPeloSul acaba de ser atingido por tiro no caminho entre Quedas do Iguaçu e Laranjeiras do Sul, no Paraná. Ninguém foi ferido. Acompanhe em tempo real os acontecimentos da caravana: https://t.co/pAetG1VQ8n",,,"https://api.twitter.com/1.1/geo/id/01864a8a64df9dc4.json","Melbourne","Melbourne, Victoria","city","Australia","AU",,,"144.593741856 145.512528832 145.512528832 144.593741856 -38.433859306 -38.433859306 -37.5112737225 -37.5112737225","ManuelaDavila"
"x978770891374059521",2018-03-27 23:08:59,"x426731738","1dfeatlylas","@ManuelaDavila Quer meu voto? Eu te dou!! Que mulher incrível","Twitter for Android","x978418992401481728","x25858078","ManuelaDavila",FALSE,FALSE,1,0,,,,,,,,,,,,,,"x25858078","ManuelaDavila","pt",,,,,,,,,,,,,,"ManuelaDavila"
"x978762708077162496",2018-03-27 22:36:28,"x304092926","orlandosilva","Isto é #facismo e não será tolerado! Não vão intimidar quem tem na luta a razão da vida! https://t.co/9isxO2OFiV","Twitter for iPhone",,,,TRUE,FALSE,15,13,"facismo",,"twitter.com/manueladavila/…","https://t.co/9isxO2OFiV","https://twitter.com/manueladavila/status/978755740474269696",,,,,,,,,,,"pt","x978755740474269696","Falei sobre isso na sexta, falei sobre isso hoje na tribuna. O fascismo quer calar quem pensa diferente, quer matar quem pensa diferente. Não é petismo, não é lulismo. Hoje é um tiro contra  a caravana de Lula, o líder das pesquisas de opinião no Brasil, amanhã em quem? https://t.co/yWIHN6hbPd",,,,,,,,,,,,"ManuelaDavila"
"x978761029218897920",2018-03-27 22:29:48,"x45167446","thiagomoro65","Não vou amanhã no ato do pré-candidato a presidência do PSL aqui em Ponta Grossa. Nem no ato pró, nem no ato contra! Vou no ato quando vier minha pré-candidata @ManuelaDavila e espero que respeitem minha opção, respeitem a democracia assim como faço com todos!","Twitter for Android",,,,FALSE,FALSE,3,1,,,,,,,,,,,,,,"x25858078","ManuelaDavila","pt",,,,,"https://api.twitter.com/1.1/geo/id/062364f1745605a7.json","Ponta Grossa","Ponta Grossa, Brasil","city","Brazil","BR",,,"-50.458669 -49.683355 -49.683355 -50.458669 -25.4036341 -25.4036341 -24.891016 -24.891016","ManuelaDavila"
"x978757007707660291",2018-03-27 22:13:49,"x338566041","Princesa_Sumaia","@ManuelaDavila Se a manu me respondeu, deve ser pq vou ganhar a eleição IQNAJANAH","Twitter Lite","x978716708256002049","x25858078","ManuelaDavila",FALSE,FALSE,2,0,,,,,,,,,,,,,,"x25858078","ManuelaDavila","pt",,,,,,,,,,,,,,"ManuelaDavila"
"x978756708163051520",2018-03-27 22:12:38,"x2317732118","SamuelMizael","Por essas e outras, sigo satisfeito de estar do lado certo. https://t.co/G8IFFtmKE8","Twitter Web Client",,,,TRUE,FALSE,10,0,,,"twitter.com/ManuelaDavila/…","https://t.co/G8IFFtmKE8","https://twitter.com/ManuelaDavila/status/978755740474269696",,,,,,,,,,,"pt","x978755740474269696","Falei sobre isso na sexta, falei sobre isso hoje na tribuna. O fascismo quer calar quem pensa diferente, quer matar quem pensa diferente. Não é petismo, não é lulismo. Hoje é um tiro contra  a caravana de Lula, o líder das pesquisas de opinião no Brasil, amanhã em quem? https://t.co/yWIHN6hbPd",,,,,,,,,,,,"ManuelaDavila"
"x978753412266373120",2018-03-27 21:59:32,"x17626655","escricco","@ManuelaDavila MBL que é a mesma coisa que esse tal de NOVO aí que de novo não tem nada.","Twitter for Android","x978618021173497857","x25858078","ManuelaDavila",FALSE,FALSE,1,0,,,,,,,,,,,,,,"x25858078","ManuelaDavila","pt",,,,,,,,,,,,,,"ManuelaDavila"
"x978750104596295681",2018-03-27 21:46:23,"x3040632856","a_alejc","Esse MBL deveria ser banido, que grupinho esdrúxulo. https://t.co/635Lgt1D1X","Twitter for Android",,,,TRUE,FALSE,2,0,,,"twitter.com/ManuelaDavila/…","https://t.co/635Lgt1D1X","https://twitter.com/ManuelaDavila/status/978618021173497857",,,,,,,,,,,"pt","x978618021173497857","Por que essa notícia não me surpreende?

https://t.co/qaS1V9iYCm",,,,,,,,,,,,"ManuelaDavila"
"x978741613664112641",2018-03-27 21:12:39,"x248818201","heitoriglesias","eu teria uma Crush esquerdista se ela fosse tipo a Manuela, inteligente, bem humorada... mas nem minha barba comunista ajuda kakakakakakakak https://t.co/ORPgb7y4uG","Twitter Web Client",,,,TRUE,FALSE,3,0,,,"twitter.com/ManuelaDavila/…","https://t.co/ORPgb7y4uG","https://twitter.com/ManuelaDavila/status/978740229975748608",,,,,,,,,,,"pt","x978740229975748608","Os outros 6 gols estamos guardando para a Copa <f0><U+009F><U+00A4><U+00A9><f0><U+009F><U+0098><U+0088><f0><U+009F><U+0098><U+0088><f0><U+009F><U+0098><U+0088> hahahaha

#Brasil #BrasilEAlemanha #futebol <U+26BD><U+FE0F><f0><U+009F><U+0087><U+00A7><f0><U+009F><U+0087><U+00B7> https://t.co/etXRIKSsOj",,,,,,,,,,,,"ManuelaDavila"
"x978741454368538625",2018-03-27 21:12:01,"x2337155514","sparklesbiitch","uma ícone dessas https://t.co/hBOU4mNhjT","Twitter Web Client",,,,TRUE,FALSE,1,0,,,"twitter.com/ManuelaDavila/…","https://t.co/hBOU4mNhjT","https://twitter.com/ManuelaDavila/status/978722942401040386",,,,,,,,,,,"pt","x978722942401040386","Filho por filho, lanço a Laura! Ela entende o principal: o amor e afeto são as melhores partes dos seres humanos <f0><U+009F><U+0091><U+008A><f0><U+009F><U+008F><U+00BD><U+2764><U+FE0F> https://t.co/VdbkL5yJk7",,,,,,,,,,,,"ManuelaDavila"
"x978741371543617537",2018-03-27 21:11:41,"x2863972552","crvgluizaa","@ManuelaDavila Lindissima falou tudo","Twitter for iPhone","x978740229975748608","x25858078","ManuelaDavila",FALSE,FALSE,3,0,,,,,,,,,,,,,,"x25858078","ManuelaDavila","pt",,,,,,,,,,,,,,"ManuelaDavila"
"x978740916306546688",2018-03-27 21:09:53,"x15678859","marcotritapepe","@ManuelaDavila Tem meu voto <f0><U+009F><U+0098><U+008D>","Twitter Web Client","x978740229975748608","x25858078","ManuelaDavila",FALSE,FALSE,3,0,,,,,,,,,,,,,,"x25858078","ManuelaDavila","pt",,,,,,,,,,,,,,"ManuelaDavila"
"x978740705957904385",2018-03-27 21:09:03,"x772996072872574976","mauinamine3","@ManuelaDavila Calma deputada, foi um time longe do titular esse da Alemanha, mas foi bão!","Twitter for Android","x978740229975748608","x25858078","ManuelaDavila",FALSE,FALSE,1,0,,,,,,,,,,,,,,"x25858078","ManuelaDavila","pt",,,,,,,,,,,,,,"ManuelaDavila"
"x978740685527449601",2018-03-27 21:08:58,"x167894718","guuhzeta","@ManuelaDavila manu vc é linda 

com todo respeito claro","Twitter for iPhone","x978740229975748608","x25858078","ManuelaDavila",FALSE,FALSE,2,0,,,,,,,,,,,,,,"x25858078","ManuelaDavila","pt",,,,,,,,,,,,,,"ManuelaDavila"
"x978739717289267202",2018-03-27 21:05:07,"x275167837","Gracyeely","@ManuelaDavila Minha nossa presidenta como você é linda <U+2764><U+2764><U+2764> https://t.co/lX5osB3ala","Twitter for Android","x978736607305052160","x25858078","ManuelaDavila",FALSE,FALSE,1,0,,,,,,"http://pbs.twimg.com/media/DZUuksiWsAQSBqD.jpg","https://t.co/lX5osB3ala","https://twitter.com/Gracyeely/status/978739717289267202/photo/1","photo","http://pbs.twimg.com/media/DZUuksiWsAQSBqD.jpg","https://t.co/lX5osB3ala","https://twitter.com/Gracyeely/status/978739717289267202/photo/1",,"x25858078","ManuelaDavila","pt",,,,,,,,,,,,,,"ManuelaDavila"
"x978738970317246464",2018-03-27 21:02:09,"x806315325671219201","effycongrossi","Vocês acham que é coincidencia o meu aniversário ser no mesmo dia do dia mundial do teatro? Sempre disse que nasci atriz. https://t.co/DrNb6iCMYn","Twitter for iPhone",,,,TRUE,FALSE,7,0,,,"twitter.com/manueladavila/…","https://t.co/DrNb6iCMYn","https://twitter.com/manueladavila/status/978736607305052160",,,,,,,,,,,"pt","x978736607305052160","Hoje é o Dia Mundial do Teatro! <f0><U+009F><U+008E><U+00AD><f0><U+009F><U+008E><U+0089><f0><U+009F><U+00A4><U+00A1>

<f0><U+009F><U+00A4><U+0097><f0><U+009F><U+0091><U+008F><f0><U+009F><U+0091><U+008F><f0><U+009F><U+0091><U+008F> https://t.co/aQSGWguhpT",,,,,,,,,,,,"ManuelaDavila"
"x978727131466420224",2018-03-27 20:15:06,"x964944942786326530","pimentelcs","@ManuelaDavila Comecemos a campanha: Laura presidenta!","Twitter Web Client","x978722942401040386","x25858078","ManuelaDavila",FALSE,FALSE,4,0,,,,,,,,,,,,,,"x25858078","ManuelaDavila","pt",,,,,,,,,,,,,,"ManuelaDavila"
"x978725490633658368",2018-03-27 20:08:35,"x924649066193149954","debb_xavier","@ManuelaDavila nem é gente, é anjo
é isto","Twitter for Android",,"x25858078","ManuelaDavila",FALSE,FALSE,1,0,,,,,,,,,,,,,,"x25858078","ManuelaDavila","pt",,,,,,,,,,,,,,"ManuelaDavila"
"x978723414717423621",2018-03-27 20:00:20,"x3392162057","lucaasbaal","@ManuelaDavila Essa minha presidente é só rajada &lt;3","Twitter Web Client","x978722942401040386","x25858078","ManuelaDavila",FALSE,FALSE,4,0,,,,,,,,,,,,,,"x25858078","ManuelaDavila","pt",,,,,,,,,,,,,,"ManuelaDavila"
"x978689624267722752",2018-03-27 17:46:04,"x843952830532800512","joonhoseok_","@forumpandlr Gente olham as propostas da @ManuelaDavila ela  é um candidata a presidência https://t.co/cM9qAogHK1","Twitter for Android","x978688100401475584","x787361839827062788","forumpandlr",FALSE,FALSE,70,9,,,,,,"http://pbs.twimg.com/media/DZUA7CmXUAA8cPv.jpg","https://t.co/cM9qAogHK1","https://twitter.com/joonhoseok_/status/978689624267722752/photo/1","photo","http://pbs.twimg.com/media/DZUA7CmXUAA8cPv.jpg http://pbs.twimg.com/media/DZUA_t8WkAEFR67.jpg","https://t.co/cM9qAogHK1 https://t.co/cM9qAogHK1","https://twitter.com/joonhoseok_/status/978689624267722752/photo/1 https://twitter.com/joonhoseok_/status/978689624267722752/photo/1",,"x787361839827062788 25858078","forumpandlr ManuelaDavila","pt",,,,,,,,,,,,,,"ManuelaDavila"
"x978672860951703553",2018-03-27 16:39:27,"x841640517578444800","jujudusilek","@ManuelaDavila meu voto já é seu!!! <U+2764><U+FE0F>","Twitter for iPhone","x978418992401481728","x25858078","ManuelaDavila",FALSE,FALSE,1,0,,,,,,,,,,,,,,"x25858078","ManuelaDavila","pt",,,,,,,,,,,,,,"ManuelaDavila"
"x978669677256863744",2018-03-27 16:26:48,"x16230835","cheiadegrace","@ManuelaDavila Toma meu voto, sua linda!","Twitter for Android","x978418992401481728","x25858078","ManuelaDavila",FALSE,FALSE,1,0,,,,,,,,,,,,,,"x25858078","ManuelaDavila","pt",,,,,,,,,,,,,,"ManuelaDavila"
"x978668688231542784",2018-03-27 16:22:52,"x871105533239058432","heinzewn","Meu Deus @ManuelaDavila tá muito no meu coração bicho","Twitter for Android",,,,FALSE,FALSE,7,0,,,,,,,,,,,,,,"x25858078","ManuelaDavila","pt",,,,,,,,,,,,,,"ManuelaDavila"
"x978666267270885376",2018-03-27 16:13:15,"x122111781","FansBrasil4","@ManuelaDavila @Canedo linda corajosa e de esquerda<f0><U+009F><U+0098><U+009A>","Twitter for Android","x978635046746640384","x25858078","ManuelaDavila",FALSE,FALSE,1,0,,,,,,,,,,,,,,"x25858078 156374454","ManuelaDavila Canedo","pt",,,,,,,,,,,,,,"ManuelaDavila"
"x978659249625681920",2018-03-27 15:45:22,"x2498842308","GiGisaAraujo","@ManuelaDavila meu sonho é assistir um debate teu com o Bolsonaro, só pra ver o pisão que tu vai dar nele. Te venero mulher","Twitter for Android",,"x25858078","ManuelaDavila",FALSE,FALSE,1,0,,,,,,,,,,,,,,"x25858078","ManuelaDavila","pt",,,,,,,,,,,,,,"ManuelaDavila"
"x978650079786565640",2018-03-27 15:08:56,"x749046315036844032","monteirolira2","@ManuelaDavila lindíssima, quer meu voto? eu te dou","Twitter for Android","x978418992401481728","x25858078","ManuelaDavila",FALSE,FALSE,1,0,,,,,,,,,,,,,,"x25858078","ManuelaDavila","pt",,,,,,,,,,,,,,"ManuelaDavila"
"x978642686998704128",2018-03-27 14:39:33,"x978621511790710784","Adria_qr","// Minha grande, ela me inspira! <f0><U+009F><U+0091><U+008A><U+2764> @ManuelaDavila
#manu2018 #TercaComTsunamiSDV https://t.co/wjio2pG4F8","Twitter for Android",,,,FALSE,FALSE,48,7,"manu2018 TercaComTsunamiSDV",,,,,"http://pbs.twimg.com/media/DZTWVeHWAAAK9wh.jpg","https://t.co/wjio2pG4F8","https://twitter.com/Adria_qr/status/978642686998704128/photo/1","photo","http://pbs.twimg.com/media/DZTWVeHWAAAK9wh.jpg","https://t.co/wjio2pG4F8","https://twitter.com/Adria_qr/status/978642686998704128/photo/1",,"x25858078","ManuelaDavila","pt",,,,,,,,,,,,,,"ManuelaDavila"
"x978639720900124672",2018-03-27 14:27:46,"x391072901","progiuri","@ManuelaDavila chegou a 4 mil no periscope","Twitter Web Client",,"x25858078","ManuelaDavila",FALSE,FALSE,1,0,,,,,,,,,,,,,,"x25858078","ManuelaDavila","pt",,,,,,,,,,,,,,"ManuelaDavila"
"x978636110925582342",2018-03-27 14:13:25,"x148779846","1goledetequila","@ManuelaDavila Imagina essa mulher na presidência do País? Meu coração chega a errar as batidas de tanto orgulho <f0><U+009F><U+0092><U+0099>","Twitter for Android","x978635046746640384","x25858078","ManuelaDavila",FALSE,FALSE,5,0,,,,,,,,,,,,,,"x25858078","ManuelaDavila","pt",,,,,,,,,,,,,,"ManuelaDavila"
"x978629348747079680",2018-03-27 13:46:33,"x525330154","kccsprouses","@ManuelaDavila Deusa meu voto pra presidente já é seu","Twitter for Android","x978629088050106368","x25858078","ManuelaDavila",FALSE,FALSE,7,0,,,,,,,,,,,,,,"x25858078","ManuelaDavila","pt",,,,,,,,,,,,,,"ManuelaDavila"
"x978627803020251137",2018-03-27 13:40:24,"x79278818","dilgenova","@ManuelaDavila Oi Manu, manda um bj e um bom dia pra mim, sou teu fã!","Twitter Lite","x978626816746409984","x25858078","ManuelaDavila",FALSE,FALSE,1,0,,,,,,,,,,,,,,"x25858078","ManuelaDavila","pt",,,,,,,,,,,,,,"ManuelaDavila"
"x978623788777656322",2018-03-27 13:24:27,"x263827162","marquitufas","Caralho, até eu tinha acreditado. Fake News é foda. https://t.co/SZTcpbtEMl","Twitter for Android",,,,TRUE,FALSE,2,0,,,"twitter.com/ManuelaDavila/…","https://t.co/SZTcpbtEMl","https://twitter.com/ManuelaDavila/status/978311209421242368",,,,,,,,,,,"pt","x978311209421242368","Aliança com o PMDB? 
FAKE NEWS! <U+274C>
FAKE NEWS! <U+274C>
FAKE NEWS! <U+274C>

O foco deve ser: quem financia essas notícias falsas?!

Quer receber esse vídeo pelo WhatsApp? Manda uma mensagem para o nosso número <U+27A1><U+FE0F> (11) 96169-0546 https://t.co/Be4yuWXB5B",,,,,,,,,,,,"ManuelaDavila"
"x978622845109579777",2018-03-27 13:20:42,"x3374146252","meninasimas","@ManuelaDavila já sei em quem vou votar, certeza","Twitter for iPhone","x978418992401481728","x25858078","ManuelaDavila",FALSE,FALSE,2,0,,,,,,,,,,,,,,"x25858078","ManuelaDavila","pt",,,,,,,,,,,,,,"ManuelaDavila"
"x978618902698758145",2018-03-27 13:05:02,"x51487372","MadMaxyne","Ai gente a @ManuelaDavila é muito presidenta goals","Twitter for iPhone",,,,FALSE,FALSE,18,0,,,,,,,,,,,,,,"x25858078","ManuelaDavila","pt",,,,,,,,,,,,,,"ManuelaDavila"
"x978617540963454977",2018-03-27 12:59:38,"x2506314862","hsgropen","@ManuelaDavila Queria saber na sua opinião, qual você acha que é a melhor forma de te ajudar na sua campanha? :) <U+2661>","Twitter for Android",,"x25858078","ManuelaDavila",FALSE,FALSE,2,0,,,,,,,,,,,,,,"x25858078","ManuelaDavila","pt",,,,,,,,,,,,,,"ManuelaDavila"
"x978613811187011585",2018-03-27 12:44:49,"x288519018","look_me_down","@ManuelaDavila Lindissima, falou tudo. Você quer o mundo ? eu lhe dou https://t.co/4K4Icm42fy","Twitter Web Client","x978418992401481728","x25858078","ManuelaDavila",FALSE,FALSE,2,0,,,,,,"http://pbs.twimg.com/media/DZS8D3QWAAMZC9n.jpg","https://t.co/4K4Icm42fy","https://twitter.com/look_me_down/status/978613811187011585/photo/1","photo","http://pbs.twimg.com/media/DZS8D3QWAAMZC9n.jpg","https://t.co/4K4Icm42fy","https://twitter.com/look_me_down/status/978613811187011585/photo/1",,"x25858078","ManuelaDavila","pt",,,,,,,,,,,,,,"ManuelaDavila"
"x978612431126761473",2018-03-27 12:39:19,"x628292465","ReginaSalomo","O que houve com o perfil da @manudeputada ? O twitter diz q esse usuário não existe. Mudou?","Twitter Web Client",,,,FALSE,FALSE,3,1,,,,,,,,,,,,,,,,"pt",,,,,,,,,,,,,,"ManuelaDavila"
"x978608575647027200",2018-03-27 12:24:00,"x331695092","fireyeollie","@ManuelaDavila @wjeonsomi que mulher bixo
quer meu voto anjo? eu te dou <U+2764>","Twitter for Android","x978418992401481728","x25858078","ManuelaDavila",FALSE,FALSE,2,0,,,,,,,,,,,,,,"x25858078 4351471215","ManuelaDavila wjeonsomi","pt",,,,,,,,,,,,,,"ManuelaDavila"
"x978596502275874817",2018-03-27 11:36:02,"x986940464","htalixo","@ManuelaDavila Lindissima quer meu voto? Eu te dou quer o mundo? Eu te dou também","Twitter for iPhone","x978418992401481728","x25858078","ManuelaDavila",FALSE,FALSE,1,0,,,,,,,,,,,,,,"x25858078","ManuelaDavila","pt",,,,,,,,,,,,,,"ManuelaDavila"
"x978593913295527938",2018-03-27 11:25:44,"x3690582075","DeltoNeves","@ManuelaDavila @ManuelaDavila não é o país que não tem jeito, é o ser humano! Achar obsceno amamentar? Obsceno é salário mínimo.","Twitter for Android","x978422621074280448","x25858078","ManuelaDavila",FALSE,FALSE,1,0,,,,,,,,,,,,,,"x25858078 25858078","ManuelaDavila ManuelaDavila","pt",,,,,,,,,,,,,,"ManuelaDavila"
"x978591413578424320",2018-03-27 11:15:49,"x748978544429109248","retardissdois","@ManuelaDavila Lindíssima falou tudo. Quer meu voto? já tem","Twitter for Android","x978418992401481728","x25858078","ManuelaDavila",FALSE,FALSE,1,0,,,,,,,,,,,,,,"x25858078","ManuelaDavila","pt",,,,,,,,,,,,,,"ManuelaDavila"
"x978589449360756736",2018-03-27 11:08:00,"x65055140","manucastelo1","Boa @manudeputada https://t.co/Y9ovx5LiWH","Twitter Web Client",,,,TRUE,FALSE,2,0,,,"twitter.com/ManuelaDavila/…","https://t.co/Y9ovx5LiWH","https://twitter.com/ManuelaDavila/status/978438257632522240",,,,,,,,,,,"und","x978438257632522240","Acho que é isso que querem dizer quando falam que os homens amadurecem mais devagar... <f0><U+009F><U+0098><U+0082><f0><U+009F><U+0098><U+0082><f0><U+009F><U+0098><U+0082>
(contém ironia <f0><U+009F><U+0098><U+008F>) https://t.co/9ubm0MjDU0",,,,,,,,,,,,"ManuelaDavila"
"x978584458709426176",2018-03-27 10:48:10,"x59149154","Arth2009","O fascismo na alma.
Desalentador. https://t.co/V4I2GHLcHX","Twitter for Android",,,,TRUE,FALSE,1,0,,,"twitter.com/ManuelaDavila/…","https://t.co/V4I2GHLcHX","https://twitter.com/ManuelaDavila/status/978571226229760000",,,,,,,,,,,"pt","x978571226229760000","Se a saída não passa por eleições passa por qual espaço? Assustador! https://t.co/KGoQHhrThn",,,,,,,,,,,,"ManuelaDavila"
"x978583346627231744",2018-03-27 10:43:45,"x82092741","carlosmdutra","Manuela e Dino conversando e eu aqui só observando meus amorzinho se relacionando https://t.co/VkLg17IXZV","Twitter for iPhone",,,,TRUE,FALSE,3,0,,,"twitter.com/manueladavila/…","https://t.co/VkLg17IXZV","https://twitter.com/manueladavila/status/978571226229760000",,,,,,,,,,,"pt","x978571226229760000","Se a saída não passa por eleições passa por qual espaço? Assustador! https://t.co/KGoQHhrThn",,,,,,,,,,,,"ManuelaDavila"
"x978575503316652032",2018-03-27 10:12:35,"x624284176","MarcosSousa85","Meu Governador!!! https://t.co/RaLcn4lBVo","Twitter Web Client",,,,TRUE,FALSE,1,0,,,"twitter.com/ManuelaDavila/…","https://t.co/RaLcn4lBVo","https://twitter.com/ManuelaDavila/status/978571226229760000",,,,,,,,,,,"pt","x978571226229760000","Se a saída não passa por eleições passa por qual espaço? Assustador! https://t.co/KGoQHhrThn",,,,,,,,,,,,"ManuelaDavila"
"x978571572146507776",2018-03-27 09:56:58,"x849248245364781056","nickwazevedo","GENTE OLHA ESSA MULHER, VCS TÃO VENDO????? ELA DEVERIA GOVERNAR NOSSO PAÍS EMM https://t.co/0taEnFzzGY","Twitter for Android",,,,TRUE,FALSE,100,13,,,"twitter.com/ManuelaDavila/…","https://t.co/0taEnFzzGY","https://twitter.com/ManuelaDavila/status/978438257632522240",,,,,,,,,,,"pt","x978438257632522240","Acho que é isso que querem dizer quando falam que os homens amadurecem mais devagar... <f0><U+009F><U+0098><U+0082><f0><U+009F><U+0098><U+0082><f0><U+009F><U+0098><U+0082>
(contém ironia <f0><U+009F><U+0098><U+008F>) https://t.co/9ubm0MjDU0",,,,,,,,,,,,"ManuelaDavila"
"x978518821907718144",2018-03-27 06:27:21,"x33411030","tibraga","@ManuelaDavila Deu certo depois... é que é difícil do celular, mas funcionou já.","Twitter Web Client","x977327625680052224","x25858078","ManuelaDavila",FALSE,FALSE,1,0,,,,,,,,,,,,,,"x25858078","ManuelaDavila","pt",,,,,,,,,,,,,,"ManuelaDavila"
"x978502347340107776",2018-03-27 05:21:53,"x854185273688821760","NandaMatinnyOfi","Minha candidata a Presidente <U+2764><U+2764><U+2764> https://t.co/BpMBPoShWG","Twitter for Android",,,,TRUE,FALSE,7,0,,,"twitter.com/ManuelaDavila/…","https://t.co/BpMBPoShWG","https://twitter.com/ManuelaDavila/status/978411250471272450",,,,,,,,,,,"pt","x978411250471272450","Manu: ""Defendo uma nova política de drogas. Acredito q a atual política de drogas é um fracasso, pq nós perdemos 60 mil vidas/ano. Não perdemos isso por causa da dependência química. Jovens estão sendo exterminados nessa guerra. Mas ñ podemos cair só no discurso da tributação"".",,,,,,,,,,,,"ManuelaDavila"
"x978465042952851456",2018-03-27 02:53:39,"x67737121","dvdpradel","Queria muito que nova presidenta fosse a @ManuelaDavila","Twitter for iPhone",,,,FALSE,FALSE,19,3,,,,,,,,,,,,,,"x25858078","ManuelaDavila","pt",,,,,,,,,,,,,,"ManuelaDavila"
"x978463250680549376",2018-03-27 02:46:32,"x25577585","FlavioDino","Muito esquisita essa nova hierarquia  que um juiz ensinou hoje: agentes públicos permanentes (???) são superiores aos agentes públicos temporários. Aqueles são deuses, pois só assim realmente permanentes. Os demais são humanos. Estarrecedor.","Twitter for iPhone",,,,FALSE,FALSE,1996,737,,,,,,,,,,,,,,,,"pt",,,,,,,,,,,,,,"ManuelaDavila"
"x978463181692723200",2018-03-27 02:46:16,"x433579498","fionnrolezeiro","@ManuelaDavila Quer meu voto eu te dou <U+2661>","Twitter for Android","x978418992401481728","x25858078","ManuelaDavila",FALSE,FALSE,1,0,,,,,,,,,,,,,,"x25858078","ManuelaDavila","pt",,,,,,,,,,,,,,"ManuelaDavila"
"x978462426025857024",2018-03-27 02:43:15,"x3060793198","concurseiraest1","@ManuelaDavila @lolaescreva Admiro demais o trabalho da @lolaescreva <f0><U+009F><U+0091><U+008F><f0><U+009F><U+008F><U+00BC><f0><U+009F><U+0091><U+008F><f0><U+009F><U+008F><U+00BC><f0><U+009F><U+0091><U+008F><f0><U+009F><U+008F><U+00BC><f0><U+009F><U+0091><U+008F><f0><U+009F><U+008F><U+00BC>","Twitter for iPhone","x978391730654535681","x25858078","ManuelaDavila",FALSE,FALSE,5,1,,,,,,,,,,,,,,"x25858078 182573469 182573469","ManuelaDavila lolaescreva lolaescreva","pt",,,,,,,,,,,,,,"ManuelaDavila"
"x978460614044549121",2018-03-27 02:36:03,"x748696270370471936","ilusmcabeyo","@ManuelaDavila acho que eu tô apaixonada","Twitter for Android","x978418992401481728","x25858078","ManuelaDavila",FALSE,FALSE,1,0,,,,,,,,,,,,,,"x25858078","ManuelaDavila","pt",,,,,,,,,,,,,,"ManuelaDavila"
"x978460182652080129",2018-03-27 02:34:21,"x338566041","Princesa_Sumaia","Hoje fui no debate político sobre economia da @ManuelaDavila na ufrgs. Eu como uma estudante de economia da ufrgs, concorrendo para coordenadora do DAECA e uma pessoa que quer trabalhar com política pensava o debate todo ""quero ser essa mulher quando crescer"" obg por esse momento","Twitter Lite",,,,FALSE,FALSE,110,4,,,,,,,,,,,,,,"x25858078","ManuelaDavila","pt",,,,,,,,,,,,,,"ManuelaDavila"
"x978455651918733312",2018-03-27 02:16:20,"x588347783","Ce_Go_Mo","Paulistano sofre... https://t.co/s8vWTRFPv4","Twitter Web Client",,,,TRUE,FALSE,1,0,,,"twitter.com/manudeputada/s…","https://t.co/s8vWTRFPv4","https://twitter.com/manudeputada/status/978438257632522240",,,,,,,,,,,"pt","x978438257632522240","Acho que é isso que querem dizer quando falam que os homens amadurecem mais devagar... <f0><U+009F><U+0098><U+0082><f0><U+009F><U+0098><U+0082><f0><U+009F><U+0098><U+0082>
(contém ironia <f0><U+009F><U+0098><U+008F>) https://t.co/9ubm0MjDU0",,,,,,,,,,,,"ManuelaDavila"
"x978455522901921792",2018-03-27 02:15:50,"x53687069","AdrianoDaltro","Candidata tão perfeita, tão perfeita, que confessa que erra! #Manu2018 https://t.co/h43ZpKcRjw","Twitter for iPad",,,,TRUE,FALSE,2,0,"Manu2018",,"twitter.com/manudeputada/s…","https://t.co/h43ZpKcRjw","https://twitter.com/manudeputada/status/978388626106191872",,,,,,,,,,,"pt","x978388626106191872","Nos perdoa, 'Braséeeeeel'? <f0><U+009F><U+00A4><U+0097><U+2764><U+FE0F> Tivemos um probleminha no YouTube e não conseguimos fazer a live hoje. Mas a Manu mandou um beijo pra vocês e diz que nos próximos vai estar tudo perfeito para as transmissões, tá, gente? <U+2764><U+FE0F><f0><U+009F><U+0093><U+00BD><U+FE0F><f0><U+009F><U+008E><U+00AC><f0><U+009F><U+00A4><U+00B3><f0><U+009F><U+0098><U+00AC>

#equipe https://t.co/gX7XnXGytu",,,,,,,,,,,,"ManuelaDavila"
"x978455081103380490",2018-03-27 02:14:04,"x55003384","tiagoroseta","Costumo chamar Rodrigo Maia de ""Presidente Sessão da Tarde""... agora vamos ter o prefeito ""Criança na Disney"" em SP https://t.co/eFmskW8ng9","Twitter Web Client",,,,TRUE,FALSE,1,2,,,"twitter.com/manudeputada/s…","https://t.co/eFmskW8ng9","https://twitter.com/manudeputada/status/978438257632522240",,,,,,,,,,,"pt","x978438257632522240","Acho que é isso que querem dizer quando falam que os homens amadurecem mais devagar... <f0><U+009F><U+0098><U+0082><f0><U+009F><U+0098><U+0082><f0><U+009F><U+0098><U+0082>
(contém ironia <f0><U+009F><U+0098><U+008F>) https://t.co/9ubm0MjDU0",,,,,,,,,,,,"ManuelaDavila"
