"status_id","created_at","user_id","screen_name","text","source","reply_to_status_id","reply_to_user_id","reply_to_screen_name","is_quote","is_retweet","favorite_count","retweet_count","hashtags","symbols","urls_url","urls_t.co","urls_expanded_url","media_url","media_t.co","media_expanded_url","media_type","ext_media_url","ext_media_t.co","ext_media_expanded_url","ext_media_type","mentions_user_id","mentions_screen_name","lang","quoted_status_id","quoted_text","retweet_status_id","retweet_text","place_url","place_name","place_full_name","place_type","country","country_code","geo_coords","coords_coords","bbox_coords","favorited_by"
"x978260485870116864",2018-03-26 13:20:49,"x870030409890910210","meirelles","Tive a alegria de participar de um grande encontro, com mais de 5 mil gerentes do Banco do Brasil<U+200B> e falar a eles sobre o que acredito ser o papel dos líderes nesse momento de profunda transformação do país.

Foi muito bom estar aí! O Brasil <f0><U+009F><U+0087><U+00A7><f0><U+009F><U+0087><U+00B7> conta com vocês. https://t.co/u2qxvjCuFL","Twitter Web Client",,,,FALSE,FALSE,131,15,,,,,,"http://pbs.twimg.com/ext_tw_video_thumb/978256297824079872/pu/img/XiMU4qwXXv7ZQpyL.jpg","https://t.co/u2qxvjCuFL","https://twitter.com/meirelles/status/978260485870116864/video/1","photo","http://pbs.twimg.com/ext_tw_video_thumb/978256297824079872/pu/img/XiMU4qwXXv7ZQpyL.jpg","https://t.co/u2qxvjCuFL","https://twitter.com/meirelles/status/978260485870116864/video/1",,,,"pt",,,,,,,,,,,,,,"meirelles"
"x975735447350636551",2018-03-19 14:07:13,"x870030409890910210","meirelles","Dando início às atividades do G-20 aqui em Buenos Aires. A primeira reunião com ministros de finanças dos países do grupo foi sobre a situação da Venezuela. Temas como comércio internacional e investidores em infraestrutura serão prioridades na agenda. #G20 https://t.co/eLRnQwYkgd","Twitter Web Client",,,,FALSE,FALSE,134,30,"G20",,,,,"http://pbs.twimg.com/media/DYqBcrGW0AEg9ny.jpg","https://t.co/eLRnQwYkgd","https://twitter.com/meirelles/status/975735447350636551/photo/1","photo","http://pbs.twimg.com/media/DYqBcrGW0AEg9ny.jpg","https://t.co/eLRnQwYkgd","https://twitter.com/meirelles/status/975735447350636551/photo/1",,,,"pt",,,,,,,,,,,,,,"meirelles"
"x975013469165637633",2018-03-17 14:18:20,"x870030409890910210","meirelles","O agronegócio brasileiro é um exemplo de produtividade e competência. Estive em #Cuiabá esta semana dialogando com esse setor tão importante da nossa economia que deverá bater recordes de produção em 2018. https://t.co/7DUOnDijsh","Twitter Web Client",,,,FALSE,FALSE,155,33,"Cuiabá",,,,,"http://pbs.twimg.com/ext_tw_video_thumb/975010918013767681/pu/img/_tY7f0-9DSTOAuul.jpg","https://t.co/7DUOnDijsh","https://twitter.com/meirelles/status/975013469165637633/video/1","photo","http://pbs.twimg.com/ext_tw_video_thumb/975010918013767681/pu/img/_tY7f0-9DSTOAuul.jpg","https://t.co/7DUOnDijsh","https://twitter.com/meirelles/status/975013469165637633/video/1",,,,"pt",,,,,,,,,,,,,,"meirelles"
"x956570012789215232",2018-01-25 16:50:37,"x870030409890910210","meirelles","Mais um dia de muito trabalho no Fórum Econômico Mundial. No vídeo, um resumo das atividades de hoje direto de Davos. https://t.co/Qcu7WOFEyl","Twitter Web Client",,,,FALSE,FALSE,285,37,,,,,,"http://pbs.twimg.com/ext_tw_video_thumb/956567041275760640/pu/img/w7-pZwUwVmLF3O3l.jpg","https://t.co/Qcu7WOFEyl","https://twitter.com/meirelles/status/956570012789215232/video/1","photo","http://pbs.twimg.com/ext_tw_video_thumb/956567041275760640/pu/img/w7-pZwUwVmLF3O3l.jpg","https://t.co/Qcu7WOFEyl","https://twitter.com/meirelles/status/956570012789215232/video/1",,,,"pt",,,,,,,,,,,,,,"meirelles"
"x956489966086959104",2018-01-25 11:32:33,"x870030409890910210","meirelles","Compartilho trecho da entrevista que concedi à rede americana @CNBC. A importância das reformas e as projeções de crescimento para a economia brasileira em 2018 estiveram em pauta. https://t.co/AAGe05UUnp","Twitter Web Client",,,,FALSE,FALSE,392,80,,,,,,"http://pbs.twimg.com/ext_tw_video_thumb/956486200914862080/pu/img/fredCVKaUJ6jv6t-.jpg","https://t.co/AAGe05UUnp","https://twitter.com/meirelles/status/956489966086959104/video/1","photo","http://pbs.twimg.com/ext_tw_video_thumb/956486200914862080/pu/img/fredCVKaUJ6jv6t-.jpg","https://t.co/AAGe05UUnp","https://twitter.com/meirelles/status/956489966086959104/video/1",,"x20402945","CNBC","pt",,,,,,,,,,,,,,"meirelles"
"x941628896423931904",2017-12-15 11:19:58,"x18286139","reinaldoazevedo","https://t.co/PTMPiCcvdT","Twitter Web Client",,,,FALSE,FALSE,92,24,,,"www3.redetv.uol.com.br/blog/reinaldo/…","https://t.co/PTMPiCcvdT","http://www3.redetv.uol.com.br/blog/reinaldo/post/aqui-integra-da-entrevista-exclusiva-que-meirelles-me-concedeu-nesta-5a-abaixo-uma-sintese-dos-temas-de-que-ele-tratou/",,,,,,,,,,,"und",,,,,,,,,,,,,,"meirelles"
"x901203319074455553",2017-08-25 22:03:09,"x1722541195","WTODGAZEVEDO","Fiquei muito contente com o encontro e com a perspectiva de uma ainda maior integração do Brasil no comércio. Vamos continuar esse diálogo. https://t.co/gV7UKOfiaT","Twitter for iPhone",,,,TRUE,FALSE,19,2,,,"twitter.com/meirelles/stat…","https://t.co/gV7UKOfiaT","https://twitter.com/meirelles/status/901167608753512449",,,,,,,,,,,"pt","x901167608753512449","Estive há pouco com o Diretor Geral da OMC, @WTODGAZEVEDO, e discutimos a evolução do comércio mundial e da economia brasileira #OMC https://t.co/M18oN9Bau5",,,,,,,,,,,,"meirelles"
