"user_id","name","screen_name","location","description","url","protected","followers_count","friends_count","listed_count","statuses_count","favourites_count","account_created_at","verified","profile_url","profile_expanded_url","account_lang","profile_banner_url","profile_background_url","profile_image_url"
"x44005522","Planalto","planalto","Brasília-DF","Perfil oficial. Acompanhe em tempo real notícias e bastidores do Palácio do Planalto e da Presidência da República.","https://t.co/jgOXivah6B",FALSE,748834,761,2548,56870,775,2009-06-01 23:41:56,TRUE,"https://t.co/jgOXivah6B","http://www2.planalto.gov.br/","pt","https://pbs.twimg.com/profile_banners/44005522/1522089248","http://pbs.twimg.com/profile_background_images/473464199071272962/PlQj88X_.png","http://pbs.twimg.com/profile_images/978339430867128320/HB4PPcVy_normal.jpg"
"x253034260","ICMBio","ICMBio","Brasília, DF","Twitter oficial do Instituto Chico Mendes de Conservação da Biodiversidade - ICMBio.","http://t.co/NtUkM9uhfm",FALSE,9847,74,118,4970,170,2011-02-16 12:27:31,FALSE,"http://t.co/NtUkM9uhfm","http://www.icmbio.gov.br","pt","https://pbs.twimg.com/profile_banners/253034260/1496781513","http://pbs.twimg.com/profile_background_images/378800000072826826/674595e82ad070203453d4016ce3a37b.jpeg","http://pbs.twimg.com/profile_images/788438632847859712/52Qdy0_I_normal.jpg"
"x86320511","MDB Nacional","PMDB_Nacional","Brasil","MDB - Movimento Democrático Brasileiro - O maior Partido do Brasil - acompanhe!","https://t.co/bJUAUoaKtQ",FALSE,429536,602,448,31753,4187,2009-10-30 14:11:46,TRUE,"https://t.co/bJUAUoaKtQ","http://www.pmdb.org.br","pt","https://pbs.twimg.com/profile_banners/86320511/1522248146","http://pbs.twimg.com/profile_background_images/473470440837369856/QRg38dGO.jpeg","http://pbs.twimg.com/profile_images/943174545132965889/XkfkHQzW_normal.jpg"
"x33248363","Sylvia A. Earle","SylviaEarle","Oakland, CA","Oceanographer, National Geographic Explorer-In-Residence, Founder of @MissionBlue and 2009 TED Prize Winner. Saving and restoring the blue heart of the planet!","http://t.co/NuegDtDS93",FALSE,112448,541,1709,2630,201,2009-04-19 17:00:00,TRUE,"http://t.co/NuegDtDS93","http://www.mission-blue.org","en","https://pbs.twimg.com/profile_banners/33248363/1490195435","http://pbs.twimg.com/profile_background_images/474386664425406465/9N1pBmPB.jpeg","http://pbs.twimg.com/profile_images/474387958770827265/bMSP311X_normal.jpeg"
"x123339012","ForçaAéreaBrasileira","portalfab","Brasília, Brasil","Bem-vindo ao twitter oficial da Força Aérea Brasileira!
Brazilian Air Force official account","https://t.co/rcXrtImFCG",FALSE,134590,350,481,24214,18528,2010-03-15 19:43:08,TRUE,"https://t.co/rcXrtImFCG","http://www.fab.mil.br/","pt","https://pbs.twimg.com/profile_banners/123339012/1522237781","http://pbs.twimg.com/profile_background_images/512281561903816704/yOJMNSRf.jpeg","http://pbs.twimg.com/profile_images/915215284369227777/pMt1vR9R_normal.jpg"
"x523331076","Min.Transportes","mintransportes","Brasília, Brasil","Perfil oficial do Ministério dos Transportes, Portos e Aviação Civil do Brasil <f0><U+009F><U+0087><U+00A7><f0><U+009F><U+0087><U+00B7>","https://t.co/ambCBYWlgs",FALSE,13443,502,80,6045,1922,2012-03-13 14:46:41,TRUE,"https://t.co/ambCBYWlgs","http://www.transportes.gov.br","pt","https://pbs.twimg.com/profile_banners/523331076/1519329708","http://pbs.twimg.com/profile_background_images/466225672713547777/kOmrCbA_.jpeg","http://pbs.twimg.com/profile_images/960854117253033985/iKB2WNaF_normal.jpg"
"x62606094","Governo do RJ","GovRJ","Rio de Janeiro","Perfil oficial do Governo do Estado","https://t.co/FHkUBPZBTP",FALSE,380511,235,820,36743,1662,2009-08-03 19:56:04,TRUE,"https://t.co/FHkUBPZBTP","http://www.governo.rj.gov.br/","pt","https://pbs.twimg.com/profile_banners/62606094/1424613406","http://pbs.twimg.com/profile_background_images/810116055/81611779a1f29fe7643a1a8b37caf3f7.jpeg","http://pbs.twimg.com/profile_images/950729034442461184/2b78cAqV_normal.jpg"
"x870030409890910210","Henrique Meirelles","meirelles","Brasília, Brasil","Ministro da Fazenda do Brasil /  Finance Minister of Brazil","https://t.co/7wlfFqNi1P",FALSE,37416,173,297,499,7,2017-05-31 21:33:08,TRUE,"https://t.co/7wlfFqNi1P","http://fazenda.gov.br","pt","https://pbs.twimg.com/profile_banners/870030409890910210/1520258262",,"http://pbs.twimg.com/profile_images/970849677645148160/YeWha1ly_normal.jpg"
"x74014934","Raul Jungmann","Raul_Jungmann","Brasília, Brasil","Perfil do ministro da Segurança Pública do Brasil, Raul Jungmann","http://t.co/2MI8vhzf8k",FALSE,15018,358,402,13653,204,2009-09-14 00:34:32,FALSE,"http://t.co/2MI8vhzf8k","http://Facebook.com/rauljungmann","pt","https://pbs.twimg.com/profile_banners/74014934/1481568029","http://abs.twimg.com/images/themes/theme19/bg.gif","http://pbs.twimg.com/profile_images/847061086453075969/Ql2Fl0Cd_normal.jpg"
"x124864954","Guilherme Kepler","GuilhermeKepler","Porto Alegre","filho da Dona Lena e do Seu Mário, repórter na @RdGuaibaOficial e produtor executivo na @RecordTV_press / @rederecordrs",,FALSE,2966,1008,27,9290,506,2010-03-20 21:11:38,FALSE,,,"pt","https://pbs.twimg.com/profile_banners/124864954/1436815479","http://abs.twimg.com/images/themes/theme14/bg.gif","http://pbs.twimg.com/profile_images/970801998839910400/OnTTYEWv_normal.jpg"
"x2803116508","Jéssica Moraes","jessicamoraees_","Porto Alegre","Jornalista | Repórter na @RdGuaibaOficial","https://t.co/W5pYi5z1Wf",FALSE,2669,844,26,7768,2800,2014-10-03 23:23:41,FALSE,"https://t.co/W5pYi5z1Wf","http://www.radioguaiba.com.br","pt","https://pbs.twimg.com/profile_banners/2803116508/1508158284","http://abs.twimg.com/images/themes/theme1/bg.png","http://pbs.twimg.com/profile_images/969170759254933505/sxKbn5Br_normal.jpg"
"x39621636","Eliseu Padilha","EliseuPadilha","Brasil","Ministro-Chefe da Casa Civil, advogado, empresário e político. Vice-presidente Nacional do PMDB e Vice-presidente da Fundação Ulysses Guimarães.","https://t.co/1yeWOY2kXt",FALSE,19254,939,227,8876,259,2009-05-12 23:04:11,TRUE,"https://t.co/1yeWOY2kXt","http://www.eliseupadilha.com.br","pt","https://pbs.twimg.com/profile_banners/39621636/1477265466","http://pbs.twimg.com/profile_background_images/408946772/eliseu_padilha_twitter_facebook.jpg","http://pbs.twimg.com/profile_images/890970990586593280/s5PqdTp4_normal.jpg"
"x984776930","News RedeTV!","NewsRedeTV","Catanduva-SP","@RedeTV <U+2665><U+FE0F>",,FALSE,4111,88,8,9272,13977,2012-12-02 15:01:11,FALSE,,,"pt","https://pbs.twimg.com/profile_banners/984776930/1499200288","http://abs.twimg.com/images/themes/theme16/bg.gif","http://pbs.twimg.com/profile_images/962060181826764800/6VUNtBTn_normal.jpg"
"x17850880","RedeTV!","RedeTV","São Paulo","Olá, eu sou a RedeTV!","https://t.co/0JjaEnmGfW",FALSE,319522,65,913,600290,4214,2008-12-03 22:12:42,TRUE,"https://t.co/0JjaEnmGfW","http://www.redetv.uol.com.br","pt","https://pbs.twimg.com/profile_banners/17850880/1518801741","http://abs.twimg.com/images/themes/theme14/bg.gif","http://pbs.twimg.com/profile_images/964602686829101056/v0qm7aDf_normal.jpg"
"x861707648584085504","Governo do Brasil","governodobrasil","","Bem-vindo(a)! Aqui, você vê como as nossas ações e resultados aparecem no seu dia a dia. Somos o Governo do Brasil. Siga e participe.<U+263A>","https://t.co/BYWyqmc5e7",FALSE,64430,344,114,13250,891,2017-05-08 22:21:28,TRUE,"https://t.co/BYWyqmc5e7","http://www.brasil.gov.br/","pt","https://pbs.twimg.com/profile_banners/861707648584085504/1522088985",,"http://pbs.twimg.com/profile_images/978338366570811395/WvBDr8Xn_normal.jpg"
"x52467382","Mariana Godoy","mariana_godoy","São Paulo, Brasil","alguém que não perde a esperança https://t.co/FThiTXGF4L",,FALSE,428236,514,2240,58972,4559,2009-06-30 18:02:12,TRUE,,,"en","https://pbs.twimg.com/profile_banners/52467382/1514062611","http://pbs.twimg.com/profile_background_images/656207562107408384/GwT8xpkT.jpg","http://pbs.twimg.com/profile_images/944673171948670977/sDaJjxc1_normal.jpg"
"x216777909","Planejamento.gov.br","planejamentobr","Brasília, DF, Brasil","Perfil oficial do Ministério do Planejamento, Desenvolvimento e Gestão no Twitter.","http://t.co/ZQ8Ud7QUYj",FALSE,324016,315,749,11570,3727,2010-11-17 17:58:17,TRUE,"http://t.co/ZQ8Ud7QUYj","http://www.planejamento.gov.br","pt","https://pbs.twimg.com/profile_banners/216777909/1519417328","http://pbs.twimg.com/profile_background_images/707199639905308672/-YL3Uh9k.jpg","http://pbs.twimg.com/profile_images/967130747525091328/uokZz3Tk_normal.jpg"
"x281572031","Desenvolvimento Soc.","MinSocial","","Perfil oficial do Ministério do Desenvolvimento Social. Brasília, DF - https://t.co/e2tvVSC45y",,FALSE,69249,222,262,16256,1434,2011-04-13 14:59:18,TRUE,,,"pt","https://pbs.twimg.com/profile_banners/281572031/1522267972","http://abs.twimg.com/images/themes/theme13/bg.gif","http://pbs.twimg.com/profile_images/979089064535183360/c9K-m77__normal.jpg"
"x37717107","Ministério da Saúde","minsaude","Brasil, Brasília","Perfil oficial de divulgação de programas, campanhas e relacionamento com o usuário. Siga-nos nas redes: https://t.co/xmOigN1T2d","https://t.co/BbtNTX5xFm",FALSE,666673,650,2707,126835,10075,2009-05-04 18:11:59,TRUE,"https://t.co/BbtNTX5xFm","http://www.blog.saude.gov.br","pt","https://pbs.twimg.com/profile_banners/37717107/1522072892","http://pbs.twimg.com/profile_background_images/469544986535415809/2UsE_tqf.jpeg","http://pbs.twimg.com/profile_images/978270619426066432/-Xvfkw3J_normal.jpg"
"x2803613940","Min_Agricultura","Min_Agricultura","Brasília, Brasil","Governo Federal","https://t.co/nnIJqMc6g9",FALSE,5625,161,50,1350,10,2014-09-11 12:55:29,FALSE,"https://t.co/nnIJqMc6g9","http://www.agricultura.gov.br","pt","https://pbs.twimg.com/profile_banners/2803613940/1519229150","http://abs.twimg.com/images/themes/theme1/bg.png","http://pbs.twimg.com/profile_images/966343263446818821/Wq4DEGiB_normal.jpg"
"x188841819","Min. Minas e Energia","Minas_Energia","Brasília, DF","Twitter Oficial do Ministério de Minas e Energia. Acesse nosso site https://t.co/ZIX0ljo3B1 e curta nossa página do Facebook: https://t.co/xadOXjRA8d","http://t.co/jm5fCB0C0O",FALSE,91078,163,489,1609,110,2010-09-09 18:31:59,TRUE,"http://t.co/jm5fCB0C0O","http://www.mme.gov.br","pt","https://pbs.twimg.com/profile_banners/188841819/1519396576","http://pbs.twimg.com/profile_background_images/158820569/HOME_TWITTER_background.jpg","http://pbs.twimg.com/profile_images/966395558624727040/XvLvFQ4s_normal.jpg"
"x59579941","MinistériodoEsporte","minesporte","Brasília","Perfil oficial do Ministério do Esporte. Nossa missão é desenvolver políticas públicas para garantir o acesso da população brasileira à prática desportiva.","https://t.co/SVGATiR7wT",FALSE,106062,904,440,43000,4137,2009-07-23 20:32:08,TRUE,"https://t.co/SVGATiR7wT","http://www.esporte.gov.br","pt","https://pbs.twimg.com/profile_banners/59579941/1517919893","http://pbs.twimg.com/profile_background_images/458960812082622464/xTlNU-s1.jpeg","http://pbs.twimg.com/profile_images/960851830107459584/iNVGrRKw_normal.jpg"
"x39826188","MinistérioDoTrabalho","trabalho","Brasil","Perfil oficial do Ministério do Trabalho. Governo Federal. Brasil.","https://t.co/VsOK8yYgYa",FALSE,332177,206,1498,16369,697,2009-05-13 20:27:58,TRUE,"https://t.co/VsOK8yYgYa","http://www.trabalho.gov.br","pt","https://pbs.twimg.com/profile_banners/39826188/1520609028","http://pbs.twimg.com/profile_background_images/758533523/be4b83b8b2883c6d145724d56bbe891f.jpeg","http://pbs.twimg.com/profile_images/972130777159827457/kUes0GhX_normal.jpg"
"x281544249","Ministério Cidades","MinCidades","","Perfil oficial do Ministério das Cidades. Para mais informações, visite nosso site: http://t.co/otnHTeiMds","http://t.co/otnHTeiMds",FALSE,97020,218,447,12879,1123,2011-04-13 13:55:30,TRUE,"http://t.co/otnHTeiMds","http://www.cidades.gov.br","pt","https://pbs.twimg.com/profile_banners/281544249/1521131431","http://pbs.twimg.com/profile_background_images/571034580900012032/fbrK_ugR.jpeg","http://pbs.twimg.com/profile_images/974321791324839936/iSymi4_D_normal.jpg"
"x39623738","Ratinho SBT","ratinhodosbt","São Paulo","Perfil oficial do apresentador Ratinho","http://t.co/7Tifkp11ND",FALSE,1045487,5001,4377,6078,230,2009-05-12 23:13:30,TRUE,"http://t.co/7Tifkp11ND","http://www.sbt.com.br/ratinho","pt","https://pbs.twimg.com/profile_banners/39623738/1488394623","http://pbs.twimg.com/profile_background_images/601475754791079936/aBIUUWze.png","http://pbs.twimg.com/profile_images/837013636111564800/rB5Fvrrt_normal.jpg"
"x40261159","Rádio Bandeirantes","RBandeirantes","","A rádio que tem opinião | FM 90.9 https://t.co/czvu86o1UX | https://t.co/5KKcqf5hKR | WhatsApp (11) 99904-8756","https://t.co/gZ287IaYvp",FALSE,210040,816,691,87287,11265,2009-05-15 15:21:38,TRUE,"https://t.co/gZ287IaYvp","http://radiobandeirantes.com.br","pt","https://pbs.twimg.com/profile_banners/40261159/1522264958","http://pbs.twimg.com/profile_background_images/14644095/logo.bmp","http://pbs.twimg.com/profile_images/877572770422566912/ahshbE7f_normal.jpg"
"x161704706","Marta Suplicy","SenadoraMarta","São Paulo","Senadora, foi ministra do Turismo e da Cultura, prefeita de São Paulo e deputada federal.",,FALSE,65700,313,870,7398,483,2010-07-01 15:01:41,FALSE,,,"pt","https://pbs.twimg.com/profile_banners/161704706/1519918032","http://abs.twimg.com/images/themes/theme1/bg.png","http://pbs.twimg.com/profile_images/969235111551094784/DZ8IqbYk_normal.jpg"
"x169963553","WTO","wto","Geneva, Switzerland","Official account of the World Trade Organization. Now also:  
@OMC_fr en français; @OMC_es en español. Roberto Azevêdo tweets at @WTODGAZEVEDO","http://t.co/S3GpjMVuDe",FALSE,320133,742,2621,11541,1646,2010-07-23 16:19:06,TRUE,"http://t.co/S3GpjMVuDe","http://www.wto.org","en","https://pbs.twimg.com/profile_banners/169963553/1519140927","http://abs.twimg.com/images/themes/theme1/bg.png","http://pbs.twimg.com/profile_images/688022905196777473/FTuzHaM4_normal.jpg"
"x348030469","@SNJuventude","SNJuventude","Brasília","Twitter da Secretaria Nacional de Juventude da Presidência da República. #ConstruindoOAgora #SNJ","https://t.co/56fEdMRIAp",FALSE,9412,209,71,7184,1125,2011-08-03 19:23:01,FALSE,"https://t.co/56fEdMRIAp","http://www.juventude.gov.br","pt","https://pbs.twimg.com/profile_banners/348030469/1521036724","http://abs.twimg.com/images/themes/theme17/bg.gif","http://pbs.twimg.com/profile_images/948570226903470081/2WE42Xdm_normal.jpg"
"x1623608509","Casa Civil","casacivilbr","Brasília","Perfil oficial da Casa Civil da Presidência da República","http://t.co/wj6OZzuAEv",FALSE,54813,255,241,4419,291,2013-07-26 18:30:19,TRUE,"http://t.co/wj6OZzuAEv","http://casacivil.gov.br","pt","https://pbs.twimg.com/profile_banners/1623608509/1519232335","http://pbs.twimg.com/profile_background_images/466656374345048064/IJt21X1q.png","http://pbs.twimg.com/profile_images/966356452154707969/LJ_yIM4__normal.jpg"
"x88915485","CNI Brasil","CNI_br","Brasília - DF","Perfil oficial da Confederação Nacional da Indústria. Quer saber mais sobre o setor no Brasil? Siga-nos! Conheça nossa Política de Uso: https://t.co/q46LwNdjOp","http://t.co/KCd4uVOar0",FALSE,26797,1167,358,41392,1815,2009-11-10 12:21:30,TRUE,"http://t.co/KCd4uVOar0","http://www.portaldaindustria.com.br","pt","https://pbs.twimg.com/profile_banners/88915485/1519222844","http://pbs.twimg.com/profile_background_images/552546251959304192/WmqSqdwn.png","http://pbs.twimg.com/profile_images/960967096887857155/DVRQkOSl_normal.jpg"
"x161301269","SENAI","SENAInacional","Brasil","O SENAI é hoje o maior complexo de educação profissional e serviços tecnológicos das Américas. Conheça a Política de Uso: https://t.co/4BKOIDMbNt","http://t.co/3abYs2GuDt",FALSE,6497,277,29,10852,2703,2010-06-30 14:04:36,TRUE,"http://t.co/3abYs2GuDt","http://www.portaldaindustria.com.br/senai/","pt","https://pbs.twimg.com/profile_banners/161301269/1508785990","http://pbs.twimg.com/profile_background_images/524652026110570496/yjcsraWe.jpeg","http://pbs.twimg.com/profile_images/922541466097979392/U-vG8R_a_normal.jpg"
"x44169953","FazendaGovBr","FazendaGovBr","Brasília","Perfil oficial do Ministério da Fazenda","http://t.co/7IsNE70mz3",FALSE,159888,199,623,5889,309,2009-06-02 18:07:00,TRUE,"http://t.co/7IsNE70mz3","http://www.fazenda.gov.br","pt","https://pbs.twimg.com/profile_banners/44169953/1519221148","http://abs.twimg.com/images/themes/theme1/bg.png","http://pbs.twimg.com/profile_images/966309146042753024/2K3JwdhB_normal.jpg"
"x3108587889","MCTIC","mctic","Brasil","Ministério da Ciência, Tecnologia, Inovações e Comunicações do Brasil  https://t.co/F1tftnh1Yv","https://t.co/CU5fOWBUVT",FALSE,66745,556,227,8324,2400,2015-03-23 21:10:53,TRUE,"https://t.co/CU5fOWBUVT","http://www.mctic.gov.br","pt","https://pbs.twimg.com/profile_banners/3108587889/1519917764","http://abs.twimg.com/images/themes/theme1/bg.png","http://pbs.twimg.com/profile_images/961251171322290176/Cc6EAgJU_normal.jpg"
"x193003734","Meio Ambiente","mmeioambiente","Brasília, Brasil","Perfil Oficial do Ministério do Meio Ambiente do Brasil","http://t.co/Fqi1oAlMRl",FALSE,139497,227,695,11886,1294,2010-09-20 18:44:21,TRUE,"http://t.co/Fqi1oAlMRl","http://www.mma.gov.br","pt","https://pbs.twimg.com/profile_banners/193003734/1520638193","http://pbs.twimg.com/profile_background_images/466185926809354240/YVXa5LcC.jpeg","http://pbs.twimg.com/profile_images/972252632520765440/6kVf66ki_normal.jpg"
"x965741665","Papa Francisco","Pontifex_pt","Cidade do Vaticano","Bem-vindo ao Twitter oficial de Sua Santidade Papa Francisco","https://t.co/yRhGwps83P",FALSE,3765463,8,2002,1380,0,2012-11-23 08:32:02,TRUE,"https://t.co/yRhGwps83P","http://www.vaticannews.va","it","https://pbs.twimg.com/profile_banners/965741665/1409908959","http://pbs.twimg.com/profile_background_images/858022299/52f4b5a0278e5a44ed595ef3a031a709.jpeg","http://pbs.twimg.com/profile_images/507821121211596802/qZA8NDFU_normal.jpeg"
"x19301021","MinistérioDaCultura","CulturaGovBr","","Twitter oficial do Ministério da Cultura do Brasil. Você pode nos acompanhar também no Facebook em https://t.co/yX3bSbdZAe","https://t.co/mamPAkCmYc",FALSE,355151,1345,2372,31275,2168,2009-01-21 18:58:40,TRUE,"https://t.co/mamPAkCmYc","http://www.cultura.gov.br","pt","https://pbs.twimg.com/profile_banners/19301021/1519076413","http://pbs.twimg.com/profile_background_images/456806692122939392/9mX_HdKb.jpeg","http://pbs.twimg.com/profile_images/965667756078231552/ZA3zChh0_normal.jpg"
"x312179048","Fundação Ulysses","fugnacional","","Fundação Ulysses Guimarães Nacional https://t.co/8xgHcKEjks Instagram @fugnacional","https://t.co/ahoDcsmkZH",FALSE,3319,1327,19,5816,1140,2011-06-06 18:15:39,FALSE,"https://t.co/ahoDcsmkZH","http://www.fundacaoulysses.org.br","pt","https://pbs.twimg.com/profile_banners/312179048/1512136312","http://pbs.twimg.com/profile_background_images/555019749424259072/Pb-ersSW.png","http://pbs.twimg.com/profile_images/936594305858318337/Z1se7yxh_normal.jpg"
"x17061263","Benjamin Netanyahu","netanyahu","Israel","<U+05E8><U+05D0><U+05E9> <U+05DE><U+05DE><U+05E9><U+05DC><U+05EA> <U+05D9><U+05E9><U+05E8><U+05D0><U+05DC> <U+05D5><U+05D9><U+05D5>''<U+05E8> <U+05D4><U+05DC><U+05D9><U+05DB><U+05D5><U+05D3>. <U+05E0><U+05E9><U+05D5><U+05D9> <U+05DC><U+05E9><U+05E8><U+05D4> <U+05D5><U+05D0><U+05D1> <U+05DC><U+05E9><U+05DC><U+05D5><U+05E9><U+05D4> • Prime Minister of Israel, Chairman of the Likud Party, husband of Sara, father of three.","https://t.co/QIxHzGNSzU",FALSE,1325639,33,7309,3267,40,2008-10-30 06:40:51,TRUE,"https://t.co/QIxHzGNSzU","http://netanyahu.org.il","en","https://pbs.twimg.com/profile_banners/17061263/1453375463","http://pbs.twimg.com/profile_background_images/182278706/126.jpg","http://pbs.twimg.com/profile_images/564353911473967104/rDqJgxFZ_normal.jpeg"
"x49762925","Itamaraty Brasil<f0><U+009F><U+0087><U+00A7><f0><U+009F><U+0087><U+00B7>","ItamaratyGovBr","Brasília, DF","Ministério das Relações Exteriores do #Brasil | English: @Itamaraty_EN | Español: @Itamaraty_ES","https://t.co/tHKslL5UGm",FALSE,175554,811,1389,20329,1756,2009-06-22 20:57:50,TRUE,"https://t.co/tHKslL5UGm","http://www.itamaraty.gov.br","pt","https://pbs.twimg.com/profile_banners/49762925/1518205537","http://pbs.twimg.com/profile_background_images/580387645135564801/TzzAQ8Eu.png","http://pbs.twimg.com/profile_images/962049609601228805/popbqtGA_normal.jpg"
"x18839785","Narendra Modi","narendramodi","India","Prime Minister of India","http://t.co/i7NW4Bof2G",FALSE,41524391,1936,22165,18648,0,2009-01-10 17:18:56,TRUE,"http://t.co/i7NW4Bof2G","http://www.narendramodi.in","en","https://pbs.twimg.com/profile_banners/18839785/1502777627","http://pbs.twimg.com/profile_background_images/562185004696875009/DiiHx54g.jpeg","http://pbs.twimg.com/profile_images/718314968102367232/ypY1GPCQ_normal.jpg"
"x236354374","Marinha do Brasil","marmilbr","Brasil","Bem-vindo ao Twitter Oficial da Marinha do Brasil, que tem o propósito de ampliar a divulgação das atividades da Marinha junto aos públicos interno e externo.","https://t.co/qdWA069J3J",FALSE,141667,310,368,8579,5055,2011-01-10 11:46:55,TRUE,"https://t.co/qdWA069J3J","http://marinha.mil.br","pt","https://pbs.twimg.com/profile_banners/236354374/1519244520","http://pbs.twimg.com/profile_background_images/459020210293321728/FVHH5C90.jpeg","http://pbs.twimg.com/profile_images/1213858473/coroa_naval_youtube_normal.JPG"
"x151653693","Helder Barbalho","helderbarbalho","Ananindeua PA","Casado, pai, administrador, pós-graduado na FGV. Min. da Integração Nacional. Fui vereador, deputado, prefeito, pres. da Famep, min. da Pesca e Portos.","https://t.co/eVirCfyOQ3",FALSE,11070,1452,99,11542,783,2010-06-03 22:59:38,TRUE,"https://t.co/eVirCfyOQ3","http://www.fb.com/HelderBarbalho","pt","https://pbs.twimg.com/profile_banners/151653693/1513876126","http://pbs.twimg.com/profile_background_images/378800000090654392/bcbc7bb3f8335a663e7a34a82cfb5578.jpeg","http://pbs.twimg.com/profile_images/940640396916510721/f0-1FqdD_normal.jpg"
"x149746462","Marcos Pereira","marcospereira04","São Paulo","45 anos, cristão, advogado, professor, ex-ministro da Indústria, Com. Exterior e Serviços e presidente nacional do Partido Republicano Brasileiro – PRB. Servo.","https://t.co/U4ozAugo1V",FALSE,17718,197,55,8954,2250,2010-05-30 03:34:15,TRUE,"https://t.co/U4ozAugo1V","http://www.marcospereira.com/","pt","https://pbs.twimg.com/profile_banners/149746462/1520502137","http://abs.twimg.com/images/themes/theme7/bg.gif","http://pbs.twimg.com/profile_images/971919925949452288/xyyU2QhJ_normal.jpg"
"x361445173","Horacio_Cartes","Horacio_Cartes","","Cuenta oficial del Presidente Constitucional de la República del Paraguay","http://t.co/foS3nWkyfj",FALSE,477312,144,712,9556,96,2011-08-24 20:04:17,TRUE,"http://t.co/foS3nWkyfj","http://www.presidencia.gov.py","es","https://pbs.twimg.com/profile_banners/361445173/1398380393","http://pbs.twimg.com/profile_background_images/459466599779430400/Kj6o_cN8.jpeg","http://pbs.twimg.com/profile_images/606908562800050176/J-X5RhJA_normal.jpg"
"x75267429","AGU","AdvocaciaGeral","Brasília, Distrito Federal","Conta oficial da Advocacia-Geral da União (AGU).","http://t.co/KauAhZPyKX",FALSE,160003,148,949,12689,32,2009-09-18 12:26:45,TRUE,"http://t.co/KauAhZPyKX","http://www.agu.gov.br","pt","https://pbs.twimg.com/profile_banners/75267429/1522181675","http://pbs.twimg.com/profile_background_images/697749074/79e0375cb13c3f4f3ab447e45ed5a46a.jpeg","http://pbs.twimg.com/profile_images/978741149992091648/_LtEeGgk_normal.jpg"
"x64706049","João Doria","jdoriajr","São Paulo, SP, Brasil","Prefeito eleito com mais de 3 milhões de votos no 1º turno em SP. Jornalista e empresário.",,FALSE,856778,364,1351,13047,108,2009-08-11 13:00:11,TRUE,,,"pt","https://pbs.twimg.com/profile_banners/64706049/1503340095","http://abs.twimg.com/images/themes/theme14/bg.gif","http://pbs.twimg.com/profile_images/896083100408709120/zQtpvMLN_normal.jpg"
"x4744905105","Mendoza Gobierno","MendozaGobierno","Mendoza, Argentina","Cuenta oficial del Gobierno de Mendoza, Argentina. https://t.co/eGpP7oatNt https://t.co/Fj1uUaBLYz","https://t.co/VA9O4ZZyfu",FALSE,12249,563,45,7438,6352,2016-01-08 13:55:39,FALSE,"https://t.co/VA9O4ZZyfu","https://www.instagram.com/mendozagobierno/","es","https://pbs.twimg.com/profile_banners/4744905105/1522158545","http://abs.twimg.com/images/themes/theme1/bg.png","http://pbs.twimg.com/profile_images/747839017010536450/Rf3QVrGG_normal.jpg"
"x861713513018007552","Agora Na Economia","AgoraNaEconomia","","Seja bem-vindo(a) ao Agora na Economia! Aqui você confere as informações sobre a economia brasileira, indicadores e anúncios do governo federal. Siga!","https://t.co/GOZQHGqgId",FALSE,32304,178,70,2938,14,2017-05-08 22:44:46,TRUE,"https://t.co/GOZQHGqgId","https://www.facebook.com/Agora-Na-Economia-1497075176969248/","en","https://pbs.twimg.com/profile_banners/861713513018007552/1505489027",,"http://pbs.twimg.com/profile_images/908709216696901633/e5a5aIbx_normal.jpg"
"x126397246","Brazil Gov News","BrazilGovNews","Brasilia, Brazil","Official Twitter channel of SECOM with the latest news from the Brazilian Federal Government.","https://t.co/Dsu1ddeWkT",FALSE,39117,119,633,11342,66,2010-03-25 18:59:30,TRUE,"https://t.co/Dsu1ddeWkT","http://www.brazilgovnews.gov.br","en","https://pbs.twimg.com/profile_banners/126397246/1497973582","http://pbs.twimg.com/profile_background_images/459305957453877248/LyHZ9WOA.jpeg","http://pbs.twimg.com/profile_images/877190789801160704/xg9wJdtt_normal.jpg"
"x156745876","Blairo Maggi","blairomaggi","Mato Grosso","Ministro da Agricultura e senador licenciado por Mato Grosso. https://t.co/KjhcFAmtoz https://t.co/bnOIHddDLQ","https://t.co/edwD3FSgnP",FALSE,25087,51,248,3893,240,2010-06-17 20:05:39,TRUE,"https://t.co/edwD3FSgnP","http://blairomaggi.com.br","pt","https://pbs.twimg.com/profile_banners/156745876/1504134296","http://pbs.twimg.com/profile_background_images/433549627632013312/GVJNQknl.jpeg","http://pbs.twimg.com/profile_images/732568732585844736/NyQmyn9H_normal.jpg"
"x860249525805613056","Agora Cidadania","AgoraCidadania","Brasília, Brasil","Bem vindo(a)! Aqui você se informa sobre tudo que diz respeito ao seu dia a dia. Siga e participe!","https://t.co/k0t7a0zR4N",FALSE,31053,241,39,15492,61,2017-05-04 21:47:24,TRUE,"https://t.co/k0t7a0zR4N","https://www.facebook.com/AgoraCidadania/","pt","https://pbs.twimg.com/profile_banners/860249525805613056/1505488943","http://abs.twimg.com/images/themes/theme1/bg.png","http://pbs.twimg.com/profile_images/908709638144774145/QVcJuXsN_normal.jpg"
"x55573873","Gisele Bündchen","giseleofficial","","Welcome to Gisele Bündchen's official profile! Also visit http://t.co/Sibhumlu7E http://t.co/fbpehAUet5","http://t.co/kQq3kfQWaZ",FALSE,4923782,89,6618,4077,369,2009-07-10 14:22:07,TRUE,"http://t.co/kQq3kfQWaZ","http://www.giselebundchen.com","en",,"http://pbs.twimg.com/profile_background_images/456804517900595200/jtljqiVf.jpeg","http://pbs.twimg.com/profile_images/976834296085442563/KyawpqFf_normal.jpg"
"x56843641","Romero Jucá","romerojuca","Boa Vista -  RR  - Brasil","Senador pelo Estado de Roraima. Presidente Nacional do MDB.","https://t.co/zlPlTZI9Mo",FALSE,39024,1129,576,11693,422,2009-07-14 22:49:29,TRUE,"https://t.co/zlPlTZI9Mo","http://www.romerojuca.com.br","pt","https://pbs.twimg.com/profile_banners/56843641/1521469168","http://pbs.twimg.com/profile_background_images/353356579/a_rea_de_trabalho__02_-_monte.jpg","http://pbs.twimg.com/profile_images/978739431153782786/1Qmu1Sst_normal.jpg"
"x164779867","IBGE Comunica","ibgecomunica","Brasil","Perfil oficial da Coordenação de Comunicação Social do IBGE
Site: http://t.co/TU6HWyThBA
Perfil oficial do IBGE no Facebook: https://t.co/4s2V6h0QfA","http://t.co/bIil7zYqFp",FALSE,131573,100,857,15438,276,2010-07-09 18:52:15,TRUE,"http://t.co/bIil7zYqFp","http://www.ibge.gov.br","pt","https://pbs.twimg.com/profile_banners/164779867/1506975099","http://pbs.twimg.com/profile_background_images/191349025/IBGE_Twitter_fundo.jpg","http://pbs.twimg.com/profile_images/940617048941645824/YF-KS_xn_normal.jpg"
"x18912498","TV NBR","TVNBR","Brasília - DF","A TV do Governo Federal.","https://t.co/sbp52I7t8o",FALSE,171319,355,999,56905,230,2009-01-12 19:48:35,TRUE,"https://t.co/sbp52I7t8o","http://www.nbr.gov.br","pt","https://pbs.twimg.com/profile_banners/18912498/1520974274","http://pbs.twimg.com/profile_background_images/441271251173011456/RL2-GCm_.jpeg","http://pbs.twimg.com/profile_images/793221168648056832/s5wcuRtt_normal.jpg"
"x29803424","Mendonça Filho","mendoncafilho","Recife, PE","Ministro da Educação - Deputado Federal licenciado (DEM/PE).","https://t.co/ab51B9N5Wr",FALSE,60510,739,312,7962,241,2009-04-08 19:54:26,TRUE,"https://t.co/ab51B9N5Wr","http://www.mendoncafilho.com/","pt","https://pbs.twimg.com/profile_banners/29803424/1513099443","http://pbs.twimg.com/profile_background_images/687061577/d18ef3f67be78e243f7c89052e80804c.gif","http://pbs.twimg.com/profile_images/489954352908746753/-YlrTNYc_normal.jpeg"
"x1004396762","Integração Nacional","br_integracao","","Responsável por obras de infraestrutura hídrica e de convivência com a seca, ações de Defesa Civil e de fomento ao desenvolvimento regional.","https://t.co/2YQ8ESy3uI",FALSE,17759,581,127,20180,2535,2012-12-11 16:43:47,TRUE,"https://t.co/2YQ8ESy3uI","http://www.integracao.gov.br/","pt","https://pbs.twimg.com/profile_banners/1004396762/1519071652","http://abs.twimg.com/images/themes/theme1/bg.png","http://pbs.twimg.com/profile_images/965682555323408385/nnDIrQCZ_normal.jpg"
"x826847661559050242","General Villas Boas","Gen_VillasBoas","Brasília, Brasil","Comandante do Exército Brasileiro","https://t.co/dderlbcr8x",FALSE,106138,20,138,484,2362,2017-02-01 17:40:19,TRUE,"https://t.co/dderlbcr8x","http://www.eb.mil.br","pt","https://pbs.twimg.com/profile_banners/826847661559050242/1486036366",,"http://pbs.twimg.com/profile_images/826851283013341187/l890h5jZ_normal.jpg"
"x70809242","Ministério da Defesa","DefesaGovBr","Brasilia- Brasil","O MD é responsável por esclarecer e mobilizar a sociedade em torno de uma Estratégia Nacional de Defesa que assegure os interesses e soberania do Brasil","https://t.co/ff4GZMLbgZ",FALSE,222615,225,975,14051,2425,2009-09-01 22:44:18,TRUE,"https://t.co/ff4GZMLbgZ","http://www.defesa.gov.br","pt","https://pbs.twimg.com/profile_banners/70809242/1506105649","http://pbs.twimg.com/profile_background_images/325929676/modelo_1_logo_federal12.jpg","http://pbs.twimg.com/profile_images/911298910727131136/IOtnCoI2_normal.jpg"
"x8189252","Época Negócios","epocanegocios","Brasil","Nosso foco são pessoas inovadoras, grandes marcas, startups, corporate venture, criatividade, sustentabilidade, tecnologia e diversidade","http://t.co/Ektfi9Zosc",FALSE,207215,336,1464,82172,79,2007-08-14 19:58:46,TRUE,"http://t.co/Ektfi9Zosc","http://epocanegocios.globo.com/","pt","https://pbs.twimg.com/profile_banners/8189252/1520608214","http://pbs.twimg.com/profile_background_images/651218408/8cu9pp37w85yzdcqrdbo.jpeg","http://pbs.twimg.com/profile_images/497031207872241665/EIYi4apN_normal.jpeg"
