"status_id","created_at","user_id","screen_name","text","source","reply_to_status_id","reply_to_user_id","reply_to_screen_name","is_quote","is_retweet","favorite_count","retweet_count","hashtags","symbols","urls_url","urls_t.co","urls_expanded_url","media_url","media_t.co","media_expanded_url","media_type","ext_media_url","ext_media_t.co","ext_media_expanded_url","ext_media_type","mentions_user_id","mentions_screen_name","lang","quoted_status_id","quoted_text","retweet_status_id","retweet_text","place_url","place_name","place_full_name","place_type","country","country_code","geo_coords","coords_coords","bbox_coords","favorited_by"
"x976829023400660994",2018-03-22 14:32:42,"x69372289","painel1000","@silva_marina Me representa. Querem imprimir um discursos de omissa nas questões do importantes do país. É só olhar nas redes como ela se pronunciou em cada momento do país. Gostem ou não de sua posição. Acusá-la de omissa, é querer jogá-la na vala da polarização.","Twitter Web Client","x976592405930659841","x105155795","silva_marina",FALSE,FALSE,2,0,,,,,,,,,,,,,,"x105155795","silva_marina","pt",,,,,,,,,,,,,,"silva_marina"
"x976592865076932609",2018-03-21 22:54:17,"x1522424269","NatanaelNevesAl","@silva_marina Marina Silva 2018!!","Twitter for Android","x976592405930659841","x105155795","silva_marina",FALSE,FALSE,5,0,,,,,,,,,,,,,,"x105155795","silva_marina","pt",,,,,,,,,,,,,,"silva_marina"
"x976069038446186498",2018-03-20 12:12:47,"x243781618","jelouzada","@silva_marina @randolfeap Obrigado pelo posicionamento, cidadã brasileira. Siga se posicionando FAVORÁVEL em TUDO que envolva o povo, as minorias, os TRABALHADORES, o povo da raiz brasileira. Isso pela coerência cristã que tu promove. Nunca se associe ao apressor. Sigo de olho.","Twitter for Android","x975872739859927043","x105155795","silva_marina",FALSE,FALSE,1,0,,,,,,,,,,,,,,"x105155795 85327394","silva_marina randolfeap","pt",,,,,"https://api.twitter.com/1.1/geo/id/c184b698ed4cd4fc.json","Vitória da Conquista","Vitória da Conquista, Brasil","city","Brazil","BR",,,"-41.183717 -40.55238 -40.55238 -41.183717 -15.47493 -15.47493 -14.6668715 -14.6668715","silva_marina"
"x975875557551419392",2018-03-19 23:23:58,"x161292004","Dricaminhando","@silva_marina Exatamente. Já passou da hora dos que disseminam fake news serem punidos.","Twitter for Android","x975872739859927043","x105155795","silva_marina",FALSE,FALSE,10,0,,,,,,,,,,,,,,"x105155795","silva_marina","pt",,,,,,,,,,,,,,"silva_marina"
"x969269665737400320",2018-03-01 17:54:31,"x473338133","PGN_COL","En #PactoMundialAmbiente se habla de constituciones verdes. @silva_marina @jclopezcnn @manuel_rodb y otros expertos coinciden en que es necesario que la sociedad se comprometa con la sostenibilidad y un verdadero cambio ambiental #EnVivo en https://t.co/fIJ6TetnX6 https://t.co/CyZH2ZcaQj","Twitter for iPhone",,,,FALSE,FALSE,14,10,"PactoMundialAmbiente EnVivo",,"procuraduria.gov.co","https://t.co/fIJ6TetnX6","http://www.procuraduria.gov.co","http://pbs.twimg.com/media/DXOJnZZWAAA-2QB.jpg","https://t.co/CyZH2ZcaQj","https://twitter.com/PGN_COL/status/969269665737400320/photo/1","photo","http://pbs.twimg.com/media/DXOJnZZWAAA-2QB.jpg","https://t.co/CyZH2ZcaQj","https://twitter.com/PGN_COL/status/969269665737400320/photo/1",,"x105155795 113120733 705484506","silva_marina jclopezcnn manuel_rodb","es",,,,,,,,,,,,,,"silva_marina"
"x969266379202363392",2018-03-01 17:41:27,"x191116947","kienyke","#PactoMundialAmbiente <f0><U+009F><U+0097><U+00BA> | ""Mover las comunidades con ideas simples, prácticas y creativas es la razón más simple de empezar a crear un cambio ambiental"", @silva_marina, exministra de ambiente, Brasil","TweetDeck",,,,FALSE,FALSE,4,0,"PactoMundialAmbiente",,,,,,,,,,,,,"x105155795","silva_marina","es",,,,,,,,,,,,,,"silva_marina"
"x969263284913426434",2018-03-01 17:29:09,"x875376536395841537","GeneramosCo","“Es la visión de desarrollo que tiene que buscar un nuevo paradigma de sustentabilidad. El grande desafío es no tener retrocesos, sino que el sector productivo junto con la sociedad civil, no hagan de la ley un enemigo del desarrollo” @silva_marina #PactoMundialAmbiente","Twitter Web Client",,,,FALSE,FALSE,7,1,"PactoMundialAmbiente",,,,,,,,,,,,,"x105155795","silva_marina","es",,,,,,,,,,,,,,"silva_marina"
"x969256901547626496",2018-03-01 17:03:47,"x48645445","andreeviana","@silva_marina: el gran desafío es avanzar a un ciclo nuevo en q seamos económicamente prósperos, socialmente justos, políticamente democráticos y ambientalmente sostenibles #PactoMundialAmbiente @PGN_COL","Twitter for Android",,"x105155795","silva_marina",FALSE,FALSE,3,0,"PactoMundialAmbiente",,,,,,,,,,,,,"x105155795 473338133","silva_marina PGN_COL","es",,,,,,,,,,,,,,"silva_marina"
"x969254798360043520",2018-03-01 16:55:26,"x367851859","RestrepoA_Laura","#PactoMundialAmbiente | Las leyes no funcionan solas, la movilización social y la conciencia para la implementación, es vital, sin esto, realmente las leyes no servirían de nada... @silva_marina  -Encantadora intervención, muy interesante. https://t.co/VsbzrCVqjT","Twitter for Android",,,,FALSE,FALSE,19,3,"PactoMundialAmbiente",,,,,"http://pbs.twimg.com/media/DXN8FtTWkAAwZki.jpg","https://t.co/VsbzrCVqjT","https://twitter.com/RestrepoA_Laura/status/969254798360043520/photo/1","photo","http://pbs.twimg.com/media/DXN8FtTWkAAwZki.jpg","https://t.co/VsbzrCVqjT","https://twitter.com/RestrepoA_Laura/status/969254798360043520/photo/1",,"x105155795","silva_marina","es",,,,,,,,,,,,,,"silva_marina"
"x969253959897636864",2018-03-01 16:52:06,"x53842812","LinaPuerto","@silva_marina en el #PactoMundialAmbiente “ya tenemos respuestas técnicas y legales al problema de la degradación ambiental, necesitamos un compromiso ético de todos los sectores” https://t.co/fdqjuqBFJm","Twitter for iPad",,"x105155795","silva_marina",FALSE,FALSE,3,2,"PactoMundialAmbiente",,,,,"http://pbs.twimg.com/media/DXN7THHXUAAk1ok.jpg","https://t.co/fdqjuqBFJm","https://twitter.com/LinaPuerto/status/969253959897636864/photo/1","photo","http://pbs.twimg.com/media/DXN7THHXUAAk1ok.jpg","https://t.co/fdqjuqBFJm","https://twitter.com/LinaPuerto/status/969253959897636864/photo/1",,"x105155795","silva_marina","es",,,,,,,,,,,,,,"silva_marina"
"x969253315824508936",2018-03-01 16:49:33,"x627356935","CLozanoAcosta","Siendo ministra de ambiente aprendí que la movilización ciudadana es necesaria para que la protección ambiental avance: @silva_marina #PactoMundialAmbiente","Twitter for Android",,,,FALSE,FALSE,22,8,"PactoMundialAmbiente",,,,,,,,,,,,,"x105155795","silva_marina","es",,,,,,,,,,,,,,"silva_marina"
"x968518287570161664",2018-02-27 16:08:48,"x147744050","celleb_","@silva_marina Tem meu voto com certeza! #Marina2018 #Partiupracima","Twitter for Android","x968516582833041414","x105155795","silva_marina",FALSE,FALSE,4,0,"Marina2018 Partiupracima",,,,,,,,,,,,,"x105155795","silva_marina","pt",,,,,,,,,,,,,,"silva_marina"
"x968518272298766337",2018-02-27 16:08:44,"x959547141298573313","DanielS40730832","@lucas_mello_ @silva_marina Essa besteira de ficar falando que ela tá sumida é tão manjado e decadente...RODA O DISCO, papagaio da polarização!","Twitter for Android","x968517315808677888","x142347970","lucas_mello_",FALSE,FALSE,28,1,,,,,,,,,,,,,,"x142347970 105155795","lucas_mello_ silva_marina","pt",,,,,,,,,,,,,,"silva_marina"
"x968518005813600257",2018-02-27 16:07:41,"x53799378","sergiusdourado","@silva_marina Sem extremismos, bravatas e aventurismos... 
Por enquanto é isso. 
Tbm tenho esse direito de apoiar qm eu acredito q possa fazer um governo de reformas como há muito já propôs e optaram pelo buraco.","Twitter for Android","x968516582833041414","x105155795","silva_marina",FALSE,FALSE,2,0,,,,,,,,,,,,,,"x105155795","silva_marina","pt",,,,,,,,,,,,,,"silva_marina"
"x968517639965470721",2018-02-27 16:06:14,"x959547141298573313","DanielS40730832","@silva_marina Tem meu voto, presidente! <f0><U+009F><U+0098><U+008D> #Marina2018","Twitter for Android","x968516582833041414","x105155795","silva_marina",FALSE,FALSE,4,0,"Marina2018",,,,,,,,,,,,,"x105155795","silva_marina","pt",,,,,,,,,,,,,,"silva_marina"
"x968517238381686784",2018-02-27 16:04:38,"x155904499","ewerl4n","@silva_marina que tudo!!!!","Twitter Web Client","x968516582833041414","x105155795","silva_marina",FALSE,FALSE,1,0,,,,,,,,,,,,,,"x105155795","silva_marina","pt",,,,,,,,,,,,,,"silva_marina"
"x968517166000635906",2018-02-27 16:04:21,"x67967853","midjesus","@silva_marina Que ótimo que teremos uma opção! Obrigada!","Twitter Web Client","x968516582833041414","x105155795","silva_marina",FALSE,FALSE,14,0,,,,,,,,,,,,,,"x105155795","silva_marina","pt",,,,,,,,,,,,,,"silva_marina"
"x968517160527171584",2018-02-27 16:04:19,"x842395341542592513","IAMJVXCX","@silva_marina Marina, a voz do br","Twitter for Android","x968516582833041414","x105155795","silva_marina",FALSE,FALSE,5,0,,,,,,,,,,,,,,"x105155795","silva_marina","pt",,,,,,,,,,,,,,"silva_marina"
"x968516758285012995",2018-02-27 16:02:44,"x960284420103114754","matheusMrm18","@silva_marina Marina Presidente <U+2764><U+FE0F><f0><U+009F><U+008C><U+00B3>","Twitter for iPhone","x968516582833041414","x105155795","silva_marina",FALSE,FALSE,16,1,,,,,,,,,,,,,,"x105155795","silva_marina","es",,,,,,,,,,,,,,"silva_marina"
"x967942411690434560",2018-02-26 02:00:29,"x546415438","JlioCsarLustosa","@silva_marina Maina foi um dos maiores alvos das fake news em 2014, o PT foi um dos maiores responsáveis se não o maior no serviço da desinformação, fábrica de mentiras na ansia pelo poder","Twitter Web Client","x967941448372015105","x105155795","silva_marina",FALSE,FALSE,22,1,,,,,,,,,,,,,,"x105155795","silva_marina","pt",,,,,,,,,,,,,,"silva_marina"
"x967942202985984000",2018-02-26 01:59:39,"x24881643","michaelss","@silva_marina Aquela de acabar com o pré-sal e tirar comida do prato do povo foi golpe baixo...","Twitter for Android","x967941448372015105","x105155795","silva_marina",FALSE,FALSE,13,1,,,,,,,,,,,,,,"x105155795","silva_marina","pt",,,,,,,,,,,,,,"silva_marina"
"x967769285329375234",2018-02-25 14:32:32,"x226329113","naninhapinto","@silva_marina @galpaogamboa Eu conhecia..... show!!!!","Twitter for Android","x967765600461377537","x105155795","silva_marina",FALSE,FALSE,3,0,,,,,,,,,,,,,,"x105155795 342775721","silva_marina galpaogamboa","pt",,,,,,,,,,,,,,"silva_marina"
"x961340619842048005",2018-02-07 20:47:19,"x717876087796154369","fgamaperes","@silva_marina Sem dúvida. Ou seja, precisamos de políticos honestos e com propostas consistentes. A senhora pode representar esse ""protótipo"" de candidato ideal. Além dessas características a Sra demostra ser socialmente sensível. E isso é muito bom.","Twitter for Android","x961338805537165312","x105155795","silva_marina",FALSE,FALSE,23,0,,,,,,,,,,,,,,"x105155795","silva_marina","pt",,,,,,,,,,,,,,"silva_marina"
"x961315748219154432",2018-02-07 19:08:29,"x735937970746888193","Piresanderson7","@silva_marina @mariana_godoy Concordo em gênero, número e grau !!","Twitter Lite","x961311890088628227","x105155795","silva_marina",FALSE,FALSE,4,0,,,,,,,,,,,,,,"x105155795 52467382","silva_marina mariana_godoy","pt",,,,,,,,,,,,,,"silva_marina"
"x961311890088628227",2018-02-07 18:53:09,"x105155795","silva_marina","Sou contra a reeleição. Os governantes precisam fazer o que é melhor para o país e não o que é melhor para se perpetuar no poder. Chega de pensar apenas em interesses pessoais e partidários!","Twitter Web Client",,,,FALSE,FALSE,1100,168,,,,,,,,,,,,,,,,"pt",,,,,,,,,,,,,,"silva_marina"
"x961236044896186369",2018-02-07 13:51:46,"x105155795","silva_marina","Quase 900 mil pessoas já assinaram a petição da Avaaz Brasil pelo fim do foro privilegiado e nosso papel pode ser crucial nessa luta. Assine você também - https://t.co/CnRw4LWEwk https://t.co/B9i5yUpD95","Twitter Web Client",,,,FALSE,FALSE,298,110,,,"bit.ly/fimdoforo_peti…","https://t.co/CnRw4LWEwk","http://bit.ly/fimdoforo_peticao","http://pbs.twimg.com/media/DVb--wIW0AEMO8Z.jpg","https://t.co/B9i5yUpD95","https://twitter.com/silva_marina/status/961236044896186369/photo/1","photo","http://pbs.twimg.com/media/DVb--wIW0AEMO8Z.jpg","https://t.co/B9i5yUpD95","https://twitter.com/silva_marina/status/961236044896186369/photo/1",,,,"pt",,,,,,,,,,,,,,"silva_marina"
"x959183628960976897",2018-02-01 21:56:12,"x221825561","umnavy","Marina Silva ícone esse momento é todo seu. https://t.co/Hl7DhAonO4","Twitter Lite",,,,TRUE,FALSE,58,6,,,"twitter.com/forumpandlr/st…","https://t.co/Hl7DhAonO4","https://twitter.com/forumpandlr/status/959156735121469440",,,,,,,,,,,"pt","x959156735121469440","Marina Silva é a única candidata que pode derrotar Bolsonaro, segundo pesquisa. https://t.co/iePXCecMsC https://t.co/j84OhNuvEl",,,,,,,,,,,,"silva_marina"
"x939191196362166272",2017-12-08 17:53:25,"x1151011908","REDE_18","As evidências reunidas por uma investigação da BBC Brasil ao longo de três meses sugerem que perfis fakes estariam tentando manipular a opinião pública nas redes sociais no Brasil. Recomendamos a leitura dessa reportagem q revela o perigo da utilização de robôs para a democracia. https://t.co/jxA91XFT6C","Twitter Web Client",,,,TRUE,FALSE,144,71,,,"twitter.com/bbcbrasil/stat…","https://t.co/jxA91XFT6C","https://twitter.com/bbcbrasil/status/939158645958414336",,,,,,,,,,,"pt","x939158645958414336","Exclusivo: Saiba como um exército de perfis falsos nas redes sociais pode ter influenciado eleições no Brasil https://t.co/FGEO6PULMD https://t.co/k4eHft15l6",,,,,,,,,,,,"silva_marina"
"x937063219864195073",2017-12-02 20:57:36,"x982553678","lucascostaoliv1","@silva_marina Parabéns por ser essa mulher íntegra e correta, vamos juntos o Brasil está com você!<f0><U+009F><U+0098><U+0089><f0><U+009F><U+0091><U+008D><f0><U+009F><U+0091><U+008F>","Twitter for Android","x935940812826906628","x105155795","silva_marina",FALSE,FALSE,2,0,,,,,,,,,,,,,,"x105155795","silva_marina","pt",,,,,,,,,,,,,,"silva_marina"
"x921072352707915776",2017-10-19 17:55:36,"x33428983","JohnnySampa","@silva_marina E tem muitas idéias boas. O programa Cidades e Soluções já apresentou várias, mas o poder público ignora.","Twitter Web Client","x921070835472961538","x105155795","silva_marina",FALSE,FALSE,4,0,,,,,,,,,,,,,,"x105155795","silva_marina","pt",,,,,,,,,,,,,,"silva_marina"
"x921071539654623232",2017-10-19 17:52:22,"x138042227","Nild0Cabral","@silva_marina Vdd, a pauta do divisionismo ainda em alta causado pela bomba da polarização política-jurídica no país.","Twitter Web Client","x921070835472961538","x105155795","silva_marina",FALSE,FALSE,3,0,,,,,,,,,,,,,,"x105155795","silva_marina","pt",,,,,,,,,,,,,,"silva_marina"
"x920732846565752833",2017-10-18 19:26:31,"x33428983","JohnnySampa","@silva_marina votei na Sra nas duas últimas eleições e votarei na próxima. Conte comigo, ajudarei na sua candidatura.","Twitter Web Client","x920729927703461888","x105155795","silva_marina",FALSE,FALSE,20,0,,,,,,,,,,,,,,"x105155795","silva_marina","pt",,,,,,,,,,,,,,"silva_marina"
"x920732446878035968",2017-10-18 19:24:56,"x325816652","alexlneto","@silva_marina Continue emitindo suas opiniões Marina. Parabéns!","Twitter for Android","x920729927703461888","x105155795","silva_marina",FALSE,FALSE,16,0,,,,,,,,,,,,,,"x105155795","silva_marina","pt",,,,,,,,,,,,,,"silva_marina"
"x920638536466010112",2017-10-18 13:11:46,"x64514398","lucasapaulino","Muito boa entrevista da Marina Silva. Para quem reclama que ela não aparece, olha ela aí. <f0><U+009F><U+0098><U+0089> https://t.co/vAwooTW0si","Twitter Lite",,,,TRUE,FALSE,69,14,,,"twitter.com/bbcbrasil/stat…","https://t.co/vAwooTW0si","https://twitter.com/bbcbrasil/status/920622725261152256",,,,,,,,,,,"pt","x920622725261152256","Marina Silva: 'Nunca se juntaram por educação, saúde e segurança e agora se unem para salvar a própria pele' https://t.co/TSwgHWzWxT https://t.co/aH8kHhW9M4",,,,,,,,,,,,"silva_marina"
"x920282552706981890",2017-10-17 13:37:13,"x1530077743","TorrianoJuniorS","All of the children and staff were inspired by a visit from @silva_marina this morning  @AshokaUK @thinkglobaluk #knowyourgoals #changemaker https://t.co/NyGrUbHu5w","Twitter Web Client",,,,FALSE,FALSE,7,3,"knowyourgoals changemaker",,,,,"http://pbs.twimg.com/media/DMWAAdaXUAA4h96.jpg","https://t.co/NyGrUbHu5w","https://twitter.com/TorrianoJuniorS/status/920282552706981890/photo/1","photo","http://pbs.twimg.com/media/DMWAAdaXUAA4h96.jpg http://pbs.twimg.com/media/DMWAAweW4AIoGw2.jpg","https://t.co/NyGrUbHu5w https://t.co/NyGrUbHu5w","https://twitter.com/TorrianoJuniorS/status/920282552706981890/photo/1 https://twitter.com/TorrianoJuniorS/status/920282552706981890/photo/1",,"x105155795 158779929 269739955","silva_marina AshokaUK thinkglobaluk","en",,,,,,,,,,,,,,"silva_marina"
"x918188640810958848",2017-10-11 18:56:45,"x72345586","friedlh","@silva_marina great to hear an ""ethical politician"" reflect on pitfalls and opps of governance  @changemakers event in #Amsterdam https://t.co/TKlyuiqJGi","Twitter for Android",,"x105155795","silva_marina",FALSE,FALSE,2,0,"Amsterdam",,,,,"http://pbs.twimg.com/media/DL4Pr6oX4AAk0ya.jpg","https://t.co/TKlyuiqJGi","https://twitter.com/friedlh/status/918188640810958848/photo/1","photo","http://pbs.twimg.com/media/DL4Pr6oX4AAk0ya.jpg","https://t.co/TKlyuiqJGi","https://twitter.com/friedlh/status/918188640810958848/photo/1",,"x105155795 14677117","silva_marina Changemakers","en",,,,,"https://api.twitter.com/1.1/geo/id/99cdab25eddd6bce.json","Amsterdam","Amsterdam, The Netherlands","city","The Netherlands","NL",,,"4.7288999 5.0792072 5.0792072 4.7288999 52.2782266 52.2782266 52.4312289 52.4312289","silva_marina"
"x918031583000571904",2017-10-11 08:32:40,"x335841690","TriodosNL","Inspirerend! Gister was @silva_marina op bezoek. 22 mln. Brazilianen steunen deze groene politica in haar strijd voor een duurzame wereld. <f0><U+009F><U+0092><U+00AA> https://t.co/eSqtzvET39","Twitter Web Client",,,,TRUE,FALSE,10,2,,,"twitter.com/silva_marina/s…","https://t.co/eSqtzvET39","https://twitter.com/silva_marina/status/917851712047730689",,,,,,,,,"x105155795","silva_marina","nl","x917851712047730689","Em agenda de palestras na Europa, conheci o banco holandês dedicado exclusivamente à sustentabilidade há mais de 30 anos, @TriodosNL. https://t.co/4EZapfSW20",,,,,,,,,,,,"silva_marina"
"x917868900683014144",2017-10-10 21:46:13,"x219813262","R3nske","Inspiring day today with Marina Silva and Peter Blom @triodos. ThnX @Eijwoudt https://t.co/mNREwpExfL","Twitter for iPhone",,,,TRUE,FALSE,2,0,,,"twitter.com/eijwoudt/statu…","https://t.co/mNREwpExfL","https://twitter.com/eijwoudt/status/917868134249492481",,,,,,,,,"x207908035 2516380070","triodos Eijwoudt","en","x917868134249492481","Great pleasure to welcoming you at @triodos and have a dialogue on your vision for the world. #obrigado @R3nske https://t.co/igknPScEbd",,,,,,,,,,,,"silva_marina"
"x917868134249492481",2017-10-10 21:43:11,"x2516380070","Eijwoudt","Great pleasure to welcoming you at @triodos and have a dialogue on your vision for the world. #obrigado @R3nske https://t.co/igknPScEbd","Twitter for iPhone",,,,TRUE,FALSE,4,1,"obrigado",,"twitter.com/silva_marina/s…","https://t.co/igknPScEbd","https://twitter.com/silva_marina/status/917851712047730689",,,,,,,,,"x207908035 219813262","triodos R3nske","en","x917851712047730689","Em agenda de palestras na Europa, conheci o banco holandês dedicado exclusivamente à sustentabilidade há mais de 30 anos, @TriodosNL. https://t.co/4EZapfSW20",,,,,,,,,,,,"silva_marina"
"x917821623260020739",2017-10-10 18:38:21,"x52089087","Kennisland","Impressive visitor @Kennisland: Brazilian presidential candidate and activist @silva_marina discussing learning ecosystems https://t.co/Vh7YkKp1N3","Twitter for iPhone",,,,FALSE,FALSE,2,0,,,,,,"http://pbs.twimg.com/media/DLzB5RzX4AA1IIM.jpg","https://t.co/Vh7YkKp1N3","https://twitter.com/Kennisland/status/917821623260020739/photo/1","photo","http://pbs.twimg.com/media/DLzB5RzX4AA1IIM.jpg","https://t.co/Vh7YkKp1N3","https://twitter.com/Kennisland/status/917821623260020739/photo/1",,"x52089087 105155795","Kennisland silva_marina","en",,,,,,,,,,,,,,"silva_marina"
"x915569003438985218",2017-10-04 13:27:15,"x3096819810","FariasJosivania","@silva_marina hj  conheci a senadora Marina CGH.foi um prazer. Falei a ela q continuo torcendo p/ q ""homens de bem"" assumam este país.","Twitter for Android",,"x105155795","silva_marina",FALSE,FALSE,3,0,,,,,,,,,,,,,,"x105155795","silva_marina","pt",,,,,,,,,,,,,,"silva_marina"
"x906972591314915329",2017-09-10 20:08:11,"x131536498","fmei7777","PMDB, PT, PSDB e a gang toda lutando bravamente para desmoralizar a Lava Jato. Porque só a REDE apoia abertamente as investigações? https://t.co/5zsgHSZi4l","Twitter Web Client",,,,TRUE,FALSE,112,43,,,"twitter.com/silva_marina/s…","https://t.co/5zsgHSZi4l","https://twitter.com/silva_marina/status/906526560047583234",,,,,,,,,,,"pt","x906526560047583234","Não conseguimos nem imaginar como isso vinha acontecendo durante tantos anos sem nenhum respeito pelas instituições e pelos brasileiros. https://t.co/uaM9FoszmK",,,,,,,,,,,,"silva_marina"
"x906219017907703809",2017-09-08 18:13:45,"x50439517","rachel_biderman","Nosso artigo publicado nos EUA sobre retrocessos ambientais da política atual no país

https://t.co/1QMdSQUJDi","Twitter for iPhone",,,,FALSE,FALSE,4,2,,,"devex.com/news/opinion-l…","https://t.co/1QMdSQUJDi","https://www.devex.com/news/opinion-land-ruling-threatens-brazil-s-indigenous-peoples-and-its-climate-commitments-90990",,,,,,,,,,,"pt",,,,,,,,,,,,,,"silva_marina"
"x902695408148897793",2017-08-30 00:52:11,"x131536498","fmei7777","3 razões para eu gostar da REDE.
Educação,  combate a desigualdades e desenvolvimento sustentável. https://t.co/Ct1fTeh5U4","Twitter Web Client",,,,TRUE,FALSE,73,16,,,"twitter.com/REDE_18/status…","https://t.co/Ct1fTeh5U4","https://twitter.com/REDE_18/status/902686247835111424",,,,,,,,,,,"pt","x902686247835111424","Na TV, REDE fala sobre a #OperacaoLavaVoto. Assista a íntegra do programa e cenas inéditas no link: https://t.co/5QLqnbxKx9 https://t.co/DFIgPPoDS7",,,,,,,,,,,,"silva_marina"
"x902681339350147072",2017-08-29 23:56:16,"x276535364","Alan_Faleiro","Robozinhos em ação para difamar Marina Silva! #RedeNaTV #AvanteMarina","Twitter for Android",,,,FALSE,FALSE,49,11,"RedeNaTV AvanteMarina",,,,,,,,,,,,,,,"pt",,,,,,,,,,,,,,"silva_marina"
"x902676341618876416",2017-08-29 23:36:25,"x299737042","lysandrocarlos","Gente, tô gostando muito das ideias da Rede, e as propostas da @silva_marina . Dessa vez ela tá me cativando mais.","Twitter Lite",,,,FALSE,FALSE,5,0,,,,,,,,,,,,,,"x105155795","silva_marina","pt",,,,,,,,,,,,,,"silva_marina"
"x901607095002423298",2017-08-27 00:47:37,"x34180354","alcinea","Ato mundial em defesa da Amazônia dia 2 em Macapá. Marina Silva, Molon e a cantora Fernanda Takai já confirmaram presença","Echofon",,,,FALSE,FALSE,36,21,,,,,,,,,,,,,,,,"pt",,,,,,,,,,,,,,"silva_marina"
"x901076904853286915",2017-08-25 13:40:49,"x3215541084","moysespintonet0","Declarações de Lula sobre fim da demarcação: zero
De Ciro: zero

A esquerda: ""cadê Marina Silva?""

Detalhe: a ÚNICA que se pronunciou.","Twitter Web Client",,,,FALSE,FALSE,137,92,,,,,,,,,,,,,,,,"pt",,,,,"https://api.twitter.com/1.1/geo/id/894146230dd1d42d.json","Porto Alegre","Porto Alegre, Brazil","city","Brazil","BR",,,"-51.3061478 -51.012471 -51.012471 -51.3061478 -30.2688069 -30.2688069 -29.9308654 -29.9308654","silva_marina"
"x900428478948020224",2017-08-23 18:44:13,"x85327394","randolfeap","É o maior crime contra a Floresta Amazônica desde os anos 1970.

Governo Federal extingue reserva ao Sul do Amapá. https://t.co/6HwGmEAeVo","Twitter for iPhone",,,,FALSE,FALSE,190,133,,,"g1.globo.com/ap/amapa/notic…","https://t.co/6HwGmEAeVo","http://g1.globo.com/ap/amapa/noticia/governo-federal-extingue-reserva-ao-sul-do-amapa-para-liberar-exploracao-mineral.ghtml?utm_source=whatsapp&utm_medium=share-bar-smart&utm_campaign=share-bar",,,,,,,,,,,"pt",,,,,,,,,,,,,,"silva_marina"
"x899703022607101952",2017-08-21 18:41:30,"x133810737","IDS_Brasil","A nova investida da bancada ruralista para enfraquecer o licenciamento ambiental. Leia post de João P. Capobianco  https://t.co/5qM31TIylr","Twitter Web Client",,,,FALSE,FALSE,20,19,,,"goo.gl/mY3cLu","https://t.co/5qM31TIylr","https://goo.gl/mY3cLu",,,,,,,,,,,"pt",,,,,,,,,,,,,,"silva_marina"
"x899390030329909248",2017-08-20 21:57:47,"x751054010979844096","bruna_estrelaa","Confesso que amo Marina Silva e queria que ela tivesse ganhado as últimas eleições","Twitter for Android",,,,FALSE,FALSE,3,0,,,,,,,,,,,,,,,,"pt",,,,,"https://api.twitter.com/1.1/geo/id/f207b85be9f1513e.json","Recife","Recife, Brazil","city","Brazil","BR",,,"-35.019805 -34.858893 -34.858893 -35.019805 -8.157554 -8.157554 -7.929652 -7.929652","silva_marina"
"x897609415318175745",2017-08-16 00:02:16,"x68311653","profcoutinho","Marina sempre do lado certo das questões. https://t.co/tPIqBj1gFl","Twitter for Android",,,,TRUE,FALSE,14,2,,,"twitter.com/silva_marina/s…","https://t.co/tPIqBj1gFl","https://twitter.com/silva_marina/status/897608876148879360",,,,,,,,,,,"pt","x897608876148879360","A dita reforma política quer institucionalizar o abuso do poder econômico, criando um fundo de 3,6 bilhões de reais com o dinheiro público. https://t.co/kZaksOYr1x",,,,,,,,,,,,"silva_marina"
"x892067424530509825",2017-07-31 17:00:22,"x14907774","gilbertogil","Se você pudesse escolher uma música pra comer neste início de semana, qual seria? https://t.co/IjMb1dGFs4","MLabs Produção",,,,FALSE,FALSE,879,105,,,,,,"http://pbs.twimg.com/media/DGFCl9WXcAA7ui0.jpg","https://t.co/IjMb1dGFs4","https://twitter.com/gilbertogil/status/892067424530509825/photo/1","photo","http://pbs.twimg.com/media/DGFCl9WXcAA7ui0.jpg","https://t.co/IjMb1dGFs4","https://twitter.com/gilbertogil/status/892067424530509825/photo/1",,,,"pt",,,,,,,,,,,,,,"silva_marina"
"x857201904425865217",2017-04-26 11:57:14,"x21747892","tassoazevedo","É nosso maior tesouro. Demarcação Já!  https://t.co/pQfirAweFE","Twitter Web Client",,,,FALSE,FALSE,26,17,,,"goo.gl/v1ZoxK","https://t.co/pQfirAweFE","https://goo.gl/v1ZoxK",,,,,,,,,,,"pt",,,,,,,,,,,,,,"silva_marina"
"x854675116680237056",2017-04-19 12:36:41,"x17871562","socioambiental","No #DiaDoÍndio, o ISA saúda a resistência inabalável dos povos indígenas e convida você a conhecer mais dessa luta https://t.co/r1tkFIkBGx https://t.co/FvLi7jME1T","Twitter for Android",,,,FALSE,FALSE,134,93,"DiaDoÍndio",,"isa.to/2oa1DPd","https://t.co/r1tkFIkBGx","http://isa.to/2oa1DPd","http://pbs.twimg.com/media/C9xqeraW0AAwV60.jpg","https://t.co/FvLi7jME1T","https://twitter.com/socioambiental/status/854675116680237056/photo/1","photo","http://pbs.twimg.com/media/C9xqeraW0AAwV60.jpg","https://t.co/FvLi7jME1T","https://twitter.com/socioambiental/status/854675116680237056/photo/1",,,,"pt",,,,,,,,,,,,,,"silva_marina"
"x842167547281739777",2017-03-16 00:16:04,"x1151011908","REDE_18","Estão querendo aprovar o voto em lista fechada, que tira do eleitor o direito de escolher o seu candidato nas próximas eleições. https://t.co/WipiWNpRS0","Twitter Web Client",,,,FALSE,FALSE,219,195,,,,,,"http://pbs.twimg.com/ext_tw_video_thumb/842166563960700928/pu/img/ZSYRQWfPmSdgkWIn.jpg","https://t.co/WipiWNpRS0","https://twitter.com/maisumnarede/status/842167547281739777/video/1","photo","http://pbs.twimg.com/ext_tw_video_thumb/842166563960700928/pu/img/ZSYRQWfPmSdgkWIn.jpg","https://t.co/WipiWNpRS0","https://twitter.com/maisumnarede/status/842167547281739777/video/1",,,,"pt",,,,,,,,,,,,,,"silva_marina"
"x827501584015884290",2017-02-03 12:58:46,"x1151011908","REDE_18","João Derly assume a liderança da REDE na Câmara dos Deputados. A escolha aconteceu por meio de consenso - https://t.co/FrQbc2Ph0H","Twitter Web Client",,,,FALSE,FALSE,40,6,,,"bit.ly/2jFpKEs","https://t.co/FrQbc2Ph0H","http://bit.ly/2jFpKEs",,,,,,,,,,,"pt",,,,,,,,,,,,,,"silva_marina"
"x823993948129599490",2017-01-24 20:40:40,"x1151011908","REDE_18","Mais provas: relatório da PF aponta desvios de recursos de gráficas contratadas pela chapa Dilma-Temer. #JulgaTSE","Twitter for Android",,,,FALSE,FALSE,46,17,"JulgaTSE",,,,,,,,,,,,,,,"pt",,,,,,,,,,,,,,"silva_marina"
"x808806702711734273",2016-12-13 22:51:59,"x17871562","socioambiental","Licenciamento ambiental em perigo! Não queremos q o Brasil vire #FábricaDeMarianas. Veja recado de @adrixramos - ISA https://t.co/wTq8kZGnhu https://t.co/JwjAMPlav2","Twitter for Android",,,,FALSE,FALSE,90,102,"FábricaDeMarianas",,"isa.to/2gF52Df","https://t.co/wTq8kZGnhu","http://isa.to/2gF52Df","http://pbs.twimg.com/ext_tw_video_thumb/808806230781214720/pu/img/IDU-NIAtqdNAqtYd.jpg","https://t.co/JwjAMPlav2","https://twitter.com/socioambiental/status/808806702711734273/video/1","photo","http://pbs.twimg.com/ext_tw_video_thumb/808806230781214720/pu/img/IDU-NIAtqdNAqtYd.jpg","https://t.co/JwjAMPlav2","https://twitter.com/socioambiental/status/808806702711734273/video/1",,"x25126370","adrixramos","pt",,,,,,,,,,,,,,"silva_marina"
"x806873662859202560",2016-12-08 14:50:46,"x1151011908","REDE_18","A indignação de Heloísa Helena<U+200B> é a mesma da sociedade brasileira. ""Está difícil de suportar"", afirma a ex-senadora alagoana - #ForaRéus https://t.co/Xda9at8lnk","Twitter Web Client",,,,FALSE,FALSE,340,182,"ForaRéus",,,,,"http://pbs.twimg.com/media/CzKXFSxWEAEtMc9.jpg","https://t.co/Xda9at8lnk","https://twitter.com/maisumnarede/status/806873662859202560/photo/1","photo","http://pbs.twimg.com/media/CzKXFSxWEAEtMc9.jpg","https://t.co/Xda9at8lnk","https://twitter.com/maisumnarede/status/806873662859202560/photo/1",,,,"pt",,,,,,,,,,,,,,"silva_marina"
"x806118423616962561",2016-12-06 12:49:43,"x1151011908","REDE_18","""Renan é acostumado a esmagar quem ameaça seu projeto de poder, mas agora encontrou a REDE e a coragem da Justiça em seu caminho"" https://t.co/Tpmc2CiV7i","Twitter Web Client",,,,FALSE,FALSE,306,117,,,,,,"http://pbs.twimg.com/media/Cy_oIANXcAA5Tts.jpg","https://t.co/Tpmc2CiV7i","https://twitter.com/maisumnarede/status/806118423616962561/photo/1","photo","http://pbs.twimg.com/media/Cy_oIANXcAA5Tts.jpg","https://t.co/Tpmc2CiV7i","https://twitter.com/maisumnarede/status/806118423616962561/photo/1",,,,"pt",,,,,,,,,,,,,,"silva_marina"
"x790647189873778690",2016-10-24 20:12:34,"x1151011908","REDE_18","Leia a nota técnica sobre a PEC 241, elaborada pela Executiva Nacional da REDE - https://t.co/UWuqhV8owa https://t.co/SKPYdzwfAT","Twitter Web Client",,,,FALSE,FALSE,86,37,,,"bit.ly/2e725qz","https://t.co/UWuqhV8owa","http://bit.ly/2e725qz","http://pbs.twimg.com/media/CvjxaZuXEAA7umT.jpg","https://t.co/SKPYdzwfAT","https://twitter.com/maisumnarede/status/790647189873778690/photo/1","photo","http://pbs.twimg.com/media/CvjxaZuXEAA7umT.jpg","https://t.co/SKPYdzwfAT","https://twitter.com/maisumnarede/status/790647189873778690/photo/1",,,,"pt",,,,,,,,,,,,,,"silva_marina"
"x790332908313710592",2016-10-23 23:23:43,"x1151011908","REDE_18","Eqto eles tentam nos enquadrar em 1 dos lados da polarização, a gente persiste em discutir oq é melhor p/ a nação. https://t.co/xC5rzn2TNE","Giphy Share",,,,FALSE,FALSE,83,37,,,,,,"http://pbs.twimg.com/tweet_video_thumb/CvfTlwGXYAA1ZgP.jpg","https://t.co/xC5rzn2TNE","https://twitter.com/maisumnarede/status/790332908313710592/photo/1","photo","http://pbs.twimg.com/tweet_video_thumb/CvfTlwGXYAA1ZgP.jpg","https://t.co/xC5rzn2TNE","https://twitter.com/maisumnarede/status/790332908313710592/photo/1",,,,"pt",,,,,,,,,,,,,,"silva_marina"
"x788857658380021761",2016-10-19 21:41:36,"x1151011908","REDE_18","Acompanhe ao vivo o ""Conversas em REDE"" p/ debater e aprofundar a análise em torno da PEC 241 https://t.co/QjSpxDby0m https://t.co/1TdBI8ucr6","Giphy Share",,,,FALSE,FALSE,29,7,,,"bit.ly/2dPgYNq","https://t.co/QjSpxDby0m","http://bit.ly/2dPgYNq","http://pbs.twimg.com/tweet_video_thumb/CvKV28CWcAAgc_H.jpg","https://t.co/1TdBI8ucr6","https://twitter.com/maisumnarede/status/788857658380021761/photo/1","photo","http://pbs.twimg.com/tweet_video_thumb/CvKV28CWcAAgc_H.jpg","https://t.co/1TdBI8ucr6","https://twitter.com/maisumnarede/status/788857658380021761/photo/1",,,,"pt",,,,,,,,,,,,,,"silva_marina"
"x788338728330678272",2016-10-18 11:19:34,"x120753449","PedroIvoBatista","Índios do Alto Xingu viajam 6 mil quilômetros até os EUA em busca de memórias de família - Aliás - Estadão https://t.co/8h6VHGr42s","Facebook",,,,FALSE,FALSE,14,10,,,"fb.me/VBKZAGjE","https://t.co/8h6VHGr42s","http://fb.me/VBKZAGjE",,,,,,,,,,,"pt",,,,,,,,,,,,,,"silva_marina"
"x788103490572779521",2016-10-17 19:44:49,"x1151011908","REDE_18","REDE promove debate virtual sobre a PEC 241. Saiba mais: https://t.co/tchPvsu8rn https://t.co/sG1Brdf6I5","Twitter Web Client",,,,FALSE,FALSE,29,12,,,"bit.ly/2edPuCg","https://t.co/tchPvsu8rn","http://bit.ly/2edPuCg","http://pbs.twimg.com/media/Cu_nsVsXYAA_Nvg.jpg","https://t.co/sG1Brdf6I5","https://twitter.com/maisumnarede/status/788103490572779521/photo/1","photo","http://pbs.twimg.com/media/Cu_nsVsXYAA_Nvg.jpg","https://t.co/sG1Brdf6I5","https://twitter.com/maisumnarede/status/788103490572779521/photo/1",,,,"pt",,,,,,,,,,,,,,"silva_marina"
"x787997912928223232",2016-10-17 12:45:17,"x35524446","ecodebate","Sustentabilidade, um novo paradigma, artigo de Montserrat Martins https://t.co/IHAvix9gKq","Hootsuite",,,,FALSE,FALSE,9,6,,,"ecodebate.com.br/2016/10/17/sus…","https://t.co/IHAvix9gKq","https://www.ecodebate.com.br/2016/10/17/sustentabilidade-um-novo-paradigma-artigo-de-montserrat-martins/",,,,,,,,,,,"pt",,,,,,,,,,,,,,"silva_marina"
"x784040386016768000",2016-10-06 14:39:29,"x17871562","socioambiental","Desmatamento dentro das Terras Indígenas da Amazônia, já é quase o triplo do registrado em todo o ano passado: https://t.co/5fhFsnvTgN","Twitter Web Client",,,,FALSE,FALSE,30,60,,,"isa.to/2dHqIfT","https://t.co/5fhFsnvTgN","http://isa.to/2dHqIfT",,,,,,,,,,,"pt",,,,,,,,,,,,,,"silva_marina"
"x771784919911636992",2016-09-02 19:00:38,"x1151011908","REDE_18","Se tem uma opinião diferente da nossa, tudo bem. https://t.co/mqZ9hXBlga","Giphy Share",,,,FALSE,FALSE,140,62,,,,,,"http://pbs.twimg.com/tweet_video_thumb/CrXuStqWEAAGOP6.jpg","https://t.co/mqZ9hXBlga","https://twitter.com/maisumnarede/status/771784919911636992/photo/1","photo","http://pbs.twimg.com/tweet_video_thumb/CrXuStqWEAAGOP6.jpg","https://t.co/mqZ9hXBlga","https://twitter.com/maisumnarede/status/771784919911636992/photo/1",,,,"pt",,,,,,,,,,,,,,"silva_marina"
"x768601249826627584",2016-08-25 00:09:52,"x156660483","bichoriveros","No es hacer cosas para las personas, es hacer con las personas #MarinaSilva #GramoPy","Twitter for Android",,,,FALSE,FALSE,28,11,"MarinaSilva GramoPy",,,,,,,,,,,,,,,"es",,,,,,,,,,,,,,"silva_marina"
"x768600828961783812",2016-08-25 00:08:12,"x2425735435","gramoideas","@silva_marina en #GramoPy ""No se trata de hacer las cosas para las personas sino CON las personas""","Twitter Web Client",,"x105155795","silva_marina",FALSE,FALSE,7,4,"GramoPy",,,,,,,,,,,,,"x105155795","silva_marina","es",,,,,,,,,,,,,,"silva_marina"
"x768599992584040449",2016-08-25 00:04:52,"x255139147","Cl4f3r","""No se trata de hacer las cosas para las personas, sino, con las personas"" @silva_marina en @GramoPY","Twitter for Android",,,,FALSE,FALSE,6,3,,,,,,,,,,,,,,"x105155795","silva_marina","es",,,,,"https://api.twitter.com/1.1/geo/id/01f2931e2c7f48a8.json","Asuncion","Asuncion, Paraguay","city","Paraguay","PY",,,"-57.6743043 -57.5377312 -57.5377312 -57.6743043 -25.3479296 -25.3479296 -25.2525978 -25.2525978","silva_marina"
"x768599816100347904",2016-08-25 00:04:10,"x136366351","Aldamego","En momentos de grades cambios hay que dejar soñar a las personas @silva_marina   #GramoPy","Twitter for Android",,,,FALSE,FALSE,5,2,"GramoPy",,,,,,,,,,,,,"x105155795","silva_marina","es",,,,,"https://api.twitter.com/1.1/geo/id/01f2931e2c7f48a8.json","Asuncion","Asuncion, Paraguay","city","Paraguay","PY",,,"-57.6743043 -57.5377312 -57.5377312 -57.6743043 -25.3479296 -25.3479296 -25.2525978 -25.2525978","silva_marina"
"x768599286955274240",2016-08-25 00:02:04,"x136366351","Aldamego","'La politica es para servir"" @silva_marina en @GramoPY","Twitter for Android",,,,FALSE,FALSE,3,0,,,,,,,,,,,,,,"x105155795","silva_marina","es",,,,,"https://api.twitter.com/1.1/geo/id/01f2931e2c7f48a8.json","Asuncion","Asuncion, Paraguay","city","Paraguay","PY",,,"-57.6743043 -57.5377312 -57.5377312 -57.6743043 -25.3479296 -25.3479296 -25.2525978 -25.2525978","silva_marina"
"x768599089453887489",2016-08-25 00:01:17,"x340504235","PameGallagher","La materia prima más concreta de nuestra vida , son los sueños. Marina Silva.  @silva_marina #GramoPy","Twitter for Android",,,,FALSE,FALSE,6,0,"GramoPy",,,,,,,,,,,,,"x105155795","silva_marina","es",,,,,"https://api.twitter.com/1.1/geo/id/01f2931e2c7f48a8.json","Asuncion","Asuncion, Paraguay","city","Paraguay","PY",,,"-57.6743043 -57.5377312 -57.5377312 -57.6743043 -25.3479296 -25.3479296 -25.2525978 -25.2525978","silva_marina"
"x768599041101930496",2016-08-25 00:01:05,"x116318623","silviagimenezf","La materia prima más concreta de una persona son los sueños @silva_marina #gramo","Twitter for iPhone",,,,FALSE,FALSE,3,0,"gramo",,,,,,,,,,,,,"x105155795","silva_marina","es",,,,,,,,,,,,,,"silva_marina"
"x768598836432478209",2016-08-25 00:00:17,"x57128661","bdefelippe","'No seamos pragmáticos, seamos soñadores!' @silva_marina en #GramoPy","Twitter for iPhone",,,,FALSE,FALSE,18,15,"GramoPy",,,,,,,,,,,,,"x105155795","silva_marina","es",,,,,"https://api.twitter.com/1.1/geo/id/01f2931e2c7f48a8.json","Asuncion","Asuncion, Paraguay","city","Paraguay","PY",,,"-57.6743043 -57.5377312 -57.5377312 -57.6743043 -25.3479296 -25.3479296 -25.2525978 -25.2525978","silva_marina"
"x768598804060831744",2016-08-25 00:00:09,"x255139147","Cl4f3r","""La materia prima de una persona.. De una sociedad.. Son sueños."" @silva_marina en @GramoPY","Twitter for Android",,,,FALSE,FALSE,2,0,,,,,,,,,,,,,,"x105155795","silva_marina","es",,,,,"https://api.twitter.com/1.1/geo/id/01f2931e2c7f48a8.json","Asuncion","Asuncion, Paraguay","city","Paraguay","PY",,,"-57.6743043 -57.5377312 -57.5377312 -57.6743043 -25.3479296 -25.3479296 -25.2525978 -25.2525978","silva_marina"
"x768598126227759104",2016-08-24 23:57:27,"x2425735435","gramoideas","Palabras de @silva_marina en #GramoPy <f0><U+009F><U+0091><U+008F><f0><U+009F><U+0091><U+008F> https://t.co/fCOIva1fYs","Twitter Web Client",,,,FALSE,FALSE,25,32,"GramoPy",,,,,"http://pbs.twimg.com/media/Cqqbi5zXgAAaOVY.jpg","https://t.co/fCOIva1fYs","https://twitter.com/GramoPY/status/768598126227759104/photo/1","photo","http://pbs.twimg.com/media/Cqqbi5zXgAAaOVY.jpg","https://t.co/fCOIva1fYs","https://twitter.com/GramoPY/status/768598126227759104/photo/1",,"x105155795","silva_marina","es",,,,,,,,,,,,,,"silva_marina"
"x768513336350834688",2016-08-24 18:20:32,"x1403659478","SantiPenap","Excelente presentación de @silva_marina sobre medio ambiente y desarrollo sostenible https://t.co/7XrujT41sz","Twitter for iPhone",,,,FALSE,FALSE,8,7,,,,,,"http://pbs.twimg.com/media/CqpOyNtWEAAcDit.jpg","https://t.co/7XrujT41sz","https://twitter.com/santi_penap/status/768513336350834688/photo/1","photo","http://pbs.twimg.com/media/CqpOyNtWEAAcDit.jpg","https://t.co/7XrujT41sz","https://twitter.com/santi_penap/status/768513336350834688/photo/1",,"x105155795","silva_marina","es",,,,,,,,,,,,,,"silva_marina"
"x768507676162715648",2016-08-24 17:58:02,"x1151011908","REDE_18","Há um esforço para nos fazer voltar ao tempo da impunidade, alerta Marina. Leia no site: https://t.co/lmX5ruPhQZ https://t.co/eyGyHPrS0w","Twitter Web Client",,,,FALSE,FALSE,37,22,,,"bit.ly/2bGscFV","https://t.co/lmX5ruPhQZ","http://bit.ly/2bGscFV","http://pbs.twimg.com/media/CqpI7l5XgAA9nnb.jpg","https://t.co/eyGyHPrS0w","https://twitter.com/maisumnarede/status/768507676162715648/photo/1","photo","http://pbs.twimg.com/media/CqpI7l5XgAA9nnb.jpg","https://t.co/eyGyHPrS0w","https://twitter.com/maisumnarede/status/768507676162715648/photo/1",,,,"pt",,,,,,,,,,,,,,"silva_marina"
"x768187742492647424",2016-08-23 20:46:44,"x1151011908","REDE_18","Conquistas não devem ser partidarizadas e nem funalizadas, mas institucionalizadas. #OBrasilVaiFazer18 https://t.co/UGzWEg3QKj","Twitter Web Client",,,,FALSE,FALSE,54,24,"OBrasilVaiFazer18",,,,,"http://pbs.twimg.com/media/Cqkmpz5WAAAKWAe.jpg","https://t.co/UGzWEg3QKj","https://twitter.com/maisumnarede/status/768187742492647424/photo/1","photo","http://pbs.twimg.com/media/Cqkmpz5WAAAKWAe.jpg","https://t.co/UGzWEg3QKj","https://twitter.com/maisumnarede/status/768187742492647424/photo/1",,,,"pt",,,,,,,,,,,,,,"silva_marina"
"x767800756103700480",2016-08-22 19:08:59,"x1151011908","REDE_18","Almejamos o fortalecimento da sociedade civil e da cidadania ativa - https://t.co/XQ0MrfkR85 https://t.co/kbJOzplRxc","Twitter Web Client",,,,FALSE,FALSE,49,20,,,"bit.ly/manifestodaREDE","https://t.co/XQ0MrfkR85","http://bit.ly/manifestodaREDE","http://pbs.twimg.com/media/CqfEq5XWYAASTUk.jpg","https://t.co/kbJOzplRxc","https://twitter.com/maisumnarede/status/767800756103700480/photo/1","photo","http://pbs.twimg.com/media/CqfEq5XWYAASTUk.jpg","https://t.co/kbJOzplRxc","https://twitter.com/maisumnarede/status/767800756103700480/photo/1",,,,"pt",,,,,,,,,,,,,,"silva_marina"
"x767745855365509120",2016-08-22 15:30:50,"x17871562","socioambiental","O premiado ""Para onde foram as andorinhas?"", parceria do ISA com o @InstitutoCatitu, agora para você assistir online https://t.co/kxM4dCH9u4","Twitter Web Client",,,,FALSE,FALSE,19,13,,,"isa.to/2bGWu8T","https://t.co/kxM4dCH9u4","http://isa.to/2bGWu8T",,,,,,,,,"x3020489993","InstitutoCatitu","pt",,,,,,,,,,,,,,"silva_marina"
"x765902223331164160",2016-08-17 13:24:54,"x1151011908","REDE_18","A maneira como se ganha determina a maneira como se governa. Nesta eleição #OBrasilVaiFazer18 https://t.co/LC2oyBv90f","Twitter Web Client",,,,FALSE,FALSE,42,28,"OBrasilVaiFazer18",,,,,"http://pbs.twimg.com/media/CqEHosgXEAAt3a0.jpg","https://t.co/LC2oyBv90f","https://twitter.com/maisumnarede/status/765902223331164160/photo/1","photo","http://pbs.twimg.com/media/CqEHosgXEAAt3a0.jpg","https://t.co/LC2oyBv90f","https://twitter.com/maisumnarede/status/765902223331164160/photo/1",,,,"pt",,,,,,,,,,,,,,"silva_marina"
"x765618746895499264",2016-08-16 18:38:28,"x1151011908","REDE_18","REDE tem 10 candidatos a prefeito e 11 a vice nas capitais do país. Saiba mais: https://t.co/UUtndVy1Yr https://t.co/5fW5RsSc6j","Twitter Web Client",,,,FALSE,FALSE,29,15,,,"bit.ly/2b1YnNK","https://t.co/UUtndVy1Yr","http://bit.ly/2b1YnNK","http://pbs.twimg.com/media/CqAGKTlWEAAbEqc.jpg","https://t.co/5fW5RsSc6j","https://twitter.com/maisumnarede/status/765618746895499264/photo/1","photo","http://pbs.twimg.com/media/CqAGKTlWEAAbEqc.jpg","https://t.co/5fW5RsSc6j","https://twitter.com/maisumnarede/status/765618746895499264/photo/1",,,,"pt",,,,,,,,,,,,,,"silva_marina"
"x765586702865948673",2016-08-16 16:31:08,"x1151011908","REDE_18","Chegou a hora da sociedade assumir a sua responsabilidade para entrar em um novo ciclo. O Brasil vai fazer 18! https://t.co/LWM8LhvWm9","Twitter Web Client",,,,FALSE,FALSE,47,21,,,,,,"http://pbs.twimg.com/media/Cp_o0pFWEAACioI.jpg","https://t.co/LWM8LhvWm9","https://twitter.com/maisumnarede/status/765586702865948673/photo/1","photo","http://pbs.twimg.com/media/Cp_o0pFWEAACioI.jpg","https://t.co/LWM8LhvWm9","https://twitter.com/maisumnarede/status/765586702865948673/photo/1",,,,"pt",,,,,,,,,,,,,,"silva_marina"
"x763101403548090369",2016-08-09 19:55:27,"x1151011908","REDE_18","Reafirmamos o compromisso em combater o colonialismo, o populismo e a política como 1 fim em si mesmo. #Rio2016 https://t.co/6q004CCDUo","Twitter Web Client",,,,FALSE,FALSE,56,19,"Rio2016",,,,,"http://pbs.twimg.com/media/CpcUWUzWcAA2VlD.jpg","https://t.co/6q004CCDUo","https://twitter.com/maisumnarede/status/763101403548090369/photo/1","photo","http://pbs.twimg.com/media/CpcUWUzWcAA2VlD.jpg","https://t.co/6q004CCDUo","https://twitter.com/maisumnarede/status/763101403548090369/photo/1",,,,"pt",,,,,,,,,,,,,,"silva_marina"
"x760645779350519808",2016-08-03 01:17:40,"x1151011908","REDE_18","Em Uiramutã (RR), coração da Terra Indígena Raposa Serra do Sol, a REDE tem orgulho d lançar uma chapa 100% indígena https://t.co/vqJkGpxikT","Twitter Web Client",,,,FALSE,FALSE,65,29,,,,,,"http://pbs.twimg.com/media/Co5azvjW8AAT_GU.jpg","https://t.co/vqJkGpxikT","https://twitter.com/maisumnarede/status/760645779350519808/photo/1","photo","http://pbs.twimg.com/media/Co5azvjW8AAT_GU.jpg","https://t.co/vqJkGpxikT","https://twitter.com/maisumnarede/status/760645779350519808/photo/1",,,,"pt",,,,,,,,,,,,,,"silva_marina"
"x760482525189926913",2016-08-02 14:28:57,"x1151011908","REDE_18","Eleições de 2016 não são trampolim para 2018, mas uma oportunidade de repensar as cidades - https://t.co/Mx8A04aPQQ https://t.co/rqq6eCGAbI","Twitter Web Client",,,,FALSE,FALSE,53,32,,,"bit.ly/repensarcidades","https://t.co/Mx8A04aPQQ","http://bit.ly/repensarcidades","http://pbs.twimg.com/media/Co3GpavWgAEy7Al.jpg","https://t.co/rqq6eCGAbI","https://twitter.com/maisumnarede/status/760482525189926913/photo/1","photo","http://pbs.twimg.com/media/Co3GpavWgAEy7Al.jpg","https://t.co/rqq6eCGAbI","https://twitter.com/maisumnarede/status/760482525189926913/photo/1",,,,"pt",,,,,,,,,,,,,,"silva_marina"
"x760113796711079937",2016-08-01 14:03:46,"x1151011908","REDE_18","P/ 92,5% dos brasileiros, os políticos devem ser julgados na justiça comum como qqr cidadão https://t.co/0BrkvUaiCa https://t.co/koDDJ5G9KC","Twitter Web Client",,,,FALSE,FALSE,92,44,,,"bit.ly/2aJ7fuR","https://t.co/0BrkvUaiCa","http://bit.ly/2aJ7fuR","http://pbs.twimg.com/media/Cox29PEXgAAIoic.jpg","https://t.co/koDDJ5G9KC","https://twitter.com/maisumnarede/status/760113796711079937/photo/1","photo","http://pbs.twimg.com/media/Cox29PEXgAAIoic.jpg","https://t.co/koDDJ5G9KC","https://twitter.com/maisumnarede/status/760113796711079937/photo/1",,,,"pt",,,,,,,,,,,,,,"silva_marina"
"x759851918197796864",2016-07-31 20:43:09,"x45953391","alessandromolon","Convenção oficializa a escolha de Molon para concorrer à Prefeitura do Rio! #JuntosPeloRio #eqp https://t.co/7cPxV7KKSf","Twitter for iPhone",,,,FALSE,FALSE,133,26,"JuntosPeloRio eqp",,,,,"http://pbs.twimg.com/media/CouJRzKVYAAeti8.jpg","https://t.co/7cPxV7KKSf","https://twitter.com/alessandromolon/status/759851918197796864/photo/1","photo","http://pbs.twimg.com/media/CouJRzKVYAAeti8.jpg","https://t.co/7cPxV7KKSf","https://twitter.com/alessandromolon/status/759851918197796864/photo/1",,,,"pt",,,,,,,,,,,,,,"silva_marina"
"x753236717386264577",2016-07-13 14:36:42,"x1151011908","REDE_18","Acompanhe o debate online sobre a candidatura da REDE à Presidência da Câmara, às 13h, no https://t.co/8wt3PNtffH https://t.co/AhFnq7cvau","Twitter Web Client",,,,FALSE,FALSE,36,17,,,"bit.ly/facedaREDE","https://t.co/8wt3PNtffH","http://bit.ly/facedaREDE","http://pbs.twimg.com/media/CnQImFCW8AAP_Dk.jpg","https://t.co/AhFnq7cvau","https://twitter.com/maisumnarede/status/753236717386264577/photo/1","photo","http://pbs.twimg.com/media/CnQImFCW8AAP_Dk.jpg","https://t.co/AhFnq7cvau","https://twitter.com/maisumnarede/status/753236717386264577/photo/1",,,,"pt",,,,,,,,,,,,,,"silva_marina"
"x752579710098481152",2016-07-11 19:05:59,"x1151011908","REDE_18","Você sabe o que não é a função de um vereador? #FiqueSabendo https://t.co/EGSSCz7PGe","Giphy Share",,,,FALSE,FALSE,91,69,"FiqueSabendo",,,,,"http://pbs.twimg.com/tweet_video_thumb/CnGzQUvXYAAe1Kc.jpg","https://t.co/EGSSCz7PGe","https://twitter.com/maisumnarede/status/752579710098481152/photo/1","photo","http://pbs.twimg.com/tweet_video_thumb/CnGzQUvXYAAe1Kc.jpg","https://t.co/EGSSCz7PGe","https://twitter.com/maisumnarede/status/752579710098481152/photo/1",,,,"pt",,,,,,,,,,,,,,"silva_marina"
"x750023516578279424",2016-07-04 17:48:35,"x1151011908","REDE_18","Nós acreditamos que a plena democracia só se consolida numa Cultura de Paz e Respeito. Vamos praticar? https://t.co/QAwMI7cuPG","Giphy Share",,,,FALSE,FALSE,94,58,,,,,,"http://pbs.twimg.com/tweet_video_thumb/CmieaUcWIAEzgG2.jpg","https://t.co/QAwMI7cuPG","https://twitter.com/maisumnarede/status/750023516578279424/photo/1","photo","http://pbs.twimg.com/tweet_video_thumb/CmieaUcWIAEzgG2.jpg","https://t.co/QAwMI7cuPG","https://twitter.com/maisumnarede/status/750023516578279424/photo/1",,,,"pt",,,,,,,,,,,,,,"silva_marina"
"x747201376497901568",2016-06-26 22:54:25,"x1151011908","REDE_18","Que tal ser um mobilizador da verdade para combater os boatos virtuais? https://t.co/TskIalC6cc","Twitter Web Client",,,,FALSE,FALSE,81,40,,,,,,"http://pbs.twimg.com/media/Cl6XpT0WEAAqpUv.jpg","https://t.co/TskIalC6cc","https://twitter.com/maisumnarede/status/747201376497901568/photo/1","photo","http://pbs.twimg.com/media/Cl6XpT0WEAAqpUv.jpg","https://t.co/TskIalC6cc","https://twitter.com/maisumnarede/status/747201376497901568/photo/1",,,,"pt",,,,,,,,,,,,,,"silva_marina"
"x745070583138947074",2016-06-21 01:47:24,"x14840606","rodaviva","“O Brasil não precisa de um plano de fuga, o Brasil precisa de um plano de voo” @silva_marina no #RodaViva","Twitter Web Client",,,,FALSE,FALSE,118,41,"RodaViva",,,,,,,,,,,,,"x105155795","silva_marina","pt",,,,,"https://api.twitter.com/1.1/geo/id/68e019afec7d0ba5.json","Sao Paulo","Sao Paulo, Brazil","city","Brazil","BR",,,"-46.826039 -46.365052 -46.365052 -46.826039 -24.008814 -24.008814 -23.356792 -23.356792","silva_marina"
"x745067578322731008",2016-06-21 01:35:28,"x86768928","Marcele_Silvano","Assistindo e gostando da participação da @silva_marina no #rodaviva","Twitter for Android",,,,FALSE,FALSE,4,0,"rodaviva",,,,,,,,,,,,,"x105155795","silva_marina","pt",,,,,,,,,,,,,,"silva_marina"
"x745065527056408576",2016-06-21 01:27:18,"x158482123","outoforder88","""Equipe econômica de Temer é competente, mas o governo é politicamente insolvente."" (@silva_marina)","TweetDeck",,,,FALSE,FALSE,3,2,,,,,,,,,,,,,,"x105155795","silva_marina","pt",,,,,,,,,,,,,,"silva_marina"
"x745064813257187328",2016-06-21 01:24:28,"x500292529","JonathasRodrig9","""O impeachment cumpre com a legalidade, mas não alcança a finalidade.""
@silva_marina 
#MarinaRodaViva","Twitter Web Client",,,,FALSE,FALSE,56,20,"MarinaRodaViva",,,,,,,,,,,,,"x105155795","silva_marina","pt",,,,,,,,,,,,,,"silva_marina"
"x745064363409702913",2016-06-21 01:22:41,"x16976843","raulchristiano","O novo ativismo é @silva_marina !!! #RodaViva @rodaviva","Echofon",,,,FALSE,FALSE,40,5,"RodaViva",,,,,,,,,,,,,"x105155795 14840606","silva_marina rodaviva","pt",,,,,,,,,,,,,,"silva_marina"
"x745064090092048385",2016-06-21 01:21:36,"x500292529","JonathasRodrig9","@silva_marina com muita lucidez no @rodaviva 
#MarinaRodaViva","Twitter Web Client",,"x105155795","silva_marina",FALSE,FALSE,4,2,"MarinaRodaViva",,,,,,,,,,,,,"x105155795 14840606","silva_marina rodaviva","pt",,,,,,,,,,,,,,"silva_marina"
"x745062469962502144",2016-06-21 01:15:10,"x14840606","rodaviva","“O que faz a gente diferente não é o discurso, é a prática! Eu quero que a minha prática não seja deturpada” @silva_marina no #Rodaviva","Twitter Web Client",,,,FALSE,FALSE,95,34,"Rodaviva",,,,,,,,,,,,,"x105155795","silva_marina","pt",,,,,"https://api.twitter.com/1.1/geo/id/68e019afec7d0ba5.json","Sao Paulo","Sao Paulo, Brazil","city","Brazil","BR",,,"-46.826039 -46.365052 -46.365052 -46.826039 -24.008814 -24.008814 -23.356792 -23.356792","silva_marina"
"x745058730706935813",2016-06-21 01:00:18,"x14840606","rodaviva","O #RodaViva com @silva_marina  esta no ar! Assista na @tvcultura ou pelo site https://t.co/E7HF9InvlI. https://t.co/ItqOscaLp5","Hootsuite",,,,FALSE,FALSE,110,35,"RodaViva",,"ow.ly/7Kx5301sIBX","https://t.co/E7HF9InvlI","http://ow.ly/7Kx5301sIBX","http://pbs.twimg.com/media/Clb69tqWEAABVxE.jpg","https://t.co/ItqOscaLp5","https://twitter.com/rodaviva/status/745058730706935813/photo/1","photo","http://pbs.twimg.com/media/Clb69tqWEAABVxE.jpg","https://t.co/ItqOscaLp5","https://twitter.com/rodaviva/status/745058730706935813/photo/1",,"x105155795 14306125","silva_marina tvcultura","pt",,,,,,,,,,,,,,"silva_marina"
"x741775766271201281",2016-06-11 23:34:58,"x2562113852","tmsantos189","Concordo Marina. https://t.co/iCB64aqjhh","Twitter for Android",,,,TRUE,FALSE,1,0,,,"twitter.com/silva_marina/s…","https://t.co/iCB64aqjhh","https://twitter.com/silva_marina/status/741772629334495232",,,,,,,,,,,"pt","x741772629334495232","Todo apoio à Lava Jato; a lei é para todos - Marina Silva https://t.co/UDcL9MKFMk",,,,,,,,,,,,"silva_marina"
"x735481428901793792",2016-05-25 14:43:31,"x21747892","tassoazevedo","Não basta ser pai, tem que participar...  https://t.co/k5ua4SsALO","Twitter Web Client",,,,FALSE,FALSE,33,10,,,"goo.gl/i5o5Cw","https://t.co/k5ua4SsALO","http://goo.gl/i5o5Cw",,,,,,,,,,,"pt",,,,,,,,,,,,,,"silva_marina"
"x731120865534967809",2016-05-13 13:56:12,"x1151011908","REDE_18","Ambos promoveram, ombro a ombro, inúmeros retrocessos - https://t.co/bygnXI02zP #NemDilmaNemTemer #NovaEleiçãoTSE https://t.co/eSIgGBtoJC","Twitter Web Client",,,,FALSE,FALSE,89,50,"NemDilmaNemTemer NovaEleiçãoTSE",,"bit.ly/1shurEA","https://t.co/bygnXI02zP","http://bit.ly/1shurEA","http://pbs.twimg.com/media/CiV2jV-W0AAylMj.jpg","https://t.co/eSIgGBtoJC","https://twitter.com/maisumnarede/status/731120865534967809/photo/1","photo","http://pbs.twimg.com/media/CiV2jV-W0AAylMj.jpg","https://t.co/eSIgGBtoJC","https://twitter.com/maisumnarede/status/731120865534967809/photo/1",,,,"es",,,,,,,,,,,,,,"silva_marina"
"x730168584324980737",2016-05-10 22:52:11,"x1151011908","REDE_18","REDE e PPS são os autores da representação. Relembre (https://t.co/2ev44sVAdj) https://t.co/iqYJbEJmlK","Twitter Web Client",,,,FALSE,FALSE,99,36,,,"bit.ly/1T4uytu","https://t.co/2ev44sVAdj","http://bit.ly/1T4uytu","http://pbs.twimg.com/media/CiIUdRrWUAE5vP3.jpg","https://t.co/iqYJbEJmlK","https://twitter.com/maisumnarede/status/730168584324980737/photo/1","photo","http://pbs.twimg.com/media/CiIUdRrWUAE5vP3.jpg","https://t.co/iqYJbEJmlK","https://twitter.com/maisumnarede/status/730168584324980737/photo/1",,,,"pt",,,,,,,,,,,,,,"silva_marina"
"x728767297800839169",2016-05-07 02:03:58,"x52467382","mariana_godoy","Estamos prontos! #MarianaGodoyEntrevista com @silva_marina ao vivo! Participe<f0><U+009F><U+0098><U+0098> https://t.co/cADU9JHFbx","Twitter for iPhone",,,,FALSE,FALSE,324,65,"MarianaGodoyEntrevista",,,,,"http://pbs.twimg.com/media/Ch0Z92UWwAAn99S.jpg","https://t.co/cADU9JHFbx","https://twitter.com/mariana_godoy/status/728767297800839169/photo/1","photo","http://pbs.twimg.com/media/Ch0Z92UWwAAn99S.jpg","https://t.co/cADU9JHFbx","https://twitter.com/mariana_godoy/status/728767297800839169/photo/1",,"x105155795","silva_marina","pt",,,,,,,,,,,,,,"silva_marina"
"x728636485415649280",2016-05-06 17:24:10,"x1151011908","REDE_18","Não é verdade que a ação da REDE no STF pede a anulação da votação do impeachment. Saiba + https://t.co/k5FXj48hUa https://t.co/Tb1Gib24Un","Twitter Web Client",,,,FALSE,FALSE,71,55,,,"glo.bo/1SSjUt7","https://t.co/k5FXj48hUa","http://glo.bo/1SSjUt7","http://pbs.twimg.com/media/ChyjBJLW0AA1Cuc.jpg","https://t.co/Tb1Gib24Un","https://twitter.com/maisumnarede/status/728636485415649280/photo/1","photo","http://pbs.twimg.com/media/ChyjBJLW0AA1Cuc.jpg","https://t.co/Tb1Gib24Un","https://twitter.com/maisumnarede/status/728636485415649280/photo/1",,,,"pt",,,,,,,,,,,,,,"silva_marina"
"x717059527120650240",2016-04-04 18:41:28,"x1151011908","REDE_18","REDE lança campanha por nova eleição em ato nacional em Brasília. Saiba mais: https://t.co/AofXMF3EAs https://t.co/a05ccU1iwF","Giphy Share",,,,FALSE,FALSE,111,85,,,"bit.ly/1S2lQur","https://t.co/AofXMF3EAs","http://bit.ly/1S2lQur","http://pbs.twimg.com/tweet_video_thumb/CfOB1zkXEAAq_04.jpg","https://t.co/a05ccU1iwF","https://twitter.com/maisumnarede/status/717059527120650240/photo/1","photo","http://pbs.twimg.com/tweet_video_thumb/CfOB1zkXEAAq_04.jpg","https://t.co/a05ccU1iwF","https://twitter.com/maisumnarede/status/717059527120650240/photo/1",,,,"pt",,,,,,,,,,,,,,"silva_marina"
"x716995807107424256",2016-04-04 14:28:16,"x1151011908","REDE_18","Para a REDE, a solução para a atual e grave crise política do país não está nem na presidente Dilma, nem no seu vice https://t.co/ySMgTAJIh4","Twitter Web Client",,,,FALSE,FALSE,73,52,,,,,,"http://pbs.twimg.com/media/CfNH4uxXEAAIzdE.jpg","https://t.co/ySMgTAJIh4","https://twitter.com/maisumnarede/status/716995807107424256/photo/1","photo","http://pbs.twimg.com/media/CfNH4uxXEAAIzdE.jpg","https://t.co/ySMgTAJIh4","https://twitter.com/maisumnarede/status/716995807107424256/photo/1",,,,"pt",,,,,,,,,,,,,,"silva_marina"
"x716660764589879297",2016-04-03 16:16:55,"x1151011908","REDE_18","https://t.co/aOkPt25j5k","Twitter for Android",,,,FALSE,FALSE,113,73,,,,,,"http://pbs.twimg.com/media/CfIXKBaW4AAKfya.jpg","https://t.co/aOkPt25j5k","https://twitter.com/maisumnarede/status/716660764589879297/photo/1","photo","http://pbs.twimg.com/media/CfIXKBaW4AAKfya.jpg","https://t.co/aOkPt25j5k","https://twitter.com/maisumnarede/status/716660764589879297/photo/1",,,,"und",,,,,,,,,,,,,,"silva_marina"
"x715998748661399555",2016-04-01 20:26:18,"x1151011908","REDE_18","Heloísa Helena diz que ""o TSE deve cassar diplomas contaminados pela propina"" - https://t.co/nQAkNe99M4 https://t.co/BBGoa8kgW9","Twitter Web Client",,,,FALSE,FALSE,108,65,,,"bit.ly/1ZRGseY","https://t.co/nQAkNe99M4","http://bit.ly/1ZRGseY","http://pbs.twimg.com/media/Ce-9ESKWwAEFlXe.jpg","https://t.co/BBGoa8kgW9","https://twitter.com/maisumnarede/status/715998748661399555/photo/1","photo","http://pbs.twimg.com/media/Ce-9ESKWwAEFlXe.jpg","https://t.co/BBGoa8kgW9","https://twitter.com/maisumnarede/status/715998748661399555/photo/1",,,,"pt",,,,,,,,,,,,,,"silva_marina"
"x715648642191859712",2016-03-31 21:15:07,"x1151011908","REDE_18","Eleitores preferem novas eleições, segundo pesquisa da Ideia Inteligência Acesse: https://t.co/zk42CWWoTk https://t.co/c6Etnl8qIJ","Twitter Web Client",,,,FALSE,FALSE,77,73,,,"bit.ly/1RNy0Kw","https://t.co/zk42CWWoTk","http://bit.ly/1RNy0Kw","http://pbs.twimg.com/media/Ce5-pWxVIAAYxbI.jpg","https://t.co/c6Etnl8qIJ","https://twitter.com/maisumnarede/status/715648642191859712/photo/1","photo","http://pbs.twimg.com/media/Ce5-pWxVIAAYxbI.jpg","https://t.co/c6Etnl8qIJ","https://twitter.com/maisumnarede/status/715648642191859712/photo/1",,,,"pt",,,,,,,,,,,,,,"silva_marina"
"x710082332238209024",2016-03-16 12:36:35,"x16814640","MiriamLeitaoCom","“Delcídio esclarece”, coluna de hoje, sobre como agora se entende porque foi feita Belo Monte, apesar de tudo. https://t.co/kJKm0nDPqK","Twitterrific for Mac",,,,FALSE,FALSE,252,209,,,"blogs.oglobo.globo.com/miriam-leitao/…","https://t.co/kJKm0nDPqK","http://blogs.oglobo.globo.com/miriam-leitao/post/delcidio-esclarece.html",,,,,,,,,,,"pt",,,,,,,,,,,,,,"silva_marina"
"x709557202730803200",2016-03-15 01:49:54,"x88711472","Mleitaonetto","Para Marina, caminho para fim da crise passa pelo TSE https://t.co/0Yp2oFU5WA","Twitter Web Client",,,,FALSE,FALSE,77,24,,,"g1.globo.com/politica/blog/…","https://t.co/0Yp2oFU5WA","http://g1.globo.com/politica/blog/matheus-leitao/post/para-marina-caminho-para-fim-da-crise-passa-pelo-tse.html",,,,,,,,,,,"pt",,,,,,,,,,,,,,"silva_marina"
"x709405083755286528",2016-03-14 15:45:26,"x1151011908","REDE_18","<U+26A0> https://t.co/utLB8jA1cd","Twitter Web Client",,,,FALSE,FALSE,168,95,,,,,,"http://pbs.twimg.com/media/CdhQKfPXIAMJErG.jpg","https://t.co/utLB8jA1cd","https://twitter.com/maisumnarede/status/709405083755286528/photo/1","photo","http://pbs.twimg.com/media/CdhQKfPXIAMJErG.jpg","https://t.co/utLB8jA1cd","https://twitter.com/maisumnarede/status/709405083755286528/photo/1",,,,"und",,,,,,,,,,,,,,"silva_marina"
"x706147066620289024",2016-03-05 15:59:14,"x1151011908","REDE_18","Assista:https://t.co/xFFkk6yige https://t.co/6MFa2BQo2w","Twitter Web Client",,,,FALSE,FALSE,74,37,,,"on.fb.me/1QsMWwW","https://t.co/xFFkk6yige","http://on.fb.me/1QsMWwW","http://pbs.twimg.com/media/Ccy9A62WoAAYb4d.png","https://t.co/6MFa2BQo2w","https://twitter.com/maisumnarede/status/706147066620289024/photo/1","photo","http://pbs.twimg.com/media/Ccy9A62WoAAYb4d.png","https://t.co/6MFa2BQo2w","https://twitter.com/maisumnarede/status/706147066620289024/photo/1",,,,"pt",,,,,,,,,,,,,,"silva_marina"
"x705839328707145728",2016-03-04 19:36:24,"x1151011908","REDE_18","Leia a nota da REDE - https://t.co/bJ6pxQJuDr https://t.co/UNjZ33I9Az","Twitter Web Client",,,,FALSE,FALSE,92,70,,,"bit.ly/notadaREDE","https://t.co/bJ6pxQJuDr","http://bit.ly/notadaREDE","http://pbs.twimg.com/media/CculIOcUsAAdJMQ.jpg","https://t.co/UNjZ33I9Az","https://twitter.com/maisumnarede/status/705839328707145728/photo/1","photo","http://pbs.twimg.com/media/CculIOcUsAAdJMQ.jpg","https://t.co/UNjZ33I9Az","https://twitter.com/maisumnarede/status/705839328707145728/photo/1",,,,"pt",,,,,,,,,,,,,,"silva_marina"
"x702525981454635008",2016-02-24 16:10:20,"x1151011908","REDE_18","O dia 24/02  foi um marco na história da mulher brasileira: há 84 anos, elas conquistavam o direito ao voto. https://t.co/REhXmnrHU5","Twitter Web Client",,,,FALSE,FALSE,116,58,,,,,,"http://pbs.twimg.com/media/Cb_fqCIWAAACA4O.jpg","https://t.co/REhXmnrHU5","https://twitter.com/maisumnarede/status/702525981454635008/photo/1","photo","http://pbs.twimg.com/media/Cb_fqCIWAAACA4O.jpg","https://t.co/REhXmnrHU5","https://twitter.com/maisumnarede/status/702525981454635008/photo/1",,,,"pt",,,,,,,,,,,,,,"silva_marina"
"x700699228583100416",2016-02-19 15:11:29,"x115519533","alielmachado","A noite Marina fala com filiados e simpatizantes da Rede de todo o Paraná. Que tenhamos um encontro produtivo e propositivo. @silva_marina","Twitter for Android",,,,FALSE,FALSE,2,1,,,,,,,,,,,,,,"x105155795","silva_marina","pt",,,,,,,,,,,,,,"silva_marina"
"x700698497390137348",2016-02-19 15:08:34,"x115519533","alielmachado","Recebendo hoje em Ponta Grossa com muita alegria a ex-senadora e fundadora da Rede Sustentabilidade @silva_marina https://t.co/ZGrj8HX1zl","Twitter for Android",,,,FALSE,FALSE,3,1,,,,,,"http://pbs.twimg.com/media/Cblhh_8VIAAG8rU.jpg","https://t.co/ZGrj8HX1zl","https://twitter.com/alielmachado/status/700698497390137348/photo/1","photo","http://pbs.twimg.com/media/Cblhh_8VIAAG8rU.jpg","https://t.co/ZGrj8HX1zl","https://twitter.com/alielmachado/status/700698497390137348/photo/1",,"x105155795","silva_marina","pt",,,,,,,,,,,,,,"silva_marina"
"x695613923312140288",2016-02-05 14:24:17,"x16814640","MiriamLeitaoCom","No combate ao zika, também é preciso investir em informação. https://t.co/ZeDXzh2g3H","Twitter Web Client",,,,FALSE,FALSE,79,37,,,"glo.bo/1nRIBdo","https://t.co/ZeDXzh2g3H","http://glo.bo/1nRIBdo",,,,,,,,,,,"pt",,,,,,,,,,,,,,"silva_marina"
"x687251959548608512",2016-01-13 12:36:50,"x161009444","cidsustentaveis","Com apoio da ONU, site abre cursos gratuitos ligados a Desenvolvimento Sustentável e Gestão de Projetos. Saiba mais: https://t.co/nEw8zRcPSC","Hootsuite",,,,FALSE,FALSE,54,29,,,"bit.ly/1RlrLj3","https://t.co/nEw8zRcPSC","http://bit.ly/1RlrLj3",,,,,,,,,,,"pt",,,,,,,,,,,,,,"silva_marina"
"x685068512835035136",2016-01-07 12:00:36,"x35524446","ecodebate","Rompimento da barragem da Samarco: Mancha de lama no litoral capixaba triplica de tamanho https://t.co/a5JPSqIo9z","Hootsuite",,,,FALSE,FALSE,19,20,,,"ecodebate.com.br/2016/01/07/rom…","https://t.co/a5JPSqIo9z","http://www.ecodebate.com.br/2016/01/07/rompimento-da-barragem-da-samarco-mancha-de-lama-no-litoral-capixaba-triplica-de-tamanho/",,,,,,,,,,,"pt",,,,,,,,,,,,,,"silva_marina"
"x684493901684670464",2016-01-05 21:57:18,"x437898608","antoniosinesiod","@silva_marina  vá em frente esta no caminho certo não ligue para os lobos","Twitter Web Client","x684442821412139008","x105155795","silva_marina",FALSE,FALSE,2,0,,,,,,,,,,,,,,"x105155795","silva_marina","pt",,,,,,,,,,,,,,"silva_marina"
"x669960752325910528",2015-11-26 19:27:45,"x3883907062","mobclima","O @miltonhatoum, um dos maiores escritores brasileiros, fez um forte poema para a @mobclima. Confira: https://t.co/A8Res5SgXn #MobClimaSP","Twitter Web Client",,,,FALSE,FALSE,16,11,"MobClimaSP",,"bit.ly/miltonhatoum","https://t.co/A8Res5SgXn","http://bit.ly/miltonhatoum",,,,,,,,,"x822212426 3883907062","miltonhatoum mobclima","pt",,,,,,,,,,,,,,"silva_marina"
"x666655768922464256",2015-11-17 16:34:55,"x1151011908","REDE_18","Almir é uma autoridade quando o assunto é preservação autossustentável da Amazônia - Saiba+ https://t.co/bUH3onr3ZE https://t.co/0EyhPfsg5F","Twitter Web Client",,,,FALSE,FALSE,62,26,,,"bit.ly/1Mk9WvW","https://t.co/bUH3onr3ZE","http://bit.ly/1Mk9WvW","http://pbs.twimg.com/media/CUBv43fWsAEvf-_.png","https://t.co/0EyhPfsg5F","https://twitter.com/maisumnarede/status/666655768922464256/photo/1","photo","http://pbs.twimg.com/media/CUBv43fWsAEvf-_.png","https://t.co/0EyhPfsg5F","https://twitter.com/maisumnarede/status/666655768922464256/photo/1",,,,"pt",,,,,,,,,,,,,,"silva_marina"
"x664054162993221632",2015-11-10 12:17:04,"x259840707","MPF_PGR","10 horas de debate, mais de 20 palestrantes. Quer saber como foi o seminário sobre licenciamento ambiental? https://t.co/jMQB3ovwnz","TweetDeck",,,,FALSE,FALSE,24,14,,,"bit.ly/1iOPIQr","https://t.co/jMQB3ovwnz","http://bit.ly/1iOPIQr",,,,,,,,,,,"pt",,,,,,,,,,,,,,"silva_marina"
"x664036327353139200",2015-11-10 11:06:12,"x16814640","MiriamLeitaoCom","Governo e empresas têm se comportado de forma insuficiente diante da gravidade do desastre em Minas. A coluna: https://t.co/DDVv9YHxIq","Twitter Web Client",,,,FALSE,FALSE,217,165,,,"glo.bo/1lifiPz","https://t.co/DDVv9YHxIq","http://glo.bo/1lifiPz",,,,,,,,,,,"pt",,,,,,,,,,,,,,"silva_marina"
"x659045783245844485",2015-10-27 16:35:33,"x383359690","UmaGotaNoOceano","Vamos assistir e pressionar! #PEC215Nao  https://t.co/vtcWkH54DK","Twitter Web Client",,,,TRUE,FALSE,3,3,"PEC215Nao",,"twitter.com/silva_marina/s…","https://t.co/vtcWkH54DK","https://twitter.com/silva_marina/status/659045535047905280",,,,,,,,,,,"pt","x659045535047905280","Acompanhem ao vivo a votação na comissão especial da PEC 215 na Câmara https://t.co/FmlP5cg64q #PEC215Nao",,,,,,,,,,,,"silva_marina"
"x659044441634705408",2015-10-27 16:30:13,"x17871562","socioambiental","Obrigado a todos que participaram do tuitaço conosco! Continuem tuitando para barrar a votação do novo relatório da PEC 215! #PEC215Nao","TweetDeck",,,,FALSE,FALSE,52,44,"PEC215Nao",,,,,,,,,,,,,,,"pt",,,,,,,,,,,,,,"silva_marina"
"x659044313540775936",2015-10-27 16:29:43,"x252652668","Juscidade","@socioambiental: Povos indígenas do Rio Negro são contra a PEC 215! #PEC215Não https://t.co/oBj0jx50A4 https://t.co/qLQsZYZrgW","Instagram",,"x17871562","socioambiental",FALSE,FALSE,1,0,"PEC215Não",,"instagram.com/p/9WQhLJIcac/","https://t.co/qLQsZYZrgW","https://instagram.com/p/9WQhLJIcac/","http://pbs.twimg.com/media/CSVHyPZUAAAOs7f.jpg","https://t.co/oBj0jx50A4","https://twitter.com/socioambiental/status/659023525714333697/photo/1","photo","http://pbs.twimg.com/media/CSVHyPZUAAAOs7f.jpg","https://t.co/oBj0jx50A4","https://twitter.com/socioambiental/status/659023525714333697/photo/1",,"x17871562","socioambiental","pt",,,,,,,,,,,,,,"silva_marina"
"x659043698118938624",2015-10-27 16:27:16,"x87021796","erikakokay","Em 8 estados brasileiros, 12 rodovias federais estão fechada para protestar contra a PEC 215. #PEC215Nao","Twitter for Android",,,,FALSE,FALSE,22,19,"PEC215Nao",,,,,,,,,,,,,,,"pt",,,,,,,,,,,,,,"silva_marina"
"x659042953395093505",2015-10-27 16:24:19,"x134610796","sudornelles","Eu e o @depPedroruas na manifestação de apoio a luta guarani-Kaiowa em 2012 #PEC215Nao https://t.co/2wo18UBmfk","Twitter Web Client",,,,FALSE,FALSE,10,6,"PEC215Nao",,,,,"http://pbs.twimg.com/media/CSVkEstW0AAtKdg.jpg","https://t.co/2wo18UBmfk","https://twitter.com/sudornelles/status/659042953395093505/photo/1","photo","http://pbs.twimg.com/media/CSVkEstW0AAtKdg.jpg","https://t.co/2wo18UBmfk","https://twitter.com/sudornelles/status/659042953395093505/photo/1",,"x57692627","depPedroruas","pt",,,,,,,,,,,,,,"silva_marina"
"x659042727993176064",2015-10-27 16:23:25,"x234398308","brumelianebrum","Os índios e o golpe na Constituição https://t.co/fCGzQZ2OBM p/ entender o que vai acontecer com o Brasil se a PEC 215 passar #PEC215Não","Twitter Web Client",,,,FALSE,FALSE,87,125,"PEC215Não",,"brasil.elpais.com/brasil/2015/04…","https://t.co/fCGzQZ2OBM","http://brasil.elpais.com/brasil/2015/04/13/opinion/1428933225_013931.html",,,,,,,,,,,"pt",,,,,,,,,,,,,,"silva_marina"
"x659042193886285824",2015-10-27 16:21:18,"x964201530","rubia_goldoni","#PEC215Nao  https://t.co/yuzU2HdENG","Twitter Web Client",,,,TRUE,FALSE,1,0,"PEC215Nao",,"twitter.com/UmaGotaNoOcean…","https://t.co/yuzU2HdENG","https://twitter.com/UmaGotaNoOceano/status/659029859621040128",,,,,,,,,,,"und","x659029859621040128","Nós queremos um Brasil mais justo e sustentável, e você? https://t.co/h1zGaQab9U #PEC215Não https://t.co/DlGUf8RQBD",,,,,,,,,,,,"silva_marina"
"x659042185581633536",2015-10-27 16:21:16,"x57076288","PerezAndre","O Brasil não comporta mais tanto retrocesso #PEC215Nao","Twitter Web Client",,,,FALSE,FALSE,1,0,"PEC215Nao",,,,,,,,,,,,,,,"pt",,,,,,,,,,,,,,"silva_marina"
"x659042179202052096",2015-10-27 16:21:14,"x383359690","UmaGotaNoOceano","O músico Charles Gavin também diz #PEC215Não. E você? https://t.co/5u0mM0LCdi","Twitter Web Client",,,,FALSE,FALSE,12,9,"PEC215Não",,,,,"http://pbs.twimg.com/media/CSVjXfcXIAAd_Uh.jpg","https://t.co/5u0mM0LCdi","https://twitter.com/UmaGotaNoOceano/status/659042179202052096/photo/1","photo","http://pbs.twimg.com/media/CSVjXfcXIAAd_Uh.jpg","https://t.co/5u0mM0LCdi","https://twitter.com/UmaGotaNoOceano/status/659042179202052096/photo/1",,,,"pt",,,,,,,,,,,,,,"silva_marina"
"x659041583715753984",2015-10-27 16:18:52,"x15813125","dciriaco","Seria como botar a raposa pra tomar conta das galinhas, basicamente. #PEC215Nao","Twitter Web Client","x659041476488376320","x15813125","dciriaco",FALSE,FALSE,2,0,"PEC215Nao",,,,,,,,,,,,,,,"pt",,,,,,,,,,,,,,"silva_marina"
"x659041562500976640",2015-10-27 16:18:47,"x18023582","povosindigenas","Ruralistas tentam hoje deixar demarcação de terras nas mãos do Congresso
https://t.co/cBaiQFjEkP #PEC215Nao","Twitter Web Client",,,,FALSE,FALSE,4,7,"PEC215Nao",,"bit.ly/1NylRqr","https://t.co/cBaiQFjEkP","http://bit.ly/1NylRqr",,,,,,,,,,,"pt",,,,,,,,,,,,,,"silva_marina"
"x659041546633920512",2015-10-27 16:18:43,"x57076288","PerezAndre","Diga não à PEC assassina! #PEC215Nao","Twitter Web Client",,,,FALSE,FALSE,2,0,"PEC215Nao",,,,,,,,,,,,,,,"pt",,,,,,,,,,,,,,"silva_marina"
"x659041542695428096",2015-10-27 16:18:42,"x600488374","LotusMaio","#PEC215Não","Twitter for iPhone",,,,FALSE,FALSE,1,0,"PEC215Não",,,,,,,,,,,,,,,"und",,,,,,,,,,,,,,"silva_marina"
"x659041443756023808",2015-10-27 16:18:19,"x204082998","MarciaPereiraRP","O Brasil ético diz #PEC215Nao ! https://t.co/IlTdfR4z79","Twitter for Android",,,,TRUE,FALSE,1,0,"PEC215Nao",,"twitter.com/socioambiental…","https://t.co/IlTdfR4z79","https://twitter.com/socioambiental/status/659027538061078528",,,,,,,,,,,"pt","x659027538061078528","Aprovar e demarcar Terra Indígena ou titular território quilombola é competência do poder Executivo, não do Legislativo. #PEC215Nao",,,"https://api.twitter.com/1.1/geo/id/f0e55b3f11b41899.json","Ribeirão Preto","Ribeirão Preto, Brasil","city","Brazil","BR",,,"-47.989299 -47.6467036 -47.6467036 -47.989299 -21.368536 -21.368536 -21.0593092 -21.0593092","silva_marina"
"x659041363892314113",2015-10-27 16:18:00,"x62541719","maurocatanzaro","Pelo respeito à cultura indígena e um modelo sustentável de desenvolvimento #PEC215Nao","Twitter Web Client",,,,FALSE,FALSE,5,2,"PEC215Nao",,,,,,,,,,,,,,,"pt",,,,,,,,,,,,,,"silva_marina"
"x659040194042007553",2015-10-27 16:13:21,"x194593855","AlejaRossi","#PEC215NÂO #DireitosIndigenas.  Eu aopio os direitos indígenas!!! https://t.co/AT9tHa9XwK","Facebook",,,,FALSE,FALSE,2,1,"PEC215NÂO DireitosIndigenas",,"fb.me/6UD8qOQPk","https://t.co/AT9tHa9XwK","http://fb.me/6UD8qOQPk",,,,,,,,,,,"pt",,,,,,,,,,,,,,"silva_marina"
"x659040140652756992",2015-10-27 16:13:08,"x17871562","socioambiental","Hoje o interesse dos deputados ruralistas quer tirar os direitos dos povos indígenas e quilombolas. Amanhã podem ser os seus. #PEC215Nao","TweetDeck",,,,FALSE,FALSE,4,5,"PEC215Nao",,,,,,,,,,,,,,,"pt",,,,,,,,,,,,,,"silva_marina"
"x659040061930012672",2015-10-27 16:12:49,"x204082998","MarciaPereiraRP","#PEC215Nao  https://t.co/A2KucBRj8p","Twitter for Android",,,,TRUE,FALSE,1,0,"PEC215Nao",,"twitter.com/anafiori/statu…","https://t.co/A2KucBRj8p","https://twitter.com/anafiori/status/659024798715105280",,,,,,,,,,,"und","x659024798715105280","#PEC215Nao não deixem os ruralistas decidirem o destino das Terras Indígenas no Brasil!",,,"https://api.twitter.com/1.1/geo/id/f0e55b3f11b41899.json","Ribeirão Preto","Ribeirão Preto, Brasil","city","Brazil","BR",,,"-47.989299 -47.6467036 -47.6467036 -47.989299 -21.368536 -21.368536 -21.0593092 -21.0593092","silva_marina"
"x659039751803154432",2015-10-27 16:11:35,"x65454115","AmazoniaOrg","Indígenas fecharam avenida de Palmas durante protesto contra a PEC 215 https://t.co/zu494c9wE8 #PEC215Nao","TweetDeck",,,,FALSE,FALSE,5,3,"PEC215Nao",,"amazonia.org.br/2015/10/indige…","https://t.co/zu494c9wE8","http://amazonia.org.br/2015/10/indigenas-fecham-avenida-de-palmas-durante-protesto-contra-a-pec-215/",,,,,,,,,,,"pt",,,,,,,,,,,,,,"silva_marina"
"x659039403776548865",2015-10-27 16:10:12,"x2704725908","climaxbra","Povos indígenas ameaçados  #PEC215NÃO https://t.co/fKuKXUWPnN","Hootsuite",,,,FALSE,FALSE,4,7,"PEC215NÃO",,,,,"http://pbs.twimg.com/media/CSVg2HuUsAAtpdC.jpg","https://t.co/fKuKXUWPnN","https://twitter.com/climaxbra/status/659039403776548865/photo/1","photo","http://pbs.twimg.com/media/CSVg2HuUsAAtpdC.jpg","https://t.co/fKuKXUWPnN","https://twitter.com/climaxbra/status/659039403776548865/photo/1",,,,"pt",,,,,,,,,,,,,,"silva_marina"
"x659039389125881856",2015-10-27 16:10:09,"x3438002775","Comitemineracao","Pela honra dos mais de 300 indígenas assassinados pelos conflitos de terras no MS #PEC215Nao","Twitter Web Client",,,,FALSE,FALSE,9,6,"PEC215Nao",,,,,,,,,,,,,,,"pt",,,,,,,,,,,,,,"silva_marina"
"x659039352585064448",2015-10-27 16:10:00,"x53464539","Ferreira_Suh","#PEC215Nao https://t.co/b24IrSP3xP","Twitter for Windows Phone",,,,FALSE,FALSE,27,23,"PEC215Nao",,,,,"http://pbs.twimg.com/media/CSVgzFXXIAAsoQ7.jpg","https://t.co/b24IrSP3xP","https://twitter.com/Ferreira_Suh/status/659039352585064448/photo/1","photo","http://pbs.twimg.com/media/CSVgzFXXIAAsoQ7.jpg","https://t.co/b24IrSP3xP","https://twitter.com/Ferreira_Suh/status/659039352585064448/photo/1",,,,"und",,,,,,,,,,,,,,"silva_marina"
"x659039095126118400",2015-10-27 16:08:59,"x61790599","LuizDumont","#PEC215Nao https://t.co/SI5EkeWxc1","Twitter for iPhone",,,,FALSE,FALSE,1,0,"PEC215Nao",,,,,"http://pbs.twimg.com/media/CSVgjx4WsAAmgbG.jpg","https://t.co/SI5EkeWxc1","https://twitter.com/LuizDumont/status/659039095126118400/photo/1","photo","http://pbs.twimg.com/media/CSVgjx4WsAAmgbG.jpg","https://t.co/SI5EkeWxc1","https://twitter.com/LuizDumont/status/659039095126118400/photo/1",,,,"und",,,,,,,,,,,,,,"silva_marina"
"x659038769883029504",2015-10-27 16:07:41,"x57076288","PerezAndre","Não existe progresso com genocídio! #PEC215Nao","Twitter Web Client",,,,FALSE,FALSE,7,12,"PEC215Nao",,,,,,,,,,,,,,,"pt",,,,,,,,,,,,,,"silva_marina"
"x659038732075585536",2015-10-27 16:07:32,"x68469311","henyobarretto","#PEC215Nao Pela vida no planeta. https://t.co/4DWMeLdIDM","Twitter Web Client",,,,TRUE,FALSE,3,1,"PEC215Nao",,"twitter.com/alexaraujoc/st…","https://t.co/4DWMeLdIDM","https://twitter.com/alexaraujoc/status/659038263747977216",,,,,,,,,,,"pt","x659038263747977216","Cada km2 de terra indígena emite 25 vezes menos CO2 que o equivalente não-indígena. Pelo clima, #PEC215Não #DireitosIndígenas",,,,,,,,,,,,"silva_marina"
"x659038652010504192",2015-10-27 16:07:13,"x394966018","K_Miranda7","Enfim subimos #PEC215Nao","Twitter Web Client",,,,FALSE,FALSE,1,0,"PEC215Nao",,,,,,,,,,,,,,,"pt",,,,,,,,,,,,,,"silva_marina"
"x659038624390864896",2015-10-27 16:07:07,"x17871562","socioambiental","A paralisação das demarcações de Terras Indígenas aumenta a violência contras os povos! #PEC215Não ! https://t.co/b7W7BXi5ao","TweetDeck",,,,FALSE,FALSE,23,30,"PEC215Não",,,,,"http://pbs.twimg.com/media/CSVKomyWsAAOqCH.png","https://t.co/b7W7BXi5ao","https://twitter.com/socioambiental/status/659038624390864896/photo/1","photo","http://pbs.twimg.com/media/CSVKomyWsAAOqCH.png","https://t.co/b7W7BXi5ao","https://twitter.com/socioambiental/status/659038624390864896/photo/1",,,,"pt",,,,,,,,,,,,,,"silva_marina"
"x659038588332584960",2015-10-27 16:06:58,"x167836092","alexaraujoc","Unidades de Conservação e Terras Indígenas têm sequestrado CO2. Brasil só cumprirá metas do Plano de Mudanças Climáticas dizendo #PEC215Não","Twitter Web Client",,,,FALSE,FALSE,19,11,"PEC215Não",,,,,,,,,,,,,,,"pt",,,,,"https://api.twitter.com/1.1/geo/id/1b107df3ccc0aaa1.json","Brazil","Brazil","country","Brazil","BR",,,"-73.991482 -32.378186 -32.378186 -73.991482 -33.7510506 -33.7510506 5.27192 5.27192","silva_marina"
"x659037795034505216",2015-10-27 16:03:49,"x365062095","oieunicornio","O que é do povo indígena por direito da Constituição Brasileira não deve ser tirado pela bancada ruralista #PEC215Nao","Twitter Web Client",,,,FALSE,FALSE,3,2,"PEC215Nao",,,,,,,,,,,,,,,"pt",,,,,,,,,,,,,,"silva_marina"
"x659037786264178688",2015-10-27 16:03:47,"x90213598","paulomgr","Não podemos mais aceitar que continuem o genocidio dos povos nativos (indios) #PEC215Nao","Twitter Web Client",,,,FALSE,FALSE,1,0,"PEC215Nao",,,,,,,,,,,,,,,"pt",,,,,,,,,,,,,,"silva_marina"
"x659037603002515457",2015-10-27 16:03:03,"x162775975","janetelimelo","Hoje é dia de oitiva da absurda CPI do CIMI da AL de Mato Grosso do Sul #ContraCPIdoCIMI #PEC215Não https://t.co/Zqz0E19Qlg","TweetDeck",,,,FALSE,FALSE,3,4,"ContraCPIdoCIMI PEC215Não",,"facebook.com/permalink.php?…","https://t.co/Zqz0E19Qlg","https://www.facebook.com/permalink.php?story_fbid=907010289393774&id=892771547484315",,,,,,,,,,,"pt",,,,,,,,,,,,,,"silva_marina"
"x659037600704016389",2015-10-27 16:03:02,"x1942676054","Sempre_querida","Não legitime a matança indígena #PEC215NÃO","Twitter Web Client",,,,FALSE,FALSE,1,0,"PEC215NÃO",,,,,,,,,,,,,,,"pt",,,,,,,,,,,,,,"silva_marina"
"x659035887175626752",2015-10-27 15:56:14,"x343849436","coletivoestacao","@Nilson_Leitao #PEC215NÃO em defesa dos povos indígenas PEC215NÃO PEC215NÃO PEC215NÃO PEC215NÃO PEC215NÃO","TweetDeck",,"x137782386","NilsonLeitao",FALSE,FALSE,2,1,"PEC215NÃO",,,,,,,,,,,,,,,"pt",,,,,,,,,,,,,,"silva_marina"
"x659035758276313088",2015-10-27 15:55:43,"x45953391","alessandromolon","A PEC 215 representa o fim da demarcação de terras indígenas no Brasil. Por isso, dizemos #PEC215Não!!! #eqp","Hootsuite",,,,FALSE,FALSE,50,49,"PEC215Não eqp",,,,,,,,,,,,,,,"pt",,,,,,,,,,,,,,"silva_marina"
"x659035626625462272",2015-10-27 15:55:12,"x1942676054","Sempre_querida","O Brasil diz não ao #PEC215Nao","Twitter Web Client",,,,FALSE,FALSE,1,2,"PEC215Nao",,,,,,,,,,,,,,,"pt",,,,,,,,,,,,,,"silva_marina"
"x659035625396576257",2015-10-27 15:55:12,"x3438002775","Comitemineracao","#PEC215Nao #PEC215 em defesa dos povos indígenas - espalhe, alastre, tweet","Twitter Web Client",,,,FALSE,FALSE,1,0,"PEC215Nao PEC215",,,,,,,,,,,,,,,"pt",,,,,,,,,,,,,,"silva_marina"
"x659035231702265857",2015-10-27 15:53:38,"x56908241","a1000tonLima","Não acabem com direitos de quem tanto já perdeu. Pelos direitos indígenas: #PEC215Não","Twitter for Android",,,,FALSE,FALSE,1,0,"PEC215Não",,,,,,,,,,,,,,,"pt",,,,,,,,,,,,,,"silva_marina"
"x659035221589938177",2015-10-27 15:53:35,"x140851761","liviafportela","@Nilson_Leitao Em defesa dos povos indígenas, pela garantia de seus direitos #PEC215NÃO","TweetDeck",,"x137782386","NilsonLeitao",FALSE,FALSE,1,0,"PEC215NÃO",,,,,,,,,,,,,,,"pt",,,,,,,,,,,,,,"silva_marina"
"x659035125792034817",2015-10-27 15:53:12,"x2159667458","maluregina925","#PEC215Nao 
Quem decide sobre o direito indígena é o Executivo. https://t.co/urigKhZRse","Twitter Web Client",,,,TRUE,FALSE,1,0,"PEC215Nao",,"twitter.com/GreenpeaceBR/s…","https://t.co/urigKhZRse","https://twitter.com/GreenpeaceBR/status/659034421803266048",,,,,,,,,,,"pt","x659034421803266048","Não queremos a bancada ruralista decidindo sobre o direito indígena à terra #PEC215NÃO https://t.co/onCAPaOKLs",,,,,,,,,,,,"silva_marina"
"x659035024923213824",2015-10-27 15:52:48,"x57076288","PerezAndre","Não somos oposição, somos RESISTÊNCIA! #PEC215Nao","Twitter Web Client",,,,FALSE,FALSE,1,0,"PEC215Nao",,,,,,,,,,,,,,,"pt",,,,,,,,,,,,,,"silva_marina"
"x659034934494044160",2015-10-27 15:52:27,"x70887911","paduafernandes","Índio é Nós no Teat(r)o Oficina - 19/04/2014  https://t.co/Kos3s2oaMh #PEC215Nao","Twitter Web Client",,,,FALSE,FALSE,4,4,"PEC215Nao",,"youtube.com/watch?v=9MAnqD…","https://t.co/Kos3s2oaMh","https://www.youtube.com/watch?v=9MAnqDrIIpM",,,,,,,,,,,"pt",,,,,,,,,,,,,,"silva_marina"
"x659034904865480704",2015-10-27 15:52:20,"x140851761","liviafportela","@DepMandetta Não a usurpação de direitos dos indígenas  #PEC215NÃO","TweetDeck",,"x158093526","DepMandetta_",FALSE,FALSE,1,0,"PEC215NÃO",,,,,,,,,,,,,"x2726301380","depmandetta","pt",,,,,,,,,,,,,,"silva_marina"
"x659034776872046592",2015-10-27 15:51:49,"x110522807","depChicoAlencar","A bancada ruralista não pode ter o poder de decidir se a terra é do índio ou não #PEC215Não","Twitter Web Client",,,,FALSE,FALSE,62,75,"PEC215Não",,,,,,,,,,,,,,,"pt",,,,,,,,,,,,,,"silva_marina"
"x659034437603184641",2015-10-27 15:50:28,"x138492825","proindio","Próximo tema da redação do ENEM! A persistência da violência do Estado brasileiro contra os povos indígenas. #PEC215Nao","Twitter Web Client",,,,FALSE,FALSE,46,52,"PEC215Nao",,,,,,,,,,,,,,,"pt",,,,,,,,,,,,,,"silva_marina"
"x659033505029070848",2015-10-27 15:46:46,"x383359690","UmaGotaNoOceano","Use a #PEC215não e seja mais uma gota nesse oceano de conscientização! #CadaGotaConta https://t.co/lmsrwGvy23","Twitter Web Client",,,,FALSE,FALSE,88,67,"PEC215não CadaGotaConta",,,,,"http://pbs.twimg.com/media/CSVbeuSWsAAckGy.jpg","https://t.co/lmsrwGvy23","https://twitter.com/UmaGotaNoOceano/status/659033505029070848/photo/1","photo","http://pbs.twimg.com/media/CSVbeuSWsAAckGy.jpg","https://t.co/lmsrwGvy23","https://twitter.com/UmaGotaNoOceano/status/659033505029070848/photo/1",,,,"pt",,,,,,,,,,,,,,"silva_marina"
"x659033239890350080",2015-10-27 15:45:43,"x4025145502","natybiond","Em respeito as terras indígenas dizemos #PEC215Nao","Twitter for Android",,,,FALSE,FALSE,8,5,"PEC215Nao",,,,,,,,,,,,,,,"pt",,,,,,,,,,,,,,"silva_marina"
"x659033224966983680",2015-10-27 15:45:39,"x33877792","carlaninos","#PEC215Nao  https://t.co/obx7mOtJus","Twitter Web Client",,,,TRUE,FALSE,1,0,"PEC215Nao",,"twitter.com/amazonianativa…","https://t.co/obx7mOtJus","https://twitter.com/amazonianativa/status/659030264723734528",,,,,,,,,,,"und","x659030264723734528","Por um país que repeite e valorize a diversidade cultural #PEC215Nao https://t.co/SGad933qoF",,,,,,,,,,,,"silva_marina"
"x659033081777639424",2015-10-27 15:45:05,"x68469311","henyobarretto","Próximo tema da redação do ENEM! A persistência da violência do Estado brasileiro contra os povos indígenas. #PEC215Nao","Twitter Web Client",,,,FALSE,FALSE,9,12,"PEC215Nao",,,,,,,,,,,,,,,"pt",,,,,,,,,,,,,,"silva_marina"
"x659033043483668480",2015-10-27 15:44:56,"x87752872","Dyoliver","Impressionante como só criam emendas que desfavorecem os direitos e interesses do povo. Governam pra eles próprios!

 #PEC215Nao","Twitter for Android",,,,FALSE,FALSE,2,0,"PEC215Nao",,,,,,,,,,,,,,,"pt",,,,,,,,,,,,,,"silva_marina"
"x659033040736395264",2015-10-27 15:44:55,"x134610796","sudornelles","Até mesmo terras já demarcadas serão atacadas pela #PEC215Nao","Twitter Web Client",,,,FALSE,FALSE,25,19,"PEC215Nao",,,,,,,,,,,,,,,"pt",,,,,,,,,,,,,,"silva_marina"
"x659033019047628800",2015-10-27 15:44:50,"x102834953","Nanci_Silva","PEC Ruralista vai aumentar o genocídio, a violência e causar um futuro de mortes para todos. Pela vida #PEC215Nao","Twitter Web Client",,,,FALSE,FALSE,1,0,"PEC215Nao",,,,,,,,,,,,,,,"pt",,,,,,,,,,,,,,"silva_marina"
"x659032992095051776",2015-10-27 15:44:44,"x36028306","Robcouto","#PEC215Nao #PEC215 #Respeito #Direitos #Indigenas #Sustentabilidade #Congresso #Brasília #Brasil #Brasileiros #Agora https://t.co/RR9uSKihBu","Twitter Web Client",,,,FALSE,FALSE,2,0,"PEC215Nao PEC215 Respeito Direitos Indigenas Sustentabilidade Congresso Brasília Brasil Brasileiros Agora",,,,,"http://pbs.twimg.com/media/CSVbA36XIAAfURc.jpg","https://t.co/RR9uSKihBu","https://twitter.com/Robcouto/status/659032992095051776/photo/1","photo","http://pbs.twimg.com/media/CSVbA36XIAAfURc.jpg","https://t.co/RR9uSKihBu","https://twitter.com/Robcouto/status/659032992095051776/photo/1",,,,"und",,,,,,,,,,,,,,"silva_marina"
"x659032930451378176",2015-10-27 15:44:29,"x2391150655","HigorSturiao","As demarcações das terras indígenas não podem parar em mãos de quem representa o agronegócio #PEC215Nao","Twitter for Android",,,,FALSE,FALSE,1,0,"PEC215Nao",,,,,,,,,,,,,,,"pt",,,,,,,,,,,,,,"silva_marina"
"x659032827695079424",2015-10-27 15:44:05,"x133134247","RLeinig","Pelo fim do genocídio indígena #Pec215Nao","Twitter Lite",,,,FALSE,FALSE,3,2,"Pec215Nao",,,,,,,,,,,,,,,"pt",,,,,,,,,,,,,,"silva_marina"
"x659032824339648512",2015-10-27 15:44:04,"x387688609","saucedgirl","#PEC215Nao","Twitter for Android",,,,FALSE,FALSE,2,0,"PEC215Nao",,,,,,,,,,,,,,,"und",,,,,,,,,,,,,,"silva_marina"
"x659032700502855680",2015-10-27 15:43:34,"x47495939","pedrolapera","Com essa PEC 215, a bancada governista vai apenas abraçar de vez os ruralistas no genocídio contra índios #PEC215Nao","Twitter for Android",,,,FALSE,FALSE,1,0,"PEC215Nao",,,,,,,,,,,,,,,"pt",,,,,,,,,,,,,,"silva_marina"
"x659032691543773184",2015-10-27 15:43:32,"x1967789664","prof_xico","#PEC215Não #PEC215Nao não passará https://t.co/NryHHkDz5u","Twitter for Android",,,,TRUE,FALSE,2,0,"PEC215Não PEC215Nao",,"twitter.com/LispectorFeer/…","https://t.co/NryHHkDz5u","https://twitter.com/LispectorFeer/status/659030868464410624",,,,,,,,,,,"pt","x659030868464410624","A PEC 215 quer acabar com direitos indígenas assegurados pela Constituição Federal #PEC215Nao",,,,,,,,,,,,"silva_marina"
"x659032614075019265",2015-10-27 15:43:14,"x18023582","povosindigenas","Ainda dá tempo de participar: o tuitaço vai até as 14h30! Mobilize-se pelo direito dos quilombolas e povos indígenas à terra. #PEC215Nao","Twitter Web Client",,,,FALSE,FALSE,54,59,"PEC215Nao",,,,,,,,,,,,,,,"pt",,,,,,,,,,,,,,"silva_marina"
