"user_id","name","screen_name","location","description","url","protected","followers_count","friends_count","listed_count","statuses_count","favourites_count","account_created_at","verified","profile_url","profile_expanded_url","account_lang","profile_banner_url","profile_background_url","profile_image_url"
"x69372289","carlos gada","painel1000","","Sustentabilista Progressista",,FALSE,358,1240,1,6954,1962,2009-08-27 18:57:08,FALSE,,,"pt",,"http://abs.twimg.com/images/themes/theme9/bg.gif","http://pbs.twimg.com/profile_images/846844163089928198/J1wFipM0_normal.jpg"
"x1522424269","Natanael Neves Alves","NatanaelNevesAl","","Geek <f0><U+009F><U+0093><U+0097> 
Gamer <f0><U+009F><U+008E><U+00AE> 
Brasileiro <f0><U+009F><U+0087><U+00A7><f0><U+009F><U+0087><U+00B7>
Nerd com muito orgulho e muito amor <f0><U+009F><U+0096><U+0096>",,FALSE,50,245,1,368,288,2013-06-16 14:59:13,FALSE,,,"pt","https://pbs.twimg.com/profile_banners/1522424269/1509485484","http://abs.twimg.com/images/themes/theme1/bg.png","http://pbs.twimg.com/profile_images/872239418173685761/HYxohsHv_normal.jpg"
"x243781618","Jeferson Louzada","jelouzada","Guarulhos, Brasil","Cristão progressista, casado e graduando em história.",,FALSE,106,392,0,2304,12286,2011-01-27 20:10:23,FALSE,,,"pt","https://pbs.twimg.com/profile_banners/243781618/1519531229","http://abs.twimg.com/images/themes/theme1/bg.png","http://pbs.twimg.com/profile_images/967610216027185152/1aMv5M59_normal.jpg"
"x161292004","Dri <f0><U+009F><U+0087><U+00B3><f0><U+009F><U+0087><U+00B4>","Dricaminhando","Planeta Terra","eu mesma",,FALSE,56,122,0,4036,3798,2010-06-30 13:36:00,FALSE,,,"pt","https://pbs.twimg.com/profile_banners/161292004/1521133081","http://abs.twimg.com/images/themes/theme1/bg.png","http://pbs.twimg.com/profile_images/978053616186642432/fhK9cEhf_normal.jpg"
"x473338133","Procuraduría General","PGN_COL","En toda Colombia","<f0><U+009F><U+0087><U+00A8><f0><U+009F><U+0087><U+00B4> Procurador General: @fcarrilloflorez | Información oficial y noticias https://t.co/G878hnsJ46 | Denuncie en línea: https://t.co/7K9sRbGCUy","https://t.co/G878hnsJ46",FALSE,169999,603,517,26065,2241,2012-01-24 21:41:27,TRUE,"https://t.co/G878hnsJ46","http://www.procuraduria.gov.co","es","https://pbs.twimg.com/profile_banners/473338133/1519688532","http://pbs.twimg.com/profile_background_images/671645568/b22c03036e5cdff8b5321abbc8c611be.jpeg","http://pbs.twimg.com/profile_images/905477359603773440/tSfb-RhI_normal.jpg"
"x191116947","Kienyke","kienyke","Colombia","Kienyke es el primer medio nativo digital en Colombia. Encuentre aquí información de Colombia y el mundo. Somos el placer de saber, ver y oír más.","https://t.co/LvdcejLJ05",FALSE,219741,542,1671,240222,1175,2010-09-15 17:04:20,TRUE,"https://t.co/LvdcejLJ05","http://www.kienyke.com","es","https://pbs.twimg.com/profile_banners/191116947/1521071690","http://pbs.twimg.com/profile_background_images/847267701/a455cae3b40e0007b8298c2353fc42ca.jpeg","http://pbs.twimg.com/profile_images/796350067531771904/2EEv0EpH_normal.jpg"
"x875376536395841537","Generamos","GeneramosCo","Bogotá, D.C., Colombia","Somos un espacio de generación.
Ideas - Diálogo - Energía","https://t.co/mVQ3TM2zpo",FALSE,1778,352,2,750,954,2017-06-15 15:36:44,FALSE,"https://t.co/mVQ3TM2zpo","http://www.generamos.co","es","https://pbs.twimg.com/profile_banners/875376536395841537/1497637088","http://abs.twimg.com/images/themes/theme1/bg.png","http://pbs.twimg.com/profile_images/875380916423499776/pS47TkAQ_normal.jpg"
"x48645445","andree","andreeviana","Bogotá","Una vida un tanto elástica, un ojo aquí, una sospechita allá.
Esta cuenta no es institucional. Solo refleja mis posiciones personales",,FALSE,549,839,10,4750,1079,2009-06-19 07:54:54,FALSE,,,"es","https://pbs.twimg.com/profile_banners/48645445/1355255893","http://pbs.twimg.com/profile_background_images/261120745/kmcero.jpg","http://pbs.twimg.com/profile_images/624704076996038656/58qbDN_d_normal.jpg"
"x367851859","Laura Restrepo A.","RestrepoA_Laura","Bogota, Colombia","",,FALSE,59,437,0,391,485,2011-09-04 17:36:40,FALSE,,,"es",,"http://pbs.twimg.com/profile_background_images/324864532/foffeatherfin1_thumb.jpg","http://pbs.twimg.com/profile_images/879819177904807945/EYPril0e_normal.jpg"
"x53842812","Lina Puerto","LinaPuerto","Bogotá & Berlin","Environmental Lawyer and Planner",,FALSE,457,1604,20,456,676,2009-07-05 05:11:19,FALSE,,,"en","https://pbs.twimg.com/profile_banners/53842812/1473223284","http://pbs.twimg.com/profile_background_images/469460669780070401/XoEMAcmS.jpeg","http://pbs.twimg.com/profile_images/694285936650240000/3r5CsBu7_normal.jpg"
"x627356935","Carlos Lozano Acosta","CLozanoAcosta","Bogotá. Opiniones personales.","Abogado ambiental. Columnista en @RevistaSemana. Historiador frustrado. Tolimense. Trabajando por su agua. ¡Para la guerra nada! #Savethebees",,FALSE,12534,7386,72,3149,473,2012-07-05 12:40:51,FALSE,,,"es","https://pbs.twimg.com/profile_banners/627356935/1499702541","http://pbs.twimg.com/profile_background_images/765613156/ec34955f57ee707b277b3161eaea4daa.jpeg","http://pbs.twimg.com/profile_images/920652901114097665/EhxgG3b1_normal.jpg"
"x147744050","barreto junior <U+2720>","celleb_","(P.a) Bahia","<f0><U+009F><U+0092><U+00A2>CRVG. Acadêmico de Engenharia Civil. (@Rede_18)",,FALSE,1187,838,5,8062,7364,2010-05-24 23:16:32,FALSE,,,"pt","https://pbs.twimg.com/profile_banners/147744050/1521305718","http://pbs.twimg.com/profile_background_images/556477958936731649/ixS9F_dB.jpeg","http://pbs.twimg.com/profile_images/965677901973807104/4lnarIvS_normal.jpg"
"x959547141298573313","Daniel Santana","DanielS40730832","Jacareí, Brasil","Que a vida beneficie aqueles que sonham!",,FALSE,43,78,0,509,570,2018-02-02 22:00:40,FALSE,,,"en","https://pbs.twimg.com/profile_banners/959547141298573313/1517609214",,"http://pbs.twimg.com/profile_images/959548714271543297/QbWU8yBE_normal.jpg"
"x53799378","Sergius","sergiusdourado","BraSil","Animal político... Toma patada e devolve, tbm! <f0><U+009F><U+0098><U+008B>
(Politikon zoon - Aristóteles: desavisados... <f0><U+009F><U+0098><U+0092>)",,FALSE,681,597,6,82723,117915,2009-07-05 00:39:26,FALSE,,,"pt","https://pbs.twimg.com/profile_banners/53799378/1517224921","http://pbs.twimg.com/profile_background_images/21998786/_AnimePaper_wallpapers_ARIA_gabychan_1_1_.6__1680x1050_66410.jpg","http://pbs.twimg.com/profile_images/960923368026501120/_gnnDAC6_normal.jpg"
"x155904499","gorta","ewerl4n","Maceió, Alagoas","Chamem de orgulho ou vaidade, mas depois da vida que eu tive, me recuso a ser só mais uma.",,FALSE,1455,1107,7,39591,328,2010-06-15 13:23:34,FALSE,,,"pt","https://pbs.twimg.com/profile_banners/155904499/1522192718","http://pbs.twimg.com/profile_background_images/480796616106840064/xh_Dy0w8.jpeg","http://pbs.twimg.com/profile_images/943682597502283776/LUjk-Ulh_normal.jpg"
"x67967853","Michele Rodrigues","midjesus","Rio de Janeiro","",,FALSE,134,184,5,5276,803,2009-08-22 19:51:22,FALSE,,,"pt","https://pbs.twimg.com/profile_banners/67967853/1380039968","http://abs.twimg.com/images/themes/theme8/bg.gif","http://pbs.twimg.com/profile_images/378800000502616295/57494b060d4dbf542f86b7e2314a66b7_normal.jpeg"
"x842395341542592513","João","IAMJVXCX","Na SuA MeNTe Rs'","",,FALSE,123,271,0,999,4406,2017-03-16 15:21:15,FALSE,,,"pt","https://pbs.twimg.com/profile_banners/842395341542592513/1522101007",,"http://pbs.twimg.com/profile_images/979373620874104832/W9s-uxva_normal.jpg"
"x960284420103114754","matheusmrm18","matheusMrm18","Patos de Minas, Brasil","Não sou lenha mas eu incendeio, não sou moleque mas amo uma travessura, não sou velho mas amo política, quer me conhecer ?! Não precisa TEMER<U+2764><U+FE0F>! <f0><U+009F><U+00A6><U+0082>",,FALSE,58,127,0,98,397,2018-02-04 22:50:21,FALSE,,,"en","https://pbs.twimg.com/profile_banners/960284420103114754/1522438173",,"http://pbs.twimg.com/profile_images/972693752954458117/D6B0aGEe_normal.jpg"
"x546415438","Júlio César","JlioCsarLustosa","Natal, Brazil","#ForaTemer Estudante de Biológicas [RT<U+2260>endosso]",,FALSE,212,214,7,28026,39213,2012-04-06 01:07:30,FALSE,,,"en","https://pbs.twimg.com/profile_banners/546415438/1494112859","http://pbs.twimg.com/profile_background_images/673272873650286592/hQPicdzM.png","http://pbs.twimg.com/profile_images/866339341928349696/OD0zKS5G_normal.jpg"
"x24881643","Michael Santos <f0><U+009F><U+0092><U+00BB>","michaelss","Palmas, TO, Brazil","A software engineer always looking for knowledge. Also son, father, husband and gardener.",,FALSE,307,341,24,2025,771,2009-03-17 13:36:39,FALSE,,,"pt","https://pbs.twimg.com/profile_banners/24881643/1521483549","http://abs.twimg.com/images/themes/theme9/bg.gif","http://pbs.twimg.com/profile_images/2782406669/b18fc4696919954228278d6af7cb93b9_normal.png"
"x226329113","Ana","naninhapinto","","",,FALSE,96,25,4,14710,16197,2010-12-13 22:25:30,FALSE,,,"pt",,"http://abs.twimg.com/images/themes/theme1/bg.png","http://pbs.twimg.com/profile_images/964204806842847233/weaZfkQe_normal.jpg"
"x717876087796154369","Fernando Gama Peres","fgamaperes","","",,FALSE,306,335,1,6386,14364,2016-04-07 00:46:11,FALSE,,,"pt",,,"http://pbs.twimg.com/profile_images/871461174310821888/fzQjru1k_normal.jpg"
"x735937970746888193","Anderson Pires","Piresanderson7","Austin - Texas","",,FALSE,10,65,0,140,176,2016-05-26 20:57:40,FALSE,,,"pt",,,"http://pbs.twimg.com/profile_images/806944083163889664/Ah80OF41_normal.jpg"
"x105155795","Marina Silva","silva_marina","Brasil","Pré-candidata à Presidência. Porta-Voz Nacional da REDE. Professora de história, senadora pelo Acre (1995-2011), ex-ministra do Meio Ambiente.","http://t.co/1yoy2po1rh",FALSE,1890974,448,9614,8582,2512,2010-01-15 14:33:57,TRUE,"http://t.co/1yoy2po1rh","http://marinasilva.org.br/","pt","https://pbs.twimg.com/profile_banners/105155795/1519598250","http://pbs.twimg.com/profile_background_images/486896558902738944/hzNZuJaJ.png","http://pbs.twimg.com/profile_images/918919916140617728/X_TiHz34_normal.jpg"
"x221825561","Emerson","umnavy","Rihanna Drive","I bet she could never made you cry.","https://t.co/eclbEClZh0",FALSE,1416,649,13,61709,313,2010-12-01 18:29:03,FALSE,"https://t.co/eclbEClZh0","http://last.fm/user/emerson_scv","pt","https://pbs.twimg.com/profile_banners/221825561/1453041819","http://pbs.twimg.com/profile_background_images/659425583131172864/QIzbMURE.jpg","http://pbs.twimg.com/profile_images/938191597019246593/RF_1igBO_normal.jpg"
"x1151011908","REDE 18","REDE_18","","Perfil oficial da Rede Sustentabilidade","https://t.co/xUXsgegX60",FALSE,20120,2397,177,4481,424,2013-02-05 14:03:07,TRUE,"https://t.co/xUXsgegX60","http://www.redesustentabilidade.org.br","pt","https://pbs.twimg.com/profile_banners/1151011908/1511724819","http://pbs.twimg.com/profile_background_images/439430977442422786/lgB5dWji.png","http://pbs.twimg.com/profile_images/684739355093692416/9aUGIJCt_normal.png"
"x982553678","Lucas Costa Oliveira","lucascostaoliv1","Mineiros","",,FALSE,53,410,0,1234,1156,2012-12-01 13:32:37,FALSE,,,"pt","https://pbs.twimg.com/profile_banners/982553678/1512680791","http://abs.twimg.com/images/themes/theme1/bg.png","http://pbs.twimg.com/profile_images/937066987787866113/UIjxn5F2_normal.jpg"
"x33428983","João Oliveira","JohnnySampa","","",,FALSE,57,45,1,4208,892,2009-04-20 04:47:57,FALSE,,,"pt","https://pbs.twimg.com/profile_banners/33428983/1514253780","http://pbs.twimg.com/profile_background_images/462236635426332672/EFtXC51G.jpeg","http://pbs.twimg.com/profile_images/646524102967197697/cXgdJEem_normal.jpg"
"x138042227","José Nildo","Nild0Cabral","Mossoró, Brasil","Uma justiça justa para quem tem fome de justiça.",,FALSE,1325,1082,12,65047,3535,2010-04-28 13:28:11,FALSE,,,"pt","https://pbs.twimg.com/profile_banners/138042227/1516189511","http://pbs.twimg.com/profile_background_images/512954913974800384/E10IKSLe.png","http://pbs.twimg.com/profile_images/976555401905917952/8tFblokE_normal.jpg"
"x325816652","Alexandre Neto","alexlneto","Mogi Guaçu - SP","Gabriela, Poker, Futebol e Rock and Roll",,FALSE,64,261,1,1606,3163,2011-06-28 22:37:33,FALSE,,,"pt","https://pbs.twimg.com/profile_banners/325816652/1499914331","http://abs.twimg.com/images/themes/theme1/bg.png","http://pbs.twimg.com/profile_images/811024627308838917/x-eQ8ec8_normal.jpg"
"x64514398","Lucas Paulino","lucasapaulino","Belo Horizonte/Viçosa","Liberal igualitário | Mestre e Doutorando em Direito Constitucional - UFMG | Membro do Movimento Acredito e da Rede Sustentabilidade |",,FALSE,1288,605,30,31807,3834,2009-08-10 21:03:10,FALSE,,,"pt",,"http://pbs.twimg.com/profile_background_images/174478709/twilk_background_4cebc59d6eda7.jpg","http://pbs.twimg.com/profile_images/793154701072166914/F9vwrfgl_normal.jpg"
"x1530077743","Torriano Primary","TorrianoJuniorS","Kentish town, London","","https://t.co/ZiXr35AN5S",FALSE,614,252,20,2161,1013,2013-06-19 07:26:09,FALSE,"https://t.co/ZiXr35AN5S","http://www.torriano.camden.sch.uk","en","https://pbs.twimg.com/profile_banners/1530077743/1498244808","http://abs.twimg.com/images/themes/theme1/bg.png","http://pbs.twimg.com/profile_images/810932447458263041/etejCJ2P_normal.jpg"
"x72345586","Harald Friedl","friedlh","Amsterdam, The Netherlands","CEO @circleeconomy. I tweet about the #circulareconomy, #circularsociety, the #SDGs, #tech4good and #StarWars. Also co-founder #impacthubyangon","https://t.co/RUDwxixeYe",FALSE,610,351,36,343,13,2009-09-07 18:21:55,FALSE,"https://t.co/RUDwxixeYe","http://www.circle-economy.com","en","https://pbs.twimg.com/profile_banners/72345586/1508838599","http://abs.twimg.com/images/themes/theme1/bg.png","http://pbs.twimg.com/profile_images/922762075407110144/Pt7CJDeh_normal.jpg"
"x335841690","Triodos Bank","TriodosNL","Zeist","Dit is het officiële Twitteraccount van Triodos Bank Nederland. Wij zijn bereikbaar op werkdagen van 8.00 - 18.00 uur, ook op info@triodos.nl en 030 693 6511","http://t.co/hmswFhG8yV",FALSE,9300,791,132,6365,211,2011-07-15 09:58:03,TRUE,"http://t.co/hmswFhG8yV","http://www.triodos.nl","nl","https://pbs.twimg.com/profile_banners/335841690/1513066480","http://pbs.twimg.com/profile_background_images/879672963/df6ede14862e30d2b9d26b4c3bef6512.jpeg","http://pbs.twimg.com/profile_images/875743657701363712/Ttr0TUGM_normal.jpg"
"x219813262","Renske van Grinsven","R3nske","NL, Brazil, Sri Lanka, Califor","BIG IDEAS - BIG HEART. Co-create a more humane, innovative and resilient world by developing and connecting impactful change leaders around the world.",,FALSE,283,208,4,561,145,2010-11-25 23:27:29,FALSE,,,"nl","https://pbs.twimg.com/profile_banners/219813262/1447251925","http://pbs.twimg.com/profile_background_images/737464050/89da50c4b32e1ff7beca9e5eaf3f3e50.jpeg","http://pbs.twimg.com/profile_images/762877880380510208/YU7x2C-m_normal.jpg"
"x2516380070","Daan Eijwoudt","Eijwoudt","Amsterdam, Nederland","Sustainable partnerships @Triodos | #Diplohack fan | @GlobalShapersNL | Politics | Before: #Diplomat @DutchMFA #Qatar #Estonia | views=mine | RT#endorse","https://t.co/sNUlnRaDyU",FALSE,992,2454,75,5162,4211,2014-05-22 21:38:03,FALSE,"https://t.co/sNUlnRaDyU","http://nl.linkedin.com/in/daaneijwoudt/","nl","https://pbs.twimg.com/profile_banners/2516380070/1517255645","http://abs.twimg.com/images/themes/theme1/bg.png","http://pbs.twimg.com/profile_images/925321277425975296/4uEUXrgw_normal.jpg"
"x52089087","Kennisland","Kennisland","Nederland","Kennisland werkt aan maatschappelijke vernieuwing. We doen onderzoek, geven advies en ontwikkelen interventies voor een sterke kennissamenleving.","http://t.co/crHnSSMLjM",FALSE,4246,497,198,4034,421,2009-06-29 15:32:41,FALSE,"http://t.co/crHnSSMLjM","http://www.kl.nl","nl","https://pbs.twimg.com/profile_banners/52089087/1414490359","http://pbs.twimg.com/profile_background_images/529645172569559040/2s65FqHb.jpeg","http://pbs.twimg.com/profile_images/527036119871799297/9yu3bWfz_normal.jpeg"
"x3096819810","JOSIVANIA S FARIAS","FariasJosivania","Brasília, Brasil","Professora e Pesquisadora",,FALSE,54,248,4,1270,1264,2015-03-19 00:26:29,FALSE,,,"pt",,"http://abs.twimg.com/images/themes/theme13/bg.gif","http://pbs.twimg.com/profile_images/736027958721323010/q55gMhZx_normal.jpg"
"x131536498","Fernando Meirelles","fmei7777","Sao Paulo, Brazil","tentando entender","https://t.co/tYV6GkAr3K",FALSE,64378,44,285,2455,124,2010-04-10 15:28:31,TRUE,"https://t.co/tYV6GkAr3K","http://o2filmes.com","en","https://pbs.twimg.com/profile_banners/131536498/1477438396","http://abs.twimg.com/images/themes/theme1/bg.png","http://pbs.twimg.com/profile_images/791060607608971264/_SNVG4_O_normal.jpg"
"x50439517","Rachel Biderman","rachel_biderman","Brasil","Professora e Especialista em Sustentabilidade. Conectora. Teacher and Sustainability professional. Connector.",,FALSE,3115,2434,84,8151,1755,2009-06-24 21:04:43,FALSE,,,"en","https://pbs.twimg.com/profile_banners/50439517/1357329142","http://abs.twimg.com/images/themes/theme16/bg.gif","http://pbs.twimg.com/profile_images/378800000495251819/7ceba8175caade0f0472f5530349976e_normal.jpeg"
"x276535364","Alan Faleiro","Alan_Faleiro","Venâncio Aires","Um ser humano em construção | jornalista | sustentabilista progressista",,FALSE,260,306,0,722,767,2011-04-03 15:19:51,FALSE,,,"pt",,"http://abs.twimg.com/images/themes/theme15/bg.png","http://pbs.twimg.com/profile_images/858826537331822592/p75bShiB_normal.jpg"
"x299737042","Lyssandro Carlos","lysandrocarlos","Paulista, Brasil","Pode-se enganar a todos por algum tempo.Pode-se enganar alguns por todo o tempo. Mas n se pode enganar a todos todo o tempo..
https://t.co/EsNN2Gi3ve…",,FALSE,3404,40,11,90300,113195,2011-05-16 16:10:16,FALSE,,,"pt","https://pbs.twimg.com/profile_banners/299737042/1449363225","http://pbs.twimg.com/profile_background_images/673303947067662337/YZeduudN.jpg","http://pbs.twimg.com/profile_images/626553304328351744/FWEkzdhk_normal.jpg"
"x34180354","Alcinéa Cavalcante","alcinea","Macapá-Amapá","","http://t.co/LHtMjhrMXz",FALSE,10793,1509,121,72311,58,2009-04-22 04:19:54,FALSE,"http://t.co/LHtMjhrMXz","http://www.alcinea.com","pt",,"http://abs.twimg.com/images/themes/theme3/bg.gif","http://pbs.twimg.com/profile_images/658482750526238725/tr_cyzkg_normal.jpg"
"x3215541084","Moysés Pinto Neto","moysespintonet0","","Escreve aí: 'sou ninguém'","https://t.co/WrGnzu2QJ6",FALSE,2373,1238,33,8622,4012,2015-05-17 20:04:58,FALSE,"https://t.co/WrGnzu2QJ6","http://moysespintoneto.wordpress.com","pt","https://pbs.twimg.com/profile_banners/3215541084/1431893981","http://abs.twimg.com/images/themes/theme1/bg.png","http://pbs.twimg.com/profile_images/824616336684945408/4j6bHOxO_normal.jpg"
"x85327394","Randolfe Rodrigues","randolfeap","","Randolfe Rodrigues, 43.  Senador (Rede/AP). Historiador e mestre em política pública. Professor universitário. Foi deputado estadual por duas vezes.","https://t.co/a0lRRXENBp",FALSE,84578,914,439,21428,2406,2009-10-26 14:29:38,TRUE,"https://t.co/a0lRRXENBp","http://www.blogdorandolfe.com.br","pt","https://pbs.twimg.com/profile_banners/85327394/1511012235","http://pbs.twimg.com/profile_background_images/461164757844647937/IMRmwSME.png","http://pbs.twimg.com/profile_images/950383009630490624/OtxCm4Hg_normal.jpg"
"x133810737","IDS","IDS_Brasil","São Paulo","Instituto Democracia e Sustentabilidade: um fórum de debates de propostas e ideias para o século 21","https://t.co/Ogo8SMEcT9",FALSE,2609,570,49,3849,291,2010-04-16 17:53:56,FALSE,"https://t.co/Ogo8SMEcT9","http://www.idsbrasil.org","pt","https://pbs.twimg.com/profile_banners/133810737/1413488238","http://pbs.twimg.com/profile_background_images/99630582/ids_bg.gif","http://pbs.twimg.com/profile_images/828287104/LogoHorizontal_normal.jpg"
"x751054010979844096","Bruna Estrela","bruna_estrelaa","Recife","Se não tivesse amor, eu não seria nada. 1Coríntios 13:2 <f0><U+009F><U+0099><U+008F><f0><U+009F><U+0092><U+0097> || Insta: @bruna_estrelaa",,FALSE,602,572,1,9881,4187,2016-07-07 14:03:24,FALSE,,,"pt","https://pbs.twimg.com/profile_banners/751054010979844096/1522294576",,"http://pbs.twimg.com/profile_images/979200884516286464/XiZ_fCQH_normal.jpg"
"x68311653","Marcelo Coutinho","profcoutinho","Brasília -  Brasil","Professor de Relações Internacionais da UFRJ, Pesquisador da UnB, Escritor e Diretor do Observatório da Inteligência Artificial.","https://t.co/L5WH3m6yi9",FALSE,601,128,18,15137,907,2009-08-24 03:10:23,FALSE,"https://t.co/L5WH3m6yi9","http://professorcoutinho.com","pt",,"http://abs.twimg.com/images/themes/theme16/bg.gif","http://pbs.twimg.com/profile_images/914130108616724481/XOPGx0BQ_normal.jpg"
"x14907774","Gilberto Gil","gilbertogil","Brasil","Twitter oficial do cantor e compositor Gilberto Gil atualizado pela sua equipe de comunicação","http://t.co/AVWNhBhghW",FALSE,2498357,504,2745,13004,14554,2008-05-26 10:52:48,TRUE,"http://t.co/AVWNhBhghW","http://www.gilbertogil.com.br/","en","https://pbs.twimg.com/profile_banners/14907774/1520611159","http://pbs.twimg.com/profile_background_images/623241819296559104/iJRXcXYk.jpg","http://pbs.twimg.com/profile_images/967081993019195392/NrxD-hF0_normal.jpg"
"x21747892","Tasso Azevedo","tassoazevedo","Brasil","",,FALSE,4322,423,135,1217,15,2009-02-24 12:02:26,FALSE,,,"en",,"http://abs.twimg.com/images/themes/theme2/bg.gif","http://pbs.twimg.com/profile_images/1325758718/images_normal.jpg"
"x17871562","ISA","socioambiental","Brasil","O ISA é uma ONG que defende os povos indígenas, comunidades tradicionais, direitos humanos e meio ambiente para valorizar a diversidade socioambiental","http://t.co/Hu2tYvmV0V",FALSE,31753,816,554,7782,2140,2008-12-04 16:39:18,TRUE,"http://t.co/Hu2tYvmV0V","http://www.socioambiental.org","pt","https://pbs.twimg.com/profile_banners/17871562/1522252382","http://abs.twimg.com/images/themes/theme6/bg.gif","http://pbs.twimg.com/profile_images/979024828924604417/-Ay-eoHK_normal.jpg"
"x120753449","Pedro Ivo Batista","PedroIvoBatista","","",,FALSE,1166,471,16,3601,33,2010-03-07 12:48:09,FALSE,,,"pt",,"http://abs.twimg.com/images/themes/theme8/bg.gif","http://pbs.twimg.com/profile_images/737882011/twitter_normal.JPG"
"x35524446","Portal EcoDebate","ecodebate","Rio de Janeiro - RJ - Brasil","Portal de informações, artigos e notícias socioambientais","http://t.co/K3dgHKhAp4",FALSE,31206,108,556,64541,4,2009-04-26 18:16:07,FALSE,"http://t.co/K3dgHKhAp4","http://www.ecodebate.com.br","pt","https://pbs.twimg.com/profile_banners/35524446/1394238620","http://pbs.twimg.com/profile_background_images/37773233/IMAGE265.jpg","http://pbs.twimg.com/profile_images/1816458812/ecodebate200_normal.jpg"
"x156660483","Bicho Riveros","bichoriveros","Asunción, Paraguay","Lic. Adm de Empresas. Conductor de Radio y Tv. Contacto: info@bichoriveros.com","http://t.co/hQsFNnD48u",FALSE,210760,361,120,22963,4476,2010-06-17 14:57:30,TRUE,"http://t.co/hQsFNnD48u","http://www.bichoriveros.com","es","https://pbs.twimg.com/profile_banners/156660483/1483025951","http://pbs.twimg.com/profile_background_images/885113632/02880b701b3542a1386305065e703f08.jpeg","http://pbs.twimg.com/profile_images/814496109225766913/fbA5jmjC_normal.jpg"
"x2425735435","Gramo","gramoideas","Paraguay","Ideas que nos impulsan a la acción.","https://t.co/PzQl9lCzO9",FALSE,8116,236,21,4143,1729,2014-04-03 14:44:43,FALSE,"https://t.co/PzQl9lCzO9","http://gramo.co","es","https://pbs.twimg.com/profile_banners/2425735435/1521639088","http://pbs.twimg.com/profile_background_images/459413245292318720/QpcDo11G.png","http://pbs.twimg.com/profile_images/885606310938636289/khmQCrFo_normal.jpg"
"x255139147","Cl@F","Cl4f3r","Paraguay","1. El amor es mas grande que cualquier voluntad que exista. STVA!!!
2. Ing. Informática menos cuarto
3. IT CISCO
4. Adventure works <f0><U+009F><U+0098><U+0082> trail, bike, caver <f0><U+009F><U+0098><U+008E>","https://t.co/f0Xh3uC1ET",FALSE,198,775,23,8952,1127,2011-02-20 19:16:40,FALSE,"https://t.co/f0Xh3uC1ET","http://www.opendmind.info","es","https://pbs.twimg.com/profile_banners/255139147/1497280213","http://pbs.twimg.com/profile_background_images/566397203/nb3l2nle90ipuxp9ja56.jpeg","http://pbs.twimg.com/profile_images/874281761093636097/fhpyOiyQ_normal.jpg"
"x136366351","Alvaro Mendez","Aldamego","Paraguay","Tec.Seguridad Ocupacional e Higiene,  Jefe Seguridad Ind. COPETROL. Bombero Voluntario Combatiente CBVP, Olimpista de cuna y hasta despues de la muerte! #GH1S",,FALSE,872,1628,7,8193,438,2010-04-23 18:53:04,FALSE,,,"es","https://pbs.twimg.com/profile_banners/136366351/1364935727","http://abs.twimg.com/images/themes/theme2/bg.gif","http://pbs.twimg.com/profile_images/378800000806928169/7b020a33cf24e7435c3d20cf8c76c822_normal.jpeg"
"x340504235","Pame Gallagher","PameGallagher","","Chef wanabe y turista de la vida
Soñadora con complejo de wonder woman
creativa y con corazón de artista.
amo la lluvia, el cafe y el color amarillo.","https://t.co/pzLM3jfrzF",FALSE,431,444,4,6332,1910,2011-07-22 20:18:40,FALSE,"https://t.co/pzLM3jfrzF","http://m.facebook.com/profile.php?id=129324077137056&refid=13","es","https://pbs.twimg.com/profile_banners/340504235/1412351700","http://pbs.twimg.com/profile_background_images/518062343704432641/kJEnzule.jpeg","http://pbs.twimg.com/profile_images/921467633932922886/zRQxZ09s_normal.jpg"
"x116318623","Silvia Giménez","silviagimenezf","Paraguay","Imagina que loco ser feliz todos los días<U+2728> Live in dreams, sunday girl",,FALSE,512,403,1,7367,525,2010-02-22 01:25:51,FALSE,,,"es","https://pbs.twimg.com/profile_banners/116318623/1490759664","http://abs.twimg.com/images/themes/theme16/bg.gif","http://pbs.twimg.com/profile_images/910384995101003776/2uMBL66j_normal.jpg"
"x57128661","Bruno Defelippe","bdefelippe","Asunción, Paraguay","Emprendo @KogaImpactLab @SistemaB Py @LofficeCoWork. Apoyo @somosASEPY @TECHOpry @EnsenaxParaguay. Alumni @GlobalShaper del @WEF. Fellow @StanfordCDDRL @Ashoka","https://t.co/ShkXjx7mDu",FALSE,3697,1507,57,5592,7721,2009-07-15 20:34:12,FALSE,"https://t.co/ShkXjx7mDu","http://koga.com.py","es","https://pbs.twimg.com/profile_banners/57128661/1496585651","http://abs.twimg.com/images/themes/theme1/bg.png","http://pbs.twimg.com/profile_images/852694168812081153/Igz4nGd6_normal.jpg"
"x1403659478","Santiago Peña","SantiPenap","Paraguay","Paraguayo. Colorado. Economista. Ex Ministro de Hacienda.","https://t.co/1vOl2ZOQ18",FALSE,135331,415,76,8399,1798,2013-05-04 23:53:05,TRUE,"https://t.co/1vOl2ZOQ18","https://goo.gl/Rfex61","es","https://pbs.twimg.com/profile_banners/1403659478/1515185929","http://abs.twimg.com/images/themes/theme1/bg.png","http://pbs.twimg.com/profile_images/949383881203113984/yqF9NhSE_normal.jpg"
"x45953391","Alessandro Molon","alessandromolon","Rio de Janeiro - RJ","Uma honra ter sido escolhido o Melhor Deputado Federal do Brasil pelo Prêmio Congresso em Foco! Cumpro meu segundo mandato pelo RJ","https://t.co/3VaGNKi11Z",FALSE,201524,480,568,8266,225,2009-06-09 21:44:03,TRUE,"https://t.co/3VaGNKi11Z","http://www.molon.com.br","pt","https://pbs.twimg.com/profile_banners/45953391/1496842822","http://pbs.twimg.com/profile_background_images/686124648/9792e38d5bc844f678d08069c7445f4d.jpeg","http://pbs.twimg.com/profile_images/872174249389285378/REy4cBFq_normal.jpg"
"x14840606","Roda Viva","rodaviva","TV Cultura","No ar desde 1986, o Roda Viva é um dos mais tradicionais programas de entrevista da TV brasileira. Na @tvcultura, no YouTube e no aplicativo Cultura Digital.","https://t.co/0v3FHMKIWL",FALSE,636249,12,1818,3206,483,2008-05-20 02:05:44,TRUE,"https://t.co/0v3FHMKIWL","http://tvcultura.com.br/rodaviva","pt","https://pbs.twimg.com/profile_banners/14840606/1492458605","http://pbs.twimg.com/profile_background_images/246342186/bg-rodaviva.png","http://pbs.twimg.com/profile_images/781863584531873793/L57kWaLu_normal.jpg"
"x86768928","Marcele","Marcele_Silvano","Cabo Frio, RJ Brasil","Professora de História,Filosofia e Sociologia.",,FALSE,146,273,2,4863,48,2009-11-01 18:03:48,FALSE,,,"pt","https://pbs.twimg.com/profile_banners/86768928/1393619272","http://pbs.twimg.com/profile_background_images/255771238/OQAAAHwspb9wwP7ssdvWaD35YynHX8ZPVMGko5tX1C51TgAG83DnDcF294YEEAErAJ7u1AlTFN185pKx_FwgmGaaijYAm1T1UGYWMsjzpo6HYpqRX7VwRUNsuAs1.jpg","http://pbs.twimg.com/profile_images/439497088460525568/rfO7Ipkx_normal.jpeg"
"x158482123","Sérgio Pecci","outoforder88","São Paulo, Brasil","",,FALSE,9276,2704,263,625057,102323,2010-06-22 20:40:25,FALSE,,,"pt",,"http://pbs.twimg.com/profile_background_images/334263963/twilk_background_4e7a9de36c475.jpg","http://pbs.twimg.com/profile_images/965672745311899648/E9JFP1cp_normal.jpg"
"x500292529","Jonathas Rodrigues","JonathasRodrig9","Salvador - Ba","Muda Brasil!",,FALSE,68,606,0,823,5760,2012-02-23 00:27:59,FALSE,,,"pt","https://pbs.twimg.com/profile_banners/500292529/1376878889","http://abs.twimg.com/images/themes/theme6/bg.gif","http://pbs.twimg.com/profile_images/881277348649332737/JuaaMibZ_normal.jpg"
"x16976843","Raul Christiano","raulchristiano","Santos / SP / Brasil","Professor, poeta, jornalista, social democrata brasileiro.","https://t.co/wYZKxV4FXC",FALSE,8476,2037,241,46443,3524,2008-10-26 04:51:00,FALSE,"https://t.co/wYZKxV4FXC","http://www.raul.blog.br","pt","https://pbs.twimg.com/profile_banners/16976843/1431118423","http://abs.twimg.com/images/themes/theme1/bg.png","http://pbs.twimg.com/profile_images/950082668661702656/lcGFVHd9_normal.jpg"
"x2562113852","tome","tmsantos189","Mauá S Paulo Brasil","Bacharel em teologia, formando:  Pós Graduação em Filosofia Contemporânea e história: pensando no futuro da humanidade e querendo  meu país como um bom exemplo.",,FALSE,33,36,0,1897,35,2014-06-11 21:24:24,FALSE,,,"pt","https://pbs.twimg.com/profile_banners/2562113852/1486521009","http://abs.twimg.com/images/themes/theme1/bg.png","http://pbs.twimg.com/profile_images/849739397658542088/PDD8bJdp_normal.jpg"
"x52467382","Mariana Godoy","mariana_godoy","São Paulo, Brasil","alguém que não perde a esperança https://t.co/FThiTXGF4L",,FALSE,428236,514,2240,58972,4559,2009-06-30 18:02:12,TRUE,,,"en","https://pbs.twimg.com/profile_banners/52467382/1514062611","http://pbs.twimg.com/profile_background_images/656207562107408384/GwT8xpkT.jpg","http://pbs.twimg.com/profile_images/944673171948670977/sDaJjxc1_normal.jpg"
"x16814640","Míriam Leitao.com","MiriamLeitaoCom","","Jornalista, colunista de O Globo, comentarista da TV Globo, Globonews e CBN, escritora, autora do best-seller Saga Brasileira","http://t.co/JKUWGMQlyM",FALSE,2730333,258,6260,35656,3855,2008-10-16 21:31:04,TRUE,"http://t.co/JKUWGMQlyM","http://www.oglobo.com.br/miriam","en",,"http://pbs.twimg.com/profile_background_images/18248832/tarja_globo.gif","http://pbs.twimg.com/profile_images/2453175842/ffca9dh3bfl905j0scsq_normal.jpeg"
"x88711472","Matheus Leitão","Mleitaonetto","Brasília, Brasil","Journalist. Worked at Correio Braziliense, Época, iG and Folha de S.Paulo. UC Berkeley 2011/2012. Blogger for @G1. Author - Em Nome dos Pais","https://t.co/u5XlL9Tl1y",FALSE,23812,1088,285,12923,1754,2009-11-09 17:19:42,TRUE,"https://t.co/u5XlL9Tl1y","http://g1.globo.com/politica/blog/matheus-leitao/1.html","en","https://pbs.twimg.com/profile_banners/88711472/1496450261","http://pbs.twimg.com/profile_background_images/106500641/Vida_que_chega2.jpg","http://pbs.twimg.com/profile_images/934269222116524032/NEEMDGJH_normal.jpg"
"x115519533","Aliel Machado","alielmachado","Ponta Grossa, Paraná","Deputado Federal pelo Paraná","http://t.co/pk8UKl1dnC",FALSE,4826,935,71,5410,998,2010-02-18 23:09:00,TRUE,"http://t.co/pk8UKl1dnC","http://www.alielmachado.com.br","pt","https://pbs.twimg.com/profile_banners/115519533/1517615025","http://pbs.twimg.com/profile_background_images/488876397356527616/K7CJtB0n.jpeg","http://pbs.twimg.com/profile_images/765520186975875072/l0-unIid_normal.jpg"
"x161009444","Cidades Sustentáveis","cidsustentaveis","","Programa Cidades Sustentáveis busca mobilizar e oferecer ferramentas para que as cidades se desenvolvam de forma econômica, social e ambientalmente sustentável.","http://t.co/0otu30ddcN",FALSE,29961,774,320,6189,86,2010-06-29 18:55:44,FALSE,"http://t.co/0otu30ddcN","http://www.cidadessustentaveis.org.br","pt",,"http://pbs.twimg.com/profile_background_images/118053011/fundo_topo.gif","http://pbs.twimg.com/profile_images/2737741866/422a9c6841cb28a43aaa583b2fe2794e_normal.jpeg"
"x437898608","antonio sinesio da s","antoniosinesiod","Manaus, Amazonas","tecnico informatica",,FALSE,5,28,0,40,0,2011-12-15 23:43:53,FALSE,,,"pt","https://pbs.twimg.com/profile_banners/437898608/1466375926","http://abs.twimg.com/images/themes/theme1/bg.png","http://pbs.twimg.com/profile_images/717358498561015809/5pLLBJFD_normal.jpg"
"x3883907062","MobClimaBr","mobclima","Brazil","Twitter da Mobilização Mundial pelo Clima do dia 29 de novembro de 2015","http://t.co/khCqHQsc1T",FALSE,94,19,3,70,10,2015-10-06 20:56:53,FALSE,"http://t.co/khCqHQsc1T","http://www.mobilizacaopeloclima.com.br","en","https://pbs.twimg.com/profile_banners/3883907062/1444165452","http://abs.twimg.com/images/themes/theme1/bg.png","http://pbs.twimg.com/profile_images/651503406478151680/Ddx2rcOK_normal.jpg"
"x259840707","MP Federal","MPF_PGR","Brasília, DF","Perfil oficial da Procuradoria Geral da República para divulgação institucional. Leia a Política de Convivência da PGR no Twitter: http://t.co/YQno0Tp8sn","https://t.co/z2xqEkxCS9",FALSE,278110,296,798,26706,1622,2011-03-02 18:13:21,TRUE,"https://t.co/z2xqEkxCS9","http://www.mpf.mp.br/pgr","pt","https://pbs.twimg.com/profile_banners/259840707/1515430179","http://pbs.twimg.com/profile_background_images/378800000135335419/Q5BtP2AV.jpeg","http://pbs.twimg.com/profile_images/950407716970876928/wVaK5Uxr_normal.jpg"
"x383359690","Uma Gota no Oceano","UmaGotaNoOceano","Brasil","Transformando indignação em ação. Por um mundo consciente, inteligente e solidário.","https://t.co/tj72X8r7LS",FALSE,10358,1069,119,6312,3565,2011-10-01 18:53:43,FALSE,"https://t.co/tj72X8r7LS","http://www.umagotanooceano.org","pt","https://pbs.twimg.com/profile_banners/383359690/1521814545","http://abs.twimg.com/images/themes/theme5/bg.gif","http://pbs.twimg.com/profile_images/976839720515854338/kshTFxac_normal.jpg"
"x252652668","Maurício Leal","Juscidade","Belém-Pará-Brasil","Pai do Marcos Davi, Noivo da Mayara, Advogado (OAB/PA 7771), Prof. Faculdade de Direito - UFPA. <U+2649><U+FE0F>",,FALSE,1248,2621,17,28031,20441,2011-02-15 16:45:57,FALSE,,,"pt","https://pbs.twimg.com/profile_banners/252652668/1484868883","http://pbs.twimg.com/profile_background_images/561913843165560832/HEvHY6ZJ.jpeg","http://pbs.twimg.com/profile_images/875078307447963649/gPlDhN8H_normal.jpg"
"x87021796","Erika Kokay","erikakokay","Brasil, Distrito Federal","Deputada Federal, bancária, psicóloga, sindicalista e presidenta do Partido dos Trabalhadores do Distrito Federal (PT-DF). https://t.co/iuyqy3CL0w","https://t.co/VPwmugtwLX",FALSE,36899,953,317,19114,3759,2009-11-02 20:35:47,TRUE,"https://t.co/VPwmugtwLX","http://www.erikakokay.com.br/","pt","https://pbs.twimg.com/profile_banners/87021796/1520604783","http://pbs.twimg.com/profile_background_images/473557895770939392/GiPG4q6T.png","http://pbs.twimg.com/profile_images/973256107308220418/fav82dew_normal.jpg"
"x134610796","Suzana GuaraniKaiowá","sudornelles","porto alegre","gaúcha,socialista,colorada e feliz. Alcançar a estrela inatingível: Essa é a minha busca",,FALSE,4075,947,57,171390,43472,2010-04-18 23:32:22,FALSE,,,"pt","https://pbs.twimg.com/profile_banners/134610796/1521083007","http://abs.twimg.com/images/themes/theme4/bg.gif","http://pbs.twimg.com/profile_images/813090151853330433/UKG8fhuC_normal.jpg"
"x234398308","Eliane Brum","brumelianebrum","São Paulo, Brasil","MARIELLE, PRESENTE!","https://t.co/Bg5lOB1Fn6",FALSE,179873,380,876,12718,6467,2011-01-05 15:24:54,FALSE,"https://t.co/Bg5lOB1Fn6","https://www.facebook.com/brumelianebrum/","pt","https://pbs.twimg.com/profile_banners/234398308/1515292838","http://abs.twimg.com/images/themes/theme1/bg.png","http://pbs.twimg.com/profile_images/604775644086583296/cmg8I8Na_normal.jpg"
"x964201530","goldoni-kaiowá","rubia_goldoni","","Literary translator and secret poet.",,FALSE,450,458,5,10224,7608,2012-11-22 12:54:22,FALSE,,,"pt","https://pbs.twimg.com/profile_banners/964201530/1522003703","http://abs.twimg.com/images/themes/theme1/bg.png","http://pbs.twimg.com/profile_images/977689912794386432/PhYkuiFI_normal.jpg"
"x57076288","André  Anzolin","PerezAndre","Porto Alegre","",,FALSE,47,43,0,239,0,2009-07-15 17:22:03,FALSE,,,"en",,"http://abs.twimg.com/images/themes/theme5/bg.gif","http://pbs.twimg.com/profile_images/2448905238/c58l1yjlng4f36s28al3_normal.jpeg"
"x15813125","Douglas Ciriaco","dciriaco","","(((loucura, chiclete e som)))","https://t.co/C0olQxyyLP",FALSE,690,395,24,24574,13564,2008-08-11 20:07:04,FALSE,"https://t.co/C0olQxyyLP","http://tecmundo.com.br","pt","https://pbs.twimg.com/profile_banners/15813125/1496258029","http://pbs.twimg.com/profile_background_images/582629587/zvty317mbafm7n5sotgf.jpeg","http://pbs.twimg.com/profile_images/861738339866746881/ksOcxnrr_normal.jpg"
"x18023582","Povos Indígenas","povosindigenas","Brasil","Notícias e informações sobre os povos indígenas no Brasil. Programa Povos Indígenas no Brasil do Instituto @Socioambiental (ISA) - No FB: https://t.co/BWnfpFenZr","https://t.co/FCo95Xl9WV",FALSE,12188,300,267,3120,223,2008-12-10 16:55:09,FALSE,"https://t.co/FCo95Xl9WV","http://pib.socioambiental.org","pt",,"http://pbs.twimg.com/profile_background_images/5204164/bgpib.jpg","http://pbs.twimg.com/profile_images/586232184131813376/9LZB8oOc_normal.png"
"x600488374","oliveira","LotusMaio","","",,FALSE,51,136,1,818,1917,2012-06-05 22:52:48,FALSE,,,"pt","https://pbs.twimg.com/profile_banners/600488374/1506976971","http://abs.twimg.com/images/themes/theme1/bg.png","http://pbs.twimg.com/profile_images/914953838087598080/JOSI747p_normal.jpg"
"x204082998","Marcia Pereira","MarciaPereiraRP","Ribeirão Preto, Brasil","Crítica e reflexiva. Apreciadora do bom e do belo. Em busca do bem. #Integridade #Etica #Cidadania. Radicalismo e extremismo são patologias.","https://t.co/Gjqvl6zqhB",FALSE,437,237,38,52232,48620,2010-10-17 21:53:34,FALSE,"https://t.co/Gjqvl6zqhB","https://www.mpcompliance.com.br","pt","https://pbs.twimg.com/profile_banners/204082998/1515369207","http://abs.twimg.com/images/themes/theme18/bg.gif","http://pbs.twimg.com/profile_images/950153203571724288/aJU2ic-6_normal.jpg"
"x62541719","Mauro Catanzaro","maurocatanzaro","São Paulo","","http://t.co/bx90KDOHoT",FALSE,205,163,6,972,18,2009-08-03 15:37:23,FALSE,"http://t.co/bx90KDOHoT","http://www.catanzaroadvogados.com.br","en",,"http://abs.twimg.com/images/themes/theme1/bg.png","http://pbs.twimg.com/profile_images/1079942794/perfil_normal.jpg"
"x194593855","Alejandra Rossi","AlejaRossi","Salvador de Bahia, Brasil","Jornalista. Curiosa, cultivadora de Alegria, boa Música e da Boa Vida.",,FALSE,168,479,2,2478,34,2010-09-24 14:34:05,FALSE,,,"es",,"http://abs.twimg.com/images/themes/theme10/bg.gif","http://pbs.twimg.com/profile_images/1130312382/Ojito_normal.jpg"
"x65454115","Amazonia.org.br","AmazoniaOrg","Brasil","Twitter oficial do site http://t.co/WfYwB3ri2F","http://t.co/ncnBJJzePg",FALSE,13431,211,304,2329,84,2009-08-13 20:06:50,FALSE,"http://t.co/ncnBJJzePg","http://www.amazonia.org.br","pt",,"http://pbs.twimg.com/profile_background_images/29217735/twitter1.jpg","http://pbs.twimg.com/profile_images/361110639/73028_alta_normal.jpg"
"x2704725908","Climax Brasil","climaxbra","Brasil","Coletivo de pessoas comuns, cheias de disposição, que atua criativa e divertidamente, fazendo mágica para tirar as mudanças climáticas do armário no Brasil.","https://t.co/J01Bj0W1bm",FALSE,481,801,11,3046,402,2014-08-03 19:18:08,FALSE,"https://t.co/J01Bj0W1bm","http://www.climaxbrasil.org","pt","https://pbs.twimg.com/profile_banners/2704725908/1509917613","http://abs.twimg.com/images/themes/theme1/bg.png","http://pbs.twimg.com/profile_images/708740986218930178/6tPgvPWB_normal.jpg"
"x3438002775","EmDefesaDosTerritori","Comitemineracao","","",,FALSE,245,361,4,583,231,2015-08-24 14:50:00,FALSE,,,"pt","https://pbs.twimg.com/profile_banners/3438002775/1480683894","http://abs.twimg.com/images/themes/theme1/bg.png","http://pbs.twimg.com/profile_images/792362274761637888/4pHeCxLW_normal.jpg"
"x53464539","Suelen Ferreira","Ferreira_Suh","Brasil","","https://t.co/IX5XZg5dsm",FALSE,928,722,25,12766,961,2009-07-03 18:47:59,FALSE,"https://t.co/IX5XZg5dsm","https://instagram.com/suferreirah/","pt","https://pbs.twimg.com/profile_banners/53464539/1389658691","http://pbs.twimg.com/profile_background_images/346129204/quadrofotos4e985b2829f0.jpg","http://pbs.twimg.com/profile_images/719959783848210432/uuTcRdOm_normal.jpg"
"x61790599","LuizDumontMontandon","LuizDumont","Balnaerio Camboriu SC Brazil","","https://t.co/ayebDmmG8V",FALSE,346,366,40,20756,5820,2009-07-31 15:06:20,FALSE,"https://t.co/ayebDmmG8V","https://twitter.com/LuizDumont","en","https://pbs.twimg.com/profile_banners/61790599/1473930517","http://pbs.twimg.com/profile_background_images/27641774/Logo2.jpg","http://pbs.twimg.com/profile_images/899794319426584576/VT2UCWZX_normal.jpg"
"x68469311","Dudu O. Alarmista","henyobarretto","Brasília, DF, Brasil","#Somostudooquenãopresta",,FALSE,1483,682,35,22790,9413,2009-08-24 18:05:20,FALSE,,,"pt","https://pbs.twimg.com/profile_banners/68469311/1521084406","http://pbs.twimg.com/profile_background_images/444924984691937280/5AsDFllM.jpeg","http://pbs.twimg.com/profile_images/933400482147598336/3ITcfwxW_normal.jpg"
"x394966018","Kauano Miranda","K_Miranda7","Na Linha do Equador","OI",,FALSE,3687,3480,2,5815,6022,2011-10-20 22:25:54,FALSE,,,"pt","https://pbs.twimg.com/profile_banners/394966018/1518552409","http://pbs.twimg.com/profile_background_images/613729217587580928/on3YXPJs.jpg","http://pbs.twimg.com/profile_images/963501647971405825/CrFVK3Qs_normal.jpg"
"x167836092","Prof Alexandre Costa","alexaraujoc","Fortaleza-CE, Brasil","Climate scientist, Professor at UECE","http://t.co/j352BVmX",FALSE,4126,658,73,29636,5549,2010-07-17 16:55:19,FALSE,"http://t.co/j352BVmX","http://oquevocefariasesoubesse.blogspot.com.br/","pt","https://pbs.twimg.com/profile_banners/167836092/1521648852","http://pbs.twimg.com/profile_background_images/124612403/nuvens.jpg","http://pbs.twimg.com/profile_images/978978195427987456/LWVnDLJE_normal.jpg"
"x365062095","Blair","oieunicornio","","021-
Eu não ligo pro que vocês pensam de mim <f0><U+009F><U+008E><U+0088>",,FALSE,1002,345,9,50543,13997,2011-08-30 20:05:46,FALSE,,,"pt","https://pbs.twimg.com/profile_banners/365062095/1489627157","http://pbs.twimg.com/profile_background_images/534462253169246208/7KwHkpOL.jpeg","http://pbs.twimg.com/profile_images/976591301557792768/dMH6UE2-_normal.jpg"
"x90213598","Paul Crastinator","paulomgr","Brazil","amanhã eu me descrevo","https://t.co/PPIezO88FL",FALSE,390,638,8,25439,1241,2009-11-15 18:13:23,FALSE,"https://t.co/PPIezO88FL","http://aqueleinvasor.tumblr.com/","en","https://pbs.twimg.com/profile_banners/90213598/1403573974","http://pbs.twimg.com/profile_background_images/78568863/Twitter_back04.jpg","http://pbs.twimg.com/profile_images/937872833102958592/_aemanER_normal.jpg"
"x162775975","Janete Melo","janetelimelo","Fortaleza","Geógrafa - Socioambientalista","https://t.co/OcWS9brdsP",FALSE,1391,866,26,33919,983,2010-07-04 17:01:49,FALSE,"https://t.co/OcWS9brdsP","http://www.observatoriosocioambiental.org","pt","https://pbs.twimg.com/profile_banners/162775975/1502071811","http://pbs.twimg.com/profile_background_images/616071660358234112/Iy33gQYf.jpg","http://pbs.twimg.com/profile_images/930892154385326080/nRQz43u5_normal.jpg"
"x1942676054",".","Sempre_querida","Maripá, Paraná","Hoje muitos choram mas não desistem de viver <U+266A><U+266A>",,FALSE,1593,1101,0,14115,4912,2013-10-07 02:15:38,FALSE,,,"pt","https://pbs.twimg.com/profile_banners/1942676054/1448413609","http://pbs.twimg.com/profile_background_images/524373765174480897/osCjseXb.jpeg","http://pbs.twimg.com/profile_images/674616736444977153/QPN1kEBS_normal.jpg"
"x343849436","coletivoestação","coletivoestacao","","",,FALSE,113,124,0,3280,8,2011-07-28 05:14:45,FALSE,,,"pt",,"http://pbs.twimg.com/profile_background_images/623574860/32qmcuc0w2k7m53wctw4.jpeg","http://pbs.twimg.com/profile_images/1466967161/coletivo_estacao_normal.jpg"
"x56908241","Amilton Rosa de Lima","a1000tonLima","Uberlândia","",,FALSE,414,416,5,3797,1058,2009-07-15 03:14:28,FALSE,,,"pt",,"http://pbs.twimg.com/profile_background_images/49908097/mario.jpg","http://pbs.twimg.com/profile_images/872278811206967296/eKF7M-Vv_normal.jpg"
"x140851761","Lívia Portela","liviafportela","João Pessoa, Paraíba","É verdade, meu mundo não é cor-de-rosa, ando com pés descalços e teimo em querer voar. Mas que sinal de grande loucura há mesmo nisso?","http://t.co/Ls8hrhiFqu",FALSE,238,592,1,5419,150,2010-05-06 14:37:15,FALSE,"http://t.co/Ls8hrhiFqu","http://meumundodasletras.blogspot.com","pt","https://pbs.twimg.com/profile_banners/140851761/1401816379","http://pbs.twimg.com/profile_background_images/263222256/dw.JPG","http://pbs.twimg.com/profile_images/649059426293313536/74QW8dXD_normal.png"
"x2159667458","Malu Regina Nogueira","maluregina925","Sabará,Minas Gerais","Confira
tudo
que
respira
conspira
P.Leminski",,FALSE,919,659,34,25169,11426,2013-10-27 21:33:05,FALSE,,,"pt","https://pbs.twimg.com/profile_banners/2159667458/1519341386","http://pbs.twimg.com/profile_background_images/696785424266698752/ZP8sd_3c.jpg","http://pbs.twimg.com/profile_images/974338604896894976/0xDEMG2z_normal.jpg"
"x70887911","Pádua GuaraniKaiowá","paduafernandes","Brasil","Fora do pacto de Jucá.","http://t.co/uirNd12R7y",FALSE,2482,878,86,120369,8936,2009-09-02 05:05:30,FALSE,"http://t.co/uirNd12R7y","http://opalcoeomundo.blogspot.com","fr","https://pbs.twimg.com/profile_banners/70887911/1495227167","http://pbs.twimg.com/profile_background_images/416279317/a7b3ee4b-da4d-43eb-bade-17146730651d.jpg","http://pbs.twimg.com/profile_images/865062051735117824/aaCfeYyj_normal.jpg"
"x110522807","Chico Alencar","depChicoAlencar","Rio de Janeiro","Professor que sempre aprende, escritor ainda sendo alfabetizado na escola da vida, dep. federal (PSOL/RJ) até 2018 por decisão de 195.964 pessoas. Vamos juntos!","https://t.co/inrnNKukMO",FALSE,140156,366,1123,26686,976,2010-02-01 21:13:54,TRUE,"https://t.co/inrnNKukMO","http://www.chicoalencar.com.br","pt","https://pbs.twimg.com/profile_banners/110522807/1506892334","http://pbs.twimg.com/profile_background_images/700332654470819841/tvssgSmR.jpg","http://pbs.twimg.com/profile_images/974986343737626624/1-YCffek_normal.jpg"
"x138492825","Comissão Pró-Índio","proindio","São Paulo","Fundada em 1978, atua com índios e quilombolas para garantir seus direitos territoriais, culturais e políticos.","https://t.co/GuD1d48R5v",FALSE,3904,753,90,11280,4971,2010-04-29 18:06:01,FALSE,"https://t.co/GuD1d48R5v","http://comissaoproindio.blogspot.com/","pt","https://pbs.twimg.com/profile_banners/138492825/1518385229","http://pbs.twimg.com/profile_background_images/476853365217832960/I2X54Zsn.jpeg","http://pbs.twimg.com/profile_images/619925713270013953/2zRAYX2u_normal.png"
"x4025145502","Worcester","natybiond","","espírito livre, eu sou, da mata sagrada, hey, respeita o sotaque","https://t.co/3fOJveiS6J",FALSE,486,179,0,2705,7000,2015-10-23 15:33:26,FALSE,"https://t.co/3fOJveiS6J","https://ladyganjawd.tumblr.com/","pt","https://pbs.twimg.com/profile_banners/4025145502/1517789314","http://abs.twimg.com/images/themes/theme1/bg.png","http://pbs.twimg.com/profile_images/977005897842077696/eMDK2gwR_normal.jpg"
"x33877792","Carla Ninos","carlaninos","Cuiabá, Mato Grosso","Jornalista, militante pelos direitos humanos, idealista, sonhadora e amante dos animais.",,FALSE,410,291,5,9634,425,2009-04-21 11:37:01,FALSE,,,"pt","https://pbs.twimg.com/profile_banners/33877792/1468418878","http://pbs.twimg.com/profile_background_images/543022093059633155/UFA-h00P.jpeg","http://pbs.twimg.com/profile_images/865264821763231746/UOQDIRlj_normal.jpg"
"x87752872","Dyoliver","Dyoliver","RJ- BR","Jornalista com diploma.
Oi, eu sou a Dory. Sofro de perda de memória recente. 

Os Tontos Não Vão Ao Céu.","https://t.co/oRsb8FJVrQ",FALSE,664,231,8,15660,8648,2009-11-05 18:42:08,FALSE,"https://t.co/oRsb8FJVrQ","http://www.sobretv.com.br","pt","https://pbs.twimg.com/profile_banners/87752872/1454177421","http://pbs.twimg.com/profile_background_images/444687642077061121/g2yG7NFw.jpeg","http://pbs.twimg.com/profile_images/808873514803544064/Cnb3H8ig_normal.jpg"
"x102834953","Nanci Silva","Nanci_Silva","Brasil","Ser que se constrói e reconstrói nas tramas da vida.",,FALSE,384,230,3,1743,4322,2010-01-08 00:33:15,FALSE,,,"es","https://pbs.twimg.com/profile_banners/102834953/1491435760","http://abs.twimg.com/images/themes/theme16/bg.gif","http://pbs.twimg.com/profile_images/925462423913553921/7gTm9tn1_normal.jpg"
"x36028306","Roberta Couto","Robcouto","Rio de Janeiro, Brasil","","https://t.co/v8riX0CRMV",FALSE,21,65,3,60,241,2009-04-28 09:31:55,FALSE,"https://t.co/v8riX0CRMV","http://umagotanooceano.org/","en",,"http://abs.twimg.com/images/themes/theme1/bg.png","http://pbs.twimg.com/profile_images/595615268296138752/e_QefSjy_normal.jpg"
"x2391150655","Higor Sturião","HigorSturiao","Clouds","",,FALSE,31,239,1,151,256,2014-03-15 14:48:41,FALSE,,,"pt","https://pbs.twimg.com/profile_banners/2391150655/1431994813","http://pbs.twimg.com/profile_background_images/444898789485056000/Ox5hUkkE.jpeg","http://pbs.twimg.com/profile_images/752295876240998400/p5sa-agT_normal.jpg"
"x133134247","Ricardo Leinig","RLeinig","","",,FALSE,96,289,1,2577,6,2010-04-15 03:08:21,FALSE,,,"pt",,"http://abs.twimg.com/images/themes/theme1/bg.png","http://pbs.twimg.com/profile_images/561114091679268865/tKv4d1Kg_normal.jpeg"
"x387688609","gatinho rabugento <f0><U+009F><U+008D><U+0080>","saucedgirl","Paraíba, Brasil","Love is loudest. <f0><U+009F><U+008C><U+00B9>",,FALSE,4239,904,27,58846,6545,2011-10-09 14:07:43,FALSE,,,"pt","https://pbs.twimg.com/profile_banners/387688609/1517356122","http://pbs.twimg.com/profile_background_images/462276129672286208/Z9eFbq3z.jpeg","http://pbs.twimg.com/profile_images/976269830633422848/2khd5hv6_normal.jpg"
"x47495939","Destruidora mesmo","pedrolapera","Rio de Janeiro, Brasil","Freud me explicaria. Mas ele morreu e eu me fodi.","https://t.co/ZcjlfjHZ3F",FALSE,7864,272,165,142625,927,2009-06-16 00:50:31,FALSE,"https://t.co/ZcjlfjHZ3F","https://bn.academia.edu/PedroLapera","pt","https://pbs.twimg.com/profile_banners/47495939/1512786303","http://pbs.twimg.com/profile_background_images/18280716/A_Escada_Rodtchenko_-_1930.jpg","http://pbs.twimg.com/profile_images/940359235153612806/ckV2YK6k_normal.jpg"
"x1967789664","FranciscoAlexandre","prof_xico","Natal, Brasil/Brazil","Professor - Universidade Federal do Rio Grande do Norte https://t.co/2LE7fPAn7z","https://t.co/aqfiGG2LjI",FALSE,1081,1469,86,45785,20459,2013-10-18 00:18:27,FALSE,"https://t.co/aqfiGG2LjI","http://www.sigaa.ufrn.br/sigaa/public/docente/portal.jsf?siape=1174332","pt","https://pbs.twimg.com/profile_banners/1967789664/1518788801","http://abs.twimg.com/images/themes/theme11/bg.gif","http://pbs.twimg.com/profile_images/813701522282414080/fuTzM2W2_normal.jpg"
